Protein	Protein ID	Entry Name	Gene	Protein Length	Organism	Protein Existence	Description	Protein Probability	Top Peptide Probability	Combined Total Peptides	Combined Spectral Count	Combined Unique Spectral Count	Combined Total Spectral Count	UL_1 Spectral Count	UL_2 Spectral Count	UL_3 Spectral Count	rGAL_1 Spectral Count	rGAL_2 Spectral Count	rGAL_3 Spectral Count	UL_1 Unique Spectral Count	UL_2 Unique Spectral Count	UL_3 Unique Spectral Count	rGAL_1 Unique Spectral Count	rGAL_2 Unique Spectral Count	rGAL_3 Unique Spectral Count	UL_1 Total Spectral Count	UL_2 Total Spectral Count	UL_3 Total Spectral Count	rGAL_1 Total Spectral Count	rGAL_2 Total Spectral Count	rGAL_3 Total Spectral Count	UL_1 Intensity	UL_2 Intensity	UL_3 Intensity	rGAL_1 Intensity	rGAL_2 Intensity	rGAL_3 Intensity	UL_1 MaxLFQ Intensity	UL_2 MaxLFQ Intensity	UL_3 MaxLFQ Intensity	rGAL_1 MaxLFQ Intensity	rGAL_2 MaxLFQ Intensity	rGAL_3 MaxLFQ Intensity	Indistinguishable Proteins
sp|A0A2R8Y4L2|RA1L3_HUMAN	A0A2R8Y4L2	RA1L3_HUMAN	HNRNPA1L3	320	Homo sapiens	1:Experimental evidence at protein level	Heterogeneous nuclear ribonucleoprotein A1-like 3	1.0	0.9986	2	15	0	15	2	4	2	2	4	1	0	0	0	0	0	0	2	4	2	2	4	1	36590.27	46329.414	29731.291	21000.035	20205.906	39386.395	36590.27	31134.688	29731.291	21000.035	20205.906	39386.395	sp|P09651|ROA1_HUMAN, sp|Q32P51|RA1L2_HUMAN
sp|A0A8I5KQE6|RPSA2_HUMAN	A0A8I5KQE6	RPSA2_HUMAN	RPSA2	295	Homo sapiens	1:Experimental evidence at protein level	Small ribosomal subunit protein uS2B	0.9813	0.999	1	3	0	3	1	0	0	0	0	2	0	0	0	0	0	0	1	0	0	0	0	2	18043.158	0.0	0.0	0.0	0.0	22432.324	18043.158	0.0	0.0	0.0	0.0	22432.324	sp|P08865|RSSA_HUMAN
sp|A5YKK6|CNOT1_HUMAN	A5YKK6	CNOT1_HUMAN	CNOT1	2376	Homo sapiens	1:Experimental evidence at protein level	CCR4-NOT transcription complex subunit 1	0.999	0.9965	1	1	1	1	1	0	0	0	0	0	1	0	0	0	0	0	1	0	0	0	0	0	14307.658	0.0	0.0	0.0	0.0	0.0	0.0	0.0	0.0	0.0	0.0	0.0	
sp|A8MYJ7|TTC34_HUMAN	A8MYJ7	TTC34_HUMAN	TTC34	566	Homo sapiens	1:Experimental evidence at protein level	Tetratricopeptide repeat protein 34	0.9958	0.9632	1	12	12	12	3	3	0	1	1	4	3	3	0	1	1	4	3	3	0	1	1	4	11967.092	1518.7483	0.0	0.0	6199.0454	413636.22	15462.323	1962.3295	0.0	0.0	8009.602	141127.83	
sp|B0I1T2|MYO1G_HUMAN	B0I1T2	MYO1G_HUMAN	MYO1G	1018	Homo sapiens	1:Experimental evidence at protein level	Unconventional myosin-Ig	1.0	0.9986	7	24	24	24	5	3	6	3	3	4	5	3	6	3	3	4	5	3	6	3	3	4	124119.11	83224.86	140086.97	44395.836	95715.66	98057.27	69840.75	42386.28	43662.027	44478.016	51293.01	43470.117	
sp|B9A064|IGLL5_HUMAN	B9A064	IGLL5_HUMAN	IGLL5	214	Homo sapiens	1:Experimental evidence at protein level	Immunoglobulin lambda-like polypeptide 5	1.0	0.999	2	7	0	7	1	0	0	0	0	6	0	0	0	0	0	0	1	0	0	0	0	6	9118.802	0.0	0.0	0.0	0.0	33123.887	0.0	0.0	0.0	0.0	0.0	0.0	
sp|E9PRG8|CK098_HUMAN	E9PRG8	CK098_HUMAN	C11orf98	123	Homo sapiens	1:Experimental evidence at protein level	Uncharacterized protein C11orf98	1.0	0.999	3	17	17	17	1	1	2	3	5	5	1	1	2	3	5	5	1	1	2	3	5	5	66142.766	65742.24	68731.984	80518.28	85072.0	113615.69	66142.766	65742.24	52748.176	64894.707	65489.94	67845.02	
sp|O00139|KIF2A_HUMAN	O00139	KIF2A_HUMAN	KIF2A	706	Homo sapiens	1:Experimental evidence at protein level	Kinesin-like protein KIF2A	0.7262	0.9804	1	3	3	3	2	0	0	0	0	1	2	0	0	0	0	1	2	0	0	0	0	1	18730.695	0.0	0.0	0.0	0.0	9665.297	18730.695	0.0	0.0	0.0	0.0	9665.297	
sp|O00203|AP3B1_HUMAN	O00203	AP3B1_HUMAN	AP3B1	1094	Homo sapiens	1:Experimental evidence at protein level	AP-3 complex subunit beta-1	1.0	0.9987	2	15	15	15	2	4	1	3	2	3	2	4	1	3	2	3	2	4	1	3	2	3	32440.27	31477.463	23071.113	25863.34	15027.124	16340.512	20799.062	31477.463	23071.113	25863.34	15027.124	16340.512	
sp|O00231|PSD11_HUMAN	O00231	PSD11_HUMAN	PSMD11	422	Homo sapiens	1:Experimental evidence at protein level	26S proteasome non-ATPase regulatory subunit 11	0.7428	0.982	1	1	1	1	0	1	0	0	0	0	0	1	0	0	0	0	0	1	0	0	0	0	0.0	11034.868	0.0	0.0	0.0	0.0	0.0	0.0	0.0	0.0	0.0	0.0	
sp|O00303|EIF3F_HUMAN	O00303	EIF3F_HUMAN	EIF3F	357	Homo sapiens	1:Experimental evidence at protein level	Eukaryotic translation initiation factor 3 subunit F	0.9695	0.9983	1	1	1	1	0	0	0	0	0	1	0	0	0	0	0	1	0	0	0	0	0	1	0.0	0.0	0.0	0.0	0.0	15131.128	0.0	0.0	0.0	0.0	0.0	0.0	
sp|O00330|ODPX_HUMAN	O00330	ODPX_HUMAN	PDHX	501	Homo sapiens	1:Experimental evidence at protein level	Pyruvate dehydrogenase protein X component, mitochondrial	0.884	0.9931	1	3	3	3	1	1	0	1	0	0	1	1	0	1	0	0	1	1	0	1	0	0	29174.85	35355.68	0.0	34341.656	0.0	0.0	29174.85	35355.68	0.0	34341.656	0.0	0.0	
sp|O00410|IPO5_HUMAN	O00410	IPO5_HUMAN	IPO5	1097	Homo sapiens	1:Experimental evidence at protein level	Importin-5	1.0	0.999	1	5	5	5	2	0	1	0	1	1	2	0	1	0	1	1	2	0	1	0	1	1	13855.977	0.0	6973.4736	0.0	0.0	6791.2275	8472.5625	0.0	6973.4736	0.0	0.0	6791.2275	
sp|O00505|IMA4_HUMAN	O00505	IMA4_HUMAN	KPNA3	521	Homo sapiens	1:Experimental evidence at protein level	Importin subunit alpha-4	0.8895	0.9935	1	6	6	6	1	1	0	1	2	1	1	1	0	1	2	1	1	1	0	1	2	1	43485.82	32163.947	0.0	0.0	51579.875	44594.848	43485.82	32163.947	0.0	0.0	51579.875	44594.848	
sp|O00541|PESC_HUMAN	O00541	PESC_HUMAN	PES1	588	Homo sapiens	1:Experimental evidence at protein level	Pescadillo homolog	1.0	0.9932	2	2	2	2	2	0	0	0	0	0	2	0	0	0	0	0	2	0	0	0	0	0	60182.805	0.0	0.0	0.0	0.0	0.0	0.0	0.0	0.0	0.0	0.0	0.0	
sp|O00560|SDCB1_HUMAN	O00560	SDCB1_HUMAN	SDCBP	298	Homo sapiens	1:Experimental evidence at protein level	Syntenin-1	0.7411	0.9818	1	2	2	2	1	0	0	0	0	1	1	0	0	0	0	1	1	0	0	0	0	1	15134.451	0.0	0.0	0.0	0.0	7626.7114	15134.451	0.0	0.0	0.0	0.0	7626.7114	
sp|O00567|NOP56_HUMAN	O00567	NOP56_HUMAN	NOP56	594	Homo sapiens	1:Experimental evidence at protein level	Nucleolar protein 56	1.0	0.999	5	13	13	13	1	1	3	1	4	3	1	1	3	1	4	3	1	1	3	1	4	3	29914.234	29642.232	84674.03	27750.697	52956.168	56196.74	23091.453	22881.49	40957.277	35951.168	48855.55	31090.504	
sp|O00571|DDX3X_HUMAN	O00571	DDX3X_HUMAN	DDX3X	662	Homo sapiens	1:Experimental evidence at protein level	ATP-dependent RNA helicase DDX3X	1.0	0.999	6	15	13	18	3	2	3	1	4	2	3	2	2	1	4	1	4	3	3	2	4	2	49155.188	35758.05	47722.242	31184.805	21996.33	47559.773	41552.027	35758.05	33680.26	31184.805	21996.33	37164.56	
sp|O14617|AP3D1_HUMAN	O14617	AP3D1_HUMAN	AP3D1	1153	Homo sapiens	1:Experimental evidence at protein level	AP-3 complex subunit delta-1	1.0	0.999	8	42	42	42	11	5	9	2	5	10	11	5	9	2	5	10	11	5	9	2	5	10	197120.55	185262.78	231789.94	80153.88	68472.586	169338.14	65569.89	60511.766	59687.02	54709.164	37999.684	46909.41	
sp|O14744|ANM5_HUMAN	O14744	ANM5_HUMAN	PRMT5	637	Homo sapiens	1:Experimental evidence at protein level	Protein arginine N-methyltransferase 5	1.0	0.9984	3	10	10	10	3	2	1	1	1	2	3	2	1	1	1	2	3	2	1	1	1	2	106584.18	61280.613	75383.7	66992.734	56386.383	65286.203	79461.2	61280.613	75383.7	66992.734	56386.383	46490.95	
sp|O14757|CHK1_HUMAN	O14757	CHK1_HUMAN	CHEK1	476	Homo sapiens	1:Experimental evidence at protein level	Serine/threonine-protein kinase Chk1	0.9328	0.9962	1	1	1	1	0	0	0	0	0	1	0	0	0	0	0	1	0	0	0	0	0	1	0.0	0.0	0.0	0.0	0.0	10911.38	0.0	0.0	0.0	0.0	0.0	0.0	
sp|O14893|GEMI2_HUMAN	O14893	GEMI2_HUMAN	GEMIN2	280	Homo sapiens	1:Experimental evidence at protein level	Gem-associated protein 2	0.5067	0.9509	1	7	7	7	1	2	2	1	0	1	1	2	2	1	0	1	1	2	2	1	0	1	39323.02	71476.945	42810.21	46334.76	0.0	50148.24	39323.02	71476.945	42810.21	46334.76	0.0	50148.24	
sp|O14950|ML12B_HUMAN	O14950	ML12B_HUMAN	MYL12B	172	Homo sapiens	1:Experimental evidence at protein level	Myosin regulatory light chain 12B	1.0	0.999	7	32	0	32	8	3	5	6	5	5	0	0	0	0	0	0	8	3	5	6	5	5	192467.0	71761.72	126146.22	116849.71	144697.8	131503.52	81397.37	48284.133	48173.797	58047.832	72425.9	64194.734	sp|P19105|ML12A_HUMAN
sp|O15160|RPAC1_HUMAN	O15160	RPAC1_HUMAN	POLR1C	346	Homo sapiens	1:Experimental evidence at protein level	DNA-directed RNA polymerases I and III subunit RPAC1	1.0	0.999	5	40	40	40	5	8	5	6	9	7	5	8	5	6	9	7	5	8	5	6	9	7	244212.66	253763.72	110437.25	205866.12	299447.78	217067.97	120778.805	96028.414	103258.98	91700.61	117613.305	98730.54	
sp|O15446|RPA34_HUMAN	O15446	RPA34_HUMAN	POLR1G	510	Homo sapiens	1:Experimental evidence at protein level	DNA-directed RNA polymerase I subunit RPA34	1.0	0.9978	3	5	5	5	1	0	0	0	1	3	1	0	0	0	1	3	1	0	0	0	1	3	35574.87	0.0	0.0	0.0	36386.047	116126.75	31917.816	0.0	0.0	0.0	50381.926	56423.73	
sp|O43143|DHX15_HUMAN	O43143	DHX15_HUMAN	DHX15	795	Homo sapiens	1:Experimental evidence at protein level	ATP-dependent RNA helicase DHX15	1.0	0.9858	5	9	9	9	1	1	2	1	2	2	1	1	2	1	2	2	1	1	2	1	2	2	19610.81	15472.471	22521.127	20411.049	65516.047	23053.064	19610.81	0.0	22521.127	31541.852	29883.06	0.0	
sp|O43172|PRP4_HUMAN	O43172	PRP4_HUMAN	PRPF4	522	Homo sapiens	1:Experimental evidence at protein level	U4/U6 small nuclear ribonucleoprotein Prp4	0.8899	0.9935	1	3	3	3	0	3	0	0	0	0	0	3	0	0	0	0	0	3	0	0	0	0	0.0	30592.951	0.0	0.0	0.0	0.0	0.0	0.0	0.0	0.0	0.0	0.0	
sp|O43324|MCA3_HUMAN	O43324	MCA3_HUMAN	EEF1E1	174	Homo sapiens	1:Experimental evidence at protein level	Eukaryotic translation elongation factor 1 epsilon-1	1.0	0.9988	2	12	12	12	1	1	1	3	3	3	1	1	1	3	3	3	1	1	1	3	3	3	47546.227	33315.28	62257.164	151822.72	277722.88	274014.56	47546.227	33315.28	62257.164	141596.48	238653.16	235016.62	
sp|O43390|HNRPR_HUMAN	O43390	HNRPR_HUMAN	HNRNPR	633	Homo sapiens	1:Experimental evidence at protein level	Heterogeneous nuclear ribonucleoprotein R	1.0	0.999	19	96	71	96	0	0	0	18	33	45	0	0	0	11	28	32	0	0	0	18	33	45	0.0	0.0	0.0	906690.5	1726993.2	1691335.4	0.0	0.0	0.0	210827.2	366425.62	364016.44	
sp|O43395|PRPF3_HUMAN	O43395	PRPF3_HUMAN	PRPF3	683	Homo sapiens	1:Experimental evidence at protein level	U4/U6 small nuclear ribonucleoprotein Prp3	0.9995	0.9811	2	13	13	13	2	2	2	2	3	2	2	2	2	2	3	2	2	2	2	2	3	2	44441.97	40990.62	43906.273	16518.652	38953.78	16123.815	21537.066	24134.76	21396.887	23301.691	20778.883	22744.723	
sp|O43427|FIBP_HUMAN	O43427	FIBP_HUMAN	FIBP	364	Homo sapiens	1:Experimental evidence at protein level	Acidic fibroblast growth factor intracellular-binding protein	0.9815	0.999	1	2	2	2	1	0	1	0	0	0	1	0	1	0	0	0	1	0	1	0	0	0	30694.443	0.0	44499.35	0.0	0.0	0.0	30694.443	0.0	44499.35	0.0	0.0	0.0	
sp|O43447|PPIH_HUMAN	O43447	PPIH_HUMAN	PPIH	177	Homo sapiens	1:Experimental evidence at protein level	Peptidyl-prolyl cis-trans isomerase H	0.9969	0.9621	2	2	2	2	2	0	0	0	0	0	2	0	0	0	0	0	2	0	0	0	0	0	18084.023	0.0	0.0	0.0	0.0	0.0	0.0	0.0	0.0	0.0	0.0	0.0	
sp|O43548|TGM5_HUMAN	O43548	TGM5_HUMAN	TGM5	720	Homo sapiens	1:Experimental evidence at protein level	Protein-glutamine gamma-glutamyltransferase 5	0.9815	0.999	1	6	6	6	1	1	1	1	1	1	1	1	1	1	1	1	1	1	1	1	1	1	30571.176	36249.81	38809.047	25860.367	31603.293	33494.344	30571.176	36249.81	38809.047	25860.367	31603.293	33494.344	
sp|O43660|PLRG1_HUMAN	O43660	PLRG1_HUMAN	PLRG1	514	Homo sapiens	1:Experimental evidence at protein level	Pleiotropic regulator 1	0.9987	0.9591	2	7	7	7	2	3	1	0	1	0	2	3	1	0	1	0	2	3	1	0	1	0	27198.94	51568.008	28848.908	0.0	0.0	0.0	15464.867	30542.623	28848.908	0.0	0.0	0.0	
sp|O43684|BUB3_HUMAN	O43684	BUB3_HUMAN	BUB3	328	Homo sapiens	1:Experimental evidence at protein level	Mitotic checkpoint protein BUB3	0.4922	0.9481	1	1	1	1	0	0	0	0	0	1	0	0	0	0	0	1	0	0	0	0	0	1	0.0	0.0	0.0	0.0	0.0	22785.742	0.0	0.0	0.0	0.0	0.0	0.0	
sp|O43707|ACTN4_HUMAN	O43707	ACTN4_HUMAN	ACTN4	911	Homo sapiens	1:Experimental evidence at protein level	Alpha-actinin-4	0.9802	0.9989	1	3	0	3	1	1	0	0	0	1	0	0	0	0	0	0	1	1	0	0	0	1	9838.761	5205.8457	0.0	0.0	0.0	7001.0474	9838.761	5205.8457	0.0	0.0	0.0	7001.0474	sp|P12814|ACTN1_HUMAN
sp|O43790|KRT86_HUMAN	O43790	KRT86_HUMAN	KRT86	486	Homo sapiens	1:Experimental evidence at protein level	Keratin, type II cuticular Hb6	0.9642	0.9796	4	4	0	11	0	0	4	0	0	0	0	0	0	0	0	0	0	1	6	1	1	2	0.0	0.0	114633.62	0.0	0.0	0.0	0.0	0.0	0.0	0.0	0.0	0.0	sp|Q14533|KRT81_HUMAN
sp|O60244|MED14_HUMAN	O60244	MED14_HUMAN	MED14	1454	Homo sapiens	1:Experimental evidence at protein level	Mediator of RNA polymerase II transcription subunit 14	1.0	0.9988	1	8	8	8	1	3	1	0	0	3	1	3	1	0	0	3	1	3	1	0	0	3	32319.58	43528.4	34252.992	0.0	0.0	34149.67	32319.58	24869.578	34252.992	0.0	0.0	34149.67	
sp|O60264|SMCA5_HUMAN	O60264	SMCA5_HUMAN	SMARCA5	1052	Homo sapiens	1:Experimental evidence at protein level	SWI/SNF-related matrix-associated actin-dependent regulator of chromatin subfamily A member 5	1.0	0.9989	6	15	9	15	4	2	2	1	3	3	2	1	1	1	3	1	4	2	2	1	3	3	84634.305	46008.367	37083.176	42156.195	28725.895	56552.0	37250.8	31019.47	0.0	42241.89	28784.29	29487.744	
sp|O60506|HNRPQ_HUMAN	O60506	HNRPQ_HUMAN	SYNCRIP	623	Homo sapiens	1:Experimental evidence at protein level	Heterogeneous nuclear ribonucleoprotein Q	1.0	0.999	15	54	54	79	0	0	0	14	15	25	0	0	0	14	15	25	0	0	0	21	20	38	0.0	0.0	0.0	206589.47	463197.88	702400.6	0.0	0.0	0.0	44720.71	80028.33	110455.3	
sp|O60524|NEMF_HUMAN	O60524	NEMF_HUMAN	NEMF	1076	Homo sapiens	1:Experimental evidence at protein level	Ribosome quality control complex subunit NEMF	1.0	0.999	7	34	34	34	2	4	3	3	7	15	2	4	3	3	7	15	2	4	3	3	7	15	30626.795	59271.047	22135.352	80308.375	126353.1	163706.75	32407.88	42132.215	23422.621	35100.676	28620.459	37773.8	
sp|O60814|H2B1K_HUMAN	O60814	H2B1K_HUMAN	H2BC12	126	Homo sapiens	1:Experimental evidence at protein level	Histone H2B type 1-K	1.0	0.999	8	146	0	146	20	13	22	24	29	38	0	0	0	0	0	0	20	13	22	24	29	38	942065.7	608037.25	966938.3	1147204.4	1123902.6	1025955.75	259700.58	205352.1	260748.9	319179.1	299807.34	294650.22	sp|P58876|H2B1D_HUMAN, sp|P62807|H2B1C_HUMAN, sp|Q5QNW6|H2B2F_HUMAN, sp|Q93079|H2B1H_HUMAN, sp|Q99877|H2B1N_HUMAN, sp|Q99879|H2B1M_HUMAN
sp|O60832|DKC1_HUMAN	O60832	DKC1_HUMAN	DKC1	514	Homo sapiens	1:Experimental evidence at protein level	H/ACA ribonucleoprotein complex subunit DKC1	1.0	0.9987	4	10	10	10	1	0	1	0	3	5	1	0	1	0	3	5	1	0	1	0	3	5	20931.914	0.0	18722.367	0.0	44479.125	99040.22	17241.916	0.0	72773.84	0.0	36638.09	41618.21	
sp|O60841|IF2P_HUMAN	O60841	IF2P_HUMAN	EIF5B	1220	Homo sapiens	1:Experimental evidence at protein level	Eukaryotic translation initiation factor 5B	1.0	0.999	7	26	25	26	5	7	7	1	0	6	5	7	6	1	0	6	5	7	7	1	0	6	153179.66	90312.87	137534.61	20310.28	0.0	138396.34	64218.25	46742.598	56474.27	21686.115	0.0	50256.953	
sp|O60869|EDF1_HUMAN	O60869	EDF1_HUMAN	EDF1	148	Homo sapiens	1:Experimental evidence at protein level	Endothelial differentiation-related factor 1	0.9792	0.9989	1	1	1	1	0	0	0	0	0	1	0	0	0	0	0	1	0	0	0	0	0	1	0.0	0.0	0.0	0.0	0.0	45831.855	0.0	0.0	0.0	0.0	0.0	0.0	
sp|O75179|ANR17_HUMAN	O75179	ANR17_HUMAN	ANKRD17	2603	Homo sapiens	1:Experimental evidence at protein level	Ankyrin repeat domain-containing protein 17	0.9986	0.999	3	23	2	23	4	2	3	2	4	8	0	0	0	0	1	1	4	2	3	2	4	8	34906.81	56144.25	60243.594	60400.188	29201.844	61702.22	38376.79	35178.89	36078.57	31427.955	20410.111	28351.725	
sp|O75190|DNJB6_HUMAN	O75190	DNJB6_HUMAN	DNAJB6	326	Homo sapiens	1:Experimental evidence at protein level	DnaJ homolog subfamily B member 6	0.9682	0.9906	1	4	4	4	0	0	0	0	1	3	0	0	0	0	1	3	0	0	0	0	1	3	0.0	0.0	0.0	0.0	0.0	4520.897	0.0	0.0	0.0	0.0	0.0	0.0	
sp|O75223|GGCT_HUMAN	O75223	GGCT_HUMAN	GGCT	188	Homo sapiens	1:Experimental evidence at protein level	Gamma-glutamylcyclotransferase	1.0	0.9982	2	5	5	5	0	0	1	0	0	4	0	0	1	0	0	4	0	0	1	0	0	4	0.0	0.0	23492.393	0.0	0.0	24465.354	0.0	0.0	0.0	0.0	0.0	0.0	
sp|O75400|PR40A_HUMAN	O75400	PR40A_HUMAN	PRPF40A	957	Homo sapiens	1:Experimental evidence at protein level	Pre-mRNA-processing factor 40 homolog A	1.0	0.9907	3	3	3	3	2	0	1	0	0	0	2	0	1	0	0	0	2	0	1	0	0	0	55457.727	0.0	0.0	0.0	0.0	0.0	0.0	0.0	0.0	0.0	0.0	0.0	
sp|O75475|PSIP1_HUMAN	O75475	PSIP1_HUMAN	PSIP1	530	Homo sapiens	1:Experimental evidence at protein level	PC4 and SFRS1-interacting protein	1.0	0.999	4	13	11	13	2	2	4	1	2	2	1	2	3	1	2	2	2	2	4	1	2	2	84382.68	54756.305	91909.33	50789.95	49308.848	30791.701	54646.32	54756.305	47027.934	50789.95	49308.848	23831.895	
sp|O75526|RMXL2_HUMAN	O75526	RMXL2_HUMAN	RBMXL2	392	Homo sapiens	1:Experimental evidence at protein level	RNA-binding motif protein, X-linked-like-2	0.7077	0.9786	1	2	0	2	0	0	0	0	0	2	0	0	0	0	0	0	0	0	0	0	0	2	0.0	0.0	0.0	0.0	0.0	23117.762	0.0	0.0	0.0	0.0	0.0	0.0	sp|P38159|RBMX_HUMAN, sp|Q96E39|RMXL1_HUMAN
sp|O75607|NPM3_HUMAN	O75607	NPM3_HUMAN	NPM3	178	Homo sapiens	1:Experimental evidence at protein level	Nucleoplasmin-3	0.9815	0.999	1	6	6	6	1	1	1	1	1	1	1	1	1	1	1	1	1	1	1	1	1	1	31281.574	29138.857	30439.15	36395.152	32132.824	30866.893	31281.574	29138.857	30439.15	36395.152	32132.824	30866.893	
sp|O75821|EIF3G_HUMAN	O75821	EIF3G_HUMAN	EIF3G	320	Homo sapiens	1:Experimental evidence at protein level	Eukaryotic translation initiation factor 3 subunit G	0.6301	0.9698	1	5	5	5	1	0	1	1	1	1	1	0	1	1	1	1	1	0	1	1	1	1	27352.96	0.0	13788.71	20559.713	0.0	20422.504	27352.96	0.0	13788.71	20559.713	0.0	20422.504	
sp|O75874|IDHC_HUMAN	O75874	IDHC_HUMAN	IDH1	414	Homo sapiens	1:Experimental evidence at protein level	Isocitrate dehydrogenase [NADP] cytoplasmic	0.9425	0.9968	1	1	1	1	0	1	0	0	0	0	0	1	0	0	0	0	0	1	0	0	0	0	0.0	6464.958	0.0	0.0	0.0	0.0	0.0	0.0	0.0	0.0	0.0	0.0	
sp|O75934|SPF27_HUMAN	O75934	SPF27_HUMAN	BCAS2	225	Homo sapiens	1:Experimental evidence at protein level	Pre-mRNA-splicing factor SPF27	1.0	0.999	2	26	26	26	7	2	4	4	4	5	7	2	4	4	4	5	7	2	4	4	4	5	43573.125	22372.213	36765.992	18279.906	49220.35	52293.0	32812.523	15597.721	26091.934	13521.396	35507.547	23323.914	
sp|O76094|SRP72_HUMAN	O76094	SRP72_HUMAN	SRP72	671	Homo sapiens	1:Experimental evidence at protein level	Signal recognition particle subunit SRP72	1.0	0.999	15	118	118	118	18	15	17	16	17	35	18	15	17	16	17	35	18	15	17	16	17	35	658918.7	593877.1	551342.06	716584.1	704024.56	840463.2	344462.62	371242.88	326159.84	404034.5	389982.62	404019.06	
sp|O94776|MTA2_HUMAN	O94776	MTA2_HUMAN	MTA2	668	Homo sapiens	1:Experimental evidence at protein level	Metastasis-associated protein MTA2	1.0	0.9828	3	3	3	3	0	2	0	0	0	1	0	2	0	0	0	1	0	2	0	0	0	1	0.0	116528.66	0.0	0.0	0.0	10053.676	0.0	0.0	0.0	0.0	0.0	0.0	
sp|O94900|TOX_HUMAN	O94900	TOX_HUMAN	TOX	526	Homo sapiens	1:Experimental evidence at protein level	Thymocyte selection-associated high mobility group box protein TOX	1.0	0.9973	2	6	4	6	1	0	0	0	3	2	1	0	0	0	2	1	1	0	0	0	3	2	25391.828	0.0	0.0	0.0	35176.44	19146.924	25391.828	0.0	0.0	0.0	35176.44	19146.924	
sp|O95168|NDUB4_HUMAN	O95168	NDUB4_HUMAN	NDUFB4	129	Homo sapiens	1:Experimental evidence at protein level	NADH dehydrogenase [ubiquinone] 1 beta subcomplex subunit 4	0.9382	0.9965	1	3	3	3	0	1	0	1	0	1	0	1	0	1	0	1	0	1	0	1	0	1	0.0	18227.01	0.0	20088.203	0.0	19912.395	0.0	18227.01	0.0	20088.203	0.0	19912.395	
sp|O95239|KIF4A_HUMAN	O95239	KIF4A_HUMAN	KIF4A	1232	Homo sapiens	1:Experimental evidence at protein level	Chromosome-associated kinesin KIF4A	0.9438	0.9817	1	1	0	1	0	0	0	1	0	0	0	0	0	0	0	0	0	0	0	1	0	0	0.0	0.0	0.0	11538.995	0.0	0.0	0.0	0.0	0.0	0.0	0.0	0.0	sp|Q2VIQ3|KIF4B_HUMAN
sp|O95347|SMC2_HUMAN	O95347	SMC2_HUMAN	SMC2	1197	Homo sapiens	1:Experimental evidence at protein level	Structural maintenance of chromosomes protein 2	0.9943	0.9616	2	2	2	2	0	0	0	1	0	1	0	0	0	1	0	1	0	0	0	1	0	1	0.0	0.0	0.0	0.0	129720.09	209146.89	0.0	0.0	0.0	0.0	129720.09	209146.89	
sp|O95373|IPO7_HUMAN	O95373	IPO7_HUMAN	IPO7	1038	Homo sapiens	1:Experimental evidence at protein level	Importin-7	0.6579	0.9732	1	1	1	1	0	0	1	0	0	0	0	0	1	0	0	0	0	0	1	0	0	0	0.0	0.0	19134.34	0.0	0.0	0.0	0.0	0.0	0.0	0.0	0.0	0.0	
sp|O95402|MED26_HUMAN	O95402	MED26_HUMAN	MED26	600	Homo sapiens	1:Experimental evidence at protein level	Mediator of RNA polymerase II transcription subunit 26	0.9266	0.9958	1	3	3	3	1	1	1	0	0	0	1	1	1	0	0	0	1	1	1	0	0	0	36018.242	39369.17	37842.547	0.0	0.0	0.0	36018.242	39369.17	37842.547	0.0	0.0	0.0	
sp|O95433|AHSA1_HUMAN	O95433	AHSA1_HUMAN	AHSA1	338	Homo sapiens	1:Experimental evidence at protein level	Activator of 90 kDa heat shock protein ATPase homolog 1	0.9998	0.999	2	2	2	2	0	0	0	1	0	1	0	0	0	1	0	1	0	0	0	1	0	1	0.0	0.0	0.0	23332.928	0.0	11391.212	0.0	0.0	0.0	0.0	0.0	0.0	
sp|O95487|SC24B_HUMAN	O95487	SC24B_HUMAN	SEC24B	1268	Homo sapiens	1:Experimental evidence at protein level	Protein transport protein Sec24B	0.9687	0.9983	1	1	1	1	1	0	0	0	0	0	1	0	0	0	0	0	1	0	0	0	0	0	7550.2075	0.0	0.0	0.0	0.0	0.0	0.0	0.0	0.0	0.0	0.0	0.0	
sp|O95602|RPA1_HUMAN	O95602	RPA1_HUMAN	POLR1A	1720	Homo sapiens	1:Experimental evidence at protein level	DNA-directed RNA polymerase I subunit RPA1	1.0	0.9989	6	23	23	23	3	6	6	2	1	5	3	6	6	2	1	5	3	6	6	2	1	5	106790.74	157417.03	170955.75	86832.91	37532.504	77100.8	55727.723	67046.72	43403.383	44079.047	42595.504	46184.887	
sp|O95782|AP2A1_HUMAN	O95782	AP2A1_HUMAN	AP2A1	977	Homo sapiens	1:Experimental evidence at protein level	AP-2 complex subunit alpha-1	1.0	0.999	7	23	6	23	5	3	5	1	4	5	2	1	1	0	1	1	5	3	5	1	4	5	89960.33	57352.336	105506.03	18968.586	98868.5	108525.9	33062.95	38308.54	40264.105	33341.793	28450.137	29165.146	
sp|O95810|CAVN2_HUMAN	O95810	CAVN2_HUMAN	CAVIN2	425	Homo sapiens	1:Experimental evidence at protein level	Caveolae-associated protein 2	1.0	0.9989	2	9	9	9	4	1	2	0	1	1	4	1	2	0	1	1	4	1	2	0	1	1	46828.61	32887.246	18697.475	0.0	12877.261	14316.385	34759.473	32887.246	18697.475	0.0	12877.261	14316.385	
sp|O95816|BAG2_HUMAN	O95816	BAG2_HUMAN	BAG2	211	Homo sapiens	1:Experimental evidence at protein level	BAG family molecular chaperone regulator 2	1.0	0.9983	2	12	12	12	3	1	3	2	2	1	3	1	3	2	2	1	3	1	3	2	2	1	40269.31	35473.688	27462.088	36480.895	23923.682	31455.943	27272.857	35473.688	27462.088	36480.895	23923.682	31455.943	
sp|O96019|ACL6A_HUMAN	O96019	ACL6A_HUMAN	ACTL6A	429	Homo sapiens	1:Experimental evidence at protein level	Actin-like protein 6A	1.0	0.999	3	21	21	21	5	5	3	1	2	5	5	5	3	1	2	5	5	5	3	1	2	5	117482.47	66523.41	82699.375	18474.012	66143.25	68252.42	44854.918	36267.945	43721.824	19409.18	35058.395	23064.393	
sp|P00338|LDHA_HUMAN	P00338	LDHA_HUMAN	LDHA	332	Homo sapiens	1:Experimental evidence at protein level	L-lactate dehydrogenase A chain	0.9686	0.9983	1	7	7	7	1	2	1	1	1	1	1	2	1	1	1	1	1	2	1	1	1	1	53014.586	32607.395	48259.977	48955.637	39542.82	51449.21	53014.586	32607.395	48259.977	48955.637	39542.82	51449.21	
sp|P00558|PGK1_HUMAN	P00558	PGK1_HUMAN	PGK1	417	Homo sapiens	1:Experimental evidence at protein level	Phosphoglycerate kinase 1	0.8457	0.9904	1	2	2	2	1	0	0	0	1	0	1	0	0	0	1	0	1	0	0	0	1	0	22046.6	0.0	0.0	0.0	19175.848	0.0	22046.6	0.0	0.0	0.0	19175.848	0.0	
sp|P01040|CYTA_HUMAN	P01040	CYTA_HUMAN	CSTA	98	Homo sapiens	1:Experimental evidence at protein level	Cystatin-A	0.9721	0.9985	1	2	2	2	0	0	2	0	0	0	0	0	2	0	0	0	0	0	2	0	0	0	0.0	0.0	34899.188	0.0	0.0	0.0	0.0	0.0	0.0	0.0	0.0	0.0	
sp|P01591|IGJ_HUMAN	P01591	IGJ_HUMAN	JCHAIN	159	Homo sapiens	1:Experimental evidence at protein level	Immunoglobulin J chain	0.9799	0.9989	1	4	4	4	1	0	1	0	0	2	1	0	1	0	0	2	1	0	1	0	0	2	16868.61	0.0	25037.44	0.0	0.0	83841.88	16868.61	0.0	25037.44	0.0	0.0	83841.88	
sp|P01834|IGKC_HUMAN	P01834	IGKC_HUMAN	IGKC	107	Homo sapiens	1:Experimental evidence at protein level	Immunoglobulin kappa constant	1.0	0.999	2	4	4	4	0	0	0	0	0	4	0	0	0	0	0	4	0	0	0	0	0	4	0.0	0.0	0.0	0.0	0.0	74960.46	0.0	0.0	0.0	0.0	0.0	0.0	
sp|P01876|IGHA1_HUMAN	P01876	IGHA1_HUMAN	IGHA1	398	Homo sapiens	1:Experimental evidence at protein level	Immunoglobulin heavy constant alpha 1	1.0	0.999	3	12	10	12	0	1	1	0	0	10	0	1	1	0	0	8	0	1	1	0	0	10	0.0	22237.404	12952.014	0.0	0.0	230738.67	0.0	22237.404	12952.014	0.0	0.0	133421.39	
sp|P02533|K1C14_HUMAN	P02533	K1C14_HUMAN	KRT14	472	Homo sapiens	1:Experimental evidence at protein level	Keratin, type I cytoskeletal 14	1.0	0.999	31	368	150	624	57	70	75	40	60	66	22	29	31	12	26	30	106	112	150	67	91	98	6260149.5	7786369.5	7068759.0	5345090.0	6322309.0	6276876.5	1137045.1	1373212.0	1355863.8	1077180.8	1296307.4	1290163.8	
sp|P02538|K2C6A_HUMAN	P02538	K2C6A_HUMAN	KRT6A	564	Homo sapiens	1:Experimental evidence at protein level	Keratin, type II cytoskeletal 6A	1.0	0.999	37	83	15	415	12	18	17	9	12	15	2	3	3	2	3	2	66	76	85	52	61	75	822945.56	1277346.8	1028728.56	484495.47	681735.6	685033.7	252494.89	421214.12	336792.84	230365.31	289067.1	282777.56	
sp|P02545|LMNA_HUMAN	P02545	LMNA_HUMAN	LMNA	664	Homo sapiens	1:Experimental evidence at protein level	Prelamin-A/C	1.0	0.9982	3	9	7	9	2	3	2	0	1	1	1	2	2	0	1	1	2	3	2	0	1	1	49718.766	99160.97	27852.863	0.0	28004.668	27908.54	23298.494	35197.305	29610.254	0.0	29771.637	29669.443	
sp|P02786|TFR1_HUMAN	P02786	TFR1_HUMAN	TFRC	760	Homo sapiens	1:Experimental evidence at protein level	Transferrin receptor protein 1	0.6584	0.9732	1	5	5	5	1	1	0	3	0	0	1	1	0	3	0	0	1	1	0	3	0	0	65261.84	27455.45	0.0	48148.51	0.0	0.0	65261.84	27455.45	0.0	48148.51	0.0	0.0	
sp|P04040|CATA_HUMAN	P04040	CATA_HUMAN	CAT	527	Homo sapiens	1:Experimental evidence at protein level	Catalase	1.0	0.9983	3	11	11	11	2	3	1	2	1	2	2	3	1	2	1	2	2	3	1	2	1	2	17026.947	54747.336	18407.105	54576.652	15537.043	18355.207	17026.947	26326.102	18407.105	27648.984	18167.492	21462.775	
sp|P04080|CYTB_HUMAN	P04080	CYTB_HUMAN	CSTB	98	Homo sapiens	1:Experimental evidence at protein level	Cystatin-B	0.826	0.989	1	3	3	3	1	0	0	0	0	2	1	0	0	0	0	2	1	0	0	0	0	2	19597.047	0.0	0.0	0.0	0.0	21907.936	19597.047	0.0	0.0	0.0	0.0	21907.936	
sp|P04083|ANXA1_HUMAN	P04083	ANXA1_HUMAN	ANXA1	346	Homo sapiens	1:Experimental evidence at protein level	Annexin A1	1.0	0.999	6	17	17	17	2	2	5	1	0	7	2	2	5	1	0	7	2	2	5	1	0	7	38849.56	163813.06	65201.21	25096.324	0.0	318993.22	43812.71	45853.18	63671.977	54870.715	0.0	71062.75	
sp|P04259|K2C6B_HUMAN	P04259	K2C6B_HUMAN	KRT6B	564	Homo sapiens	1:Experimental evidence at protein level	Keratin, type II cytoskeletal 6B	1.0	0.999	36	103	8	456	19	21	18	13	15	17	2	1	2	1	2	0	72	81	92	62	69	80	422321.6	912618.44	831672.7	506202.88	524587.25	553209.9	188387.42	353738.7	275909.34	212945.66	180644.3	225093.8	
sp|P04264|K2C1_HUMAN	P04264	K2C1_HUMAN	KRT1	644	Homo sapiens	1:Experimental evidence at protein level	Keratin, type II cytoskeletal 1	1.0	0.999	51	1596	1359	1596	280	259	339	205	234	279	245	223	289	169	197	236	280	259	339	205	234	279	3.329081E7	3.9123884E7	4.4214628E7	3.3602788E7	3.5746568E7	3.2295982E7	7074902.0	7563458.0	9551093.0	7776927.0	8313581.0	7949222.0	
sp|P04279|SEMG1_HUMAN	P04279	SEMG1_HUMAN	SEMG1	462	Homo sapiens	1:Experimental evidence at protein level	Semenogelin-1	0.9131	0.995	1	2	0	2	1	0	1	0	0	0	0	0	0	0	0	0	1	0	1	0	0	0	13855.337	0.0	28571.193	0.0	0.0	0.0	13855.337	0.0	28571.193	0.0	0.0	0.0	sp|Q02383|SEMG2_HUMAN
sp|P04406|G3P_HUMAN	P04406	G3P_HUMAN	GAPDH	335	Homo sapiens	1:Experimental evidence at protein level	Glyceraldehyde-3-phosphate dehydrogenase	1.0	0.999	6	27	26	27	5	2	7	2	4	7	5	2	6	2	4	7	5	2	7	2	4	7	166318.81	79892.08	151590.0	45957.04	61330.992	142943.22	126212.914	90139.88	65208.383	46195.008	48255.535	86974.59	
sp|P04746|AMYP_HUMAN	P04746	AMYP_HUMAN	AMY2A	511	Homo sapiens	1:Experimental evidence at protein level	Pancreatic alpha-amylase	0.9804	0.9989	1	3	0	3	0	0	1	0	0	2	0	0	0	0	0	0	0	0	1	0	0	2	0.0	0.0	7815.7017	0.0	0.0	32023.385	0.0	0.0	7815.7017	0.0	0.0	32023.385	sp|P0DTE7|AMY1B_HUMAN, sp|P0DTE8|AMY1C_HUMAN, sp|P0DUB6|AMY1A_HUMAN, sp|P19961|AMY2B_HUMAN
sp|P04792|HSPB1_HUMAN	P04792	HSPB1_HUMAN	HSPB1	205	Homo sapiens	1:Experimental evidence at protein level	Heat shock protein beta-1	1.0	0.999	3	10	10	10	1	1	1	1	2	4	1	1	1	1	2	4	1	1	1	1	2	4	24293.322	19642.668	30434.592	6945.8486	47015.395	80167.734	24293.322	19642.668	30434.592	0.0	27733.887	44061.12	
sp|P04843|RPN1_HUMAN	P04843	RPN1_HUMAN	RPN1	607	Homo sapiens	1:Experimental evidence at protein level	Dolichyl-diphosphooligosaccharide--protein glycosyltransferase subunit 1	1.0	0.999	13	94	94	94	18	13	12	17	16	18	18	13	12	17	16	18	18	13	12	17	16	18	415790.75	199163.64	277649.4	414891.12	379361.06	434717.66	85227.055	92841.29	90975.58	91134.766	77557.19	87974.78	
sp|P04899|GNAI2_HUMAN	P04899	GNAI2_HUMAN	GNAI2	355	Homo sapiens	1:Experimental evidence at protein level	Guanine nucleotide-binding protein G(i) subunit alpha-2	0.9708	0.9984	1	4	4	4	1	1	0	0	0	2	1	1	0	0	0	2	1	1	0	0	0	2	18040.89	18198.814	0.0	0.0	21996.123	14840.193	18040.89	18198.814	0.0	0.0	21996.123	14840.193	
sp|P04908|H2A1B_HUMAN	P04908	H2A1B_HUMAN	H2AC4	130	Homo sapiens	1:Experimental evidence at protein level	Histone H2A type 1-B/E	1.0	0.999	4	56	0	56	10	7	10	8	10	11	0	0	0	0	0	0	10	7	10	8	10	11	789458.75	684333.0	722577.7	980185.2	877012.0	966673.25	352310.34	240692.1	312451.47	368355.34	431505.6	464374.0	sp|P0C0S8|H2A1_HUMAN, sp|P20671|H2A1D_HUMAN, sp|Q16777|H2A2C_HUMAN, sp|Q6FI13|H2A2A_HUMAN, sp|Q7L7L0|H2A3_HUMAN, sp|Q93077|H2A1C_HUMAN, sp|Q96KK5|H2A1H_HUMAN, sp|Q99878|H2A1J_HUMAN, sp|Q9BTM1|H2AJ_HUMAN
sp|P05089|ARGI1_HUMAN	P05089	ARGI1_HUMAN	ARG1	322	Homo sapiens	1:Experimental evidence at protein level	Arginase-1	1.0	0.999	4	12	12	12	3	2	4	1	1	1	3	2	4	1	1	1	3	2	4	1	1	1	59189.39	68863.2	149763.52	0.0	26357.09	42709.848	42034.64	43324.61	46853.887	0.0	24387.307	44638.9	
sp|P05109|S10A8_HUMAN	P05109	S10A8_HUMAN	S100A8	93	Homo sapiens	1:Experimental evidence at protein level	Protein S100-A8	1.0	0.9893	2	11	11	11	2	1	3	3	0	2	2	1	3	3	0	2	2	1	3	3	0	2	39486.516	32553.908	65047.42	49571.438	0.0	27040.004	22051.639	29681.527	38667.01	28622.482	0.0	42914.816	
sp|P05165|PCCA_HUMAN	P05165	PCCA_HUMAN	PCCA	728	Homo sapiens	1:Experimental evidence at protein level	Propionyl-CoA carboxylase alpha chain, mitochondrial	1.0	0.9989	5	19	19	19	7	2	5	2	1	2	7	2	5	2	1	2	7	2	5	2	1	2	119061.34	22769.164	47486.766	50177.39	28074.533	38454.15	39450.4	24503.084	29237.734	34368.06	30212.469	17483.242	
sp|P05166|PCCB_HUMAN	P05166	PCCB_HUMAN	PCCB	539	Homo sapiens	1:Experimental evidence at protein level	Propionyl-CoA carboxylase beta chain, mitochondrial	0.9815	0.999	1	3	3	3	1	0	0	0	0	2	1	0	0	0	0	2	1	0	0	0	0	2	14476.543	0.0	0.0	0.0	0.0	10318.985	14476.543	0.0	0.0	0.0	0.0	10318.985	
sp|P05198|IF2A_HUMAN	P05198	IF2A_HUMAN	EIF2S1	315	Homo sapiens	1:Experimental evidence at protein level	Eukaryotic translation initiation factor 2 subunit 1	1.0	0.999	12	71	71	71	16	10	10	9	11	15	16	10	10	9	11	15	16	10	10	9	11	15	969466.8	740429.06	889400.25	132079.34	1001557.75	767407.3	447920.03	340325.12	449194.22	458300.5	548660.8	457286.28	
sp|P06396|GELS_HUMAN	P06396	GELS_HUMAN	GSN	782	Homo sapiens	1:Experimental evidence at protein level	Gelsolin	1.0	0.9975	6	31	31	31	8	4	9	5	3	2	8	4	9	5	3	2	8	4	9	5	3	2	70397.95	76468.5	129159.22	64448.78	65469.64	48685.16	26735.783	33548.957	29631.092	29082.98	29200.842	29279.809	
sp|P06454|PTMA_HUMAN	P06454	PTMA_HUMAN	PTMA	111	Homo sapiens	1:Experimental evidence at protein level	Prothymosin alpha	0.981	0.999	1	8	8	8	2	1	1	1	2	1	2	1	1	1	2	1	2	1	1	1	2	1	103849.71	39723.426	102461.555	85226.82	94658.08	89524.41	103849.71	39723.426	102461.555	85226.82	94658.08	89524.41	
sp|P06576|ATPB_HUMAN	P06576	ATPB_HUMAN	ATP5F1B	529	Homo sapiens	1:Experimental evidence at protein level	ATP synthase F(1) complex subunit beta, mitochondrial	0.9787	0.9988	1	6	6	6	1	1	1	1	1	1	1	1	1	1	1	1	1	1	1	1	1	1	3987.1196	3228.7556	1182.5854	1012.804	0.0	0.0	3987.1196	3228.7556	1182.5854	1012.804	0.0	0.0	
sp|P06702|S10A9_HUMAN	P06702	S10A9_HUMAN	S100A9	114	Homo sapiens	1:Experimental evidence at protein level	Protein S100-A9	1.0	0.999	5	21	21	21	2	1	3	6	1	8	2	1	3	6	1	8	2	1	3	6	1	8	57287.86	30434.236	127022.67	98285.11	35174.08	169926.77	48921.117	37417.176	58550.17	39849.51	37435.44	39607.64	
sp|P06733|ENOA_HUMAN	P06733	ENOA_HUMAN	ENO1	434	Homo sapiens	1:Experimental evidence at protein level	Alpha-enolase	1.0	0.999	6	27	13	27	4	4	9	1	4	5	2	2	4	1	2	2	4	4	9	1	4	5	85706.58	69266.08	75955.2	0.0	45213.953	93059.734	40635.848	37540.574	36131.668	0.0	24947.2	40129.492	
sp|P06748|NPM_HUMAN	P06748	NPM_HUMAN	NPM1	294	Homo sapiens	1:Experimental evidence at protein level	Nucleophosmin	1.0	0.999	6	26	26	26	4	4	3	2	6	7	4	4	3	2	6	7	4	4	3	2	6	7	146638.44	140226.8	145600.3	99507.0	120262.266	213889.95	68058.945	92493.18	99354.516	70204.695	55896.816	82292.73	
sp|P06899|H2B1J_HUMAN	P06899	H2B1J_HUMAN	H2BC11	126	Homo sapiens	1:Experimental evidence at protein level	Histone H2B type 1-J	0.0	0.9916	7	2	0	142	0	0	0	0	1	1	0	0	0	0	0	0	20	13	21	21	30	37	0.0	0.0	0.0	0.0	28851.457	30921.965	0.0	0.0	0.0	0.0	28851.457	30921.965	sp|P23527|H2B1O_HUMAN, sp|P33778|H2B1B_HUMAN, sp|Q16778|H2B2E_HUMAN
sp|P07237|PDIA1_HUMAN	P07237	PDIA1_HUMAN	P4HB	508	Homo sapiens	1:Experimental evidence at protein level	Protein disulfide-isomerase	0.8179	0.9883	1	2	2	2	2	0	0	0	0	0	2	0	0	0	0	0	2	0	0	0	0	0	21051.102	0.0	0.0	0.0	0.0	0.0	0.0	0.0	0.0	0.0	0.0	0.0	
sp|P07339|CATD_HUMAN	P07339	CATD_HUMAN	CTSD	412	Homo sapiens	1:Experimental evidence at protein level	Cathepsin D	1.0	0.9986	2	7	7	7	3	0	3	0	1	0	3	0	3	0	1	0	3	0	3	0	1	0	43884.145	0.0	109876.45	0.0	38968.434	0.0	43884.145	0.0	78710.99	0.0	38968.434	0.0	
sp|P07355|ANXA2_HUMAN	P07355	ANXA2_HUMAN	ANXA2	339	Homo sapiens	1:Experimental evidence at protein level	Annexin A2	1.0	0.9987	7	17	6	17	2	3	4	1	2	5	0	1	1	0	1	3	2	3	4	1	2	5	95091.75	165399.95	173353.36	84837.06	100611.12	115958.22	67721.664	108485.62	92706.37	84837.06	66895.12	62348.92	
sp|P07437|TBB5_HUMAN	P07437	TBB5_HUMAN	TUBB	444	Homo sapiens	1:Experimental evidence at protein level	Tubulin beta chain	1.0	0.999	10	52	9	52	9	3	11	11	9	9	1	0	1	4	1	2	9	3	11	11	9	9	240451.83	52294.344	227598.16	305670.03	273183.22	286096.5	65972.66	37341.984	52568.633	71177.59	64550.91	63191.457	
sp|P07741|APT_HUMAN	P07741	APT_HUMAN	APRT	180	Homo sapiens	1:Experimental evidence at protein level	Adenine phosphoribosyltransferase	1.0	0.9985	2	4	4	4	0	1	1	1	0	1	0	1	1	1	0	1	0	1	1	1	0	1	0.0	44757.29	32262.488	85274.7	0.0	13391.873	0.0	44757.29	32262.488	85274.7	0.0	0.0	
sp|P07814|SYEP_HUMAN	P07814	SYEP_HUMAN	EPRS1	1512	Homo sapiens	1:Experimental evidence at protein level	Bifunctional glutamate/proline--tRNA ligase	1.0	0.999	16	76	76	76	9	12	5	17	10	23	9	12	5	17	10	23	9	12	5	17	10	23	377291.6	408050.1	327473.0	649052.25	506447.47	696047.44	150724.12	121563.984	125796.54	164557.38	166072.73	159980.61	
sp|P07900|HS90A_HUMAN	P07900	HS90A_HUMAN	HSP90AA1	732	Homo sapiens	1:Experimental evidence at protein level	Heat shock protein HSP 90-alpha	1.0	0.998	6	11	11	21	2	1	1	0	2	5	2	1	1	0	2	5	4	1	3	1	5	7	76830.89	12235.204	19660.588	0.0	17762.533	61928.71	48280.414	46103.266	14827.558	0.0	45047.73	35999.918	
sp|P07948|LYN_HUMAN	P07948	LYN_HUMAN	LYN	512	Homo sapiens	1:Experimental evidence at protein level	Tyrosine-protein kinase Lyn	0.9997	0.982	2	4	1	4	2	0	0	0	2	0	1	0	0	0	0	0	2	0	0	0	2	0	53689.78	0.0	0.0	0.0	31100.125	0.0	28968.393	0.0	0.0	0.0	31100.125	0.0	
sp|P08238|HS90B_HUMAN	P08238	HS90B_HUMAN	HSP90AB1	724	Homo sapiens	1:Experimental evidence at protein level	Heat shock protein HSP 90-beta	1.0	0.999	8	33	15	33	8	1	11	3	4	6	4	1	4	1	1	4	8	1	11	3	4	6	168702.67	9885.458	172376.97	93248.375	122933.61	66162.27	35498.316	16874.996	38398.38	33958.426	43121.508	39148.47	
sp|P08708|RS17_HUMAN	P08708	RS17_HUMAN	RPS17	135	Homo sapiens	1:Experimental evidence at protein level	Small ribosomal subunit protein eS17	1.0	0.9984	2	6	6	6	0	0	0	1	2	3	0	0	0	1	2	3	0	0	0	1	2	3	0.0	0.0	0.0	28942.092	36610.414	93256.39	0.0	0.0	0.0	31530.69	39884.87	32085.996	
sp|P08729|K2C7_HUMAN	P08729	K2C7_HUMAN	KRT7	469	Homo sapiens	1:Experimental evidence at protein level	Keratin, type II cytoskeletal 7	0.9996	0.999	6	17	2	58	4	3	3	1	4	2	2	0	0	0	0	0	12	7	16	6	8	9	191247.56	113191.97	117734.6	45251.023	124826.445	107426.84	142759.98	113191.97	117734.6	45251.023	124826.445	107426.84	
sp|P08779|K1C16_HUMAN	P08779	K1C16_HUMAN	KRT16	473	Homo sapiens	1:Experimental evidence at protein level	Keratin, type I cytoskeletal 16	1.0	0.999	30	122	122	502	20	21	24	18	18	21	20	21	24	18	18	21	94	82	125	61	66	74	1727424.1	1986906.8	1491341.1	807484.7	1471349.4	1432020.9	405934.72	686951.6	479723.62	357373.94	330386.12	446319.0	
sp|P09211|GSTP1_HUMAN	P09211	GSTP1_HUMAN	GSTP1	210	Homo sapiens	1:Experimental evidence at protein level	Glutathione S-transferase P	1.0	0.999	2	15	15	15	3	1	2	2	1	6	3	1	2	2	1	6	3	1	2	2	1	6	103398.36	62398.547	82950.53	50832.1	49423.766	119691.67	103398.36	62398.547	82950.53	50832.1	49423.766	103398.33	
sp|P09874|PARP1_HUMAN	P09874	PARP1_HUMAN	PARP1	1014	Homo sapiens	1:Experimental evidence at protein level	Poly [ADP-ribose] polymerase 1	1.0	0.999	37	279	279	279	44	30	44	43	48	70	44	30	44	43	48	70	44	30	44	43	48	70	3551511.5	2800099.2	2839187.5	3391135.0	3918484.2	4297366.5	686101.94	617703.94	645593.06	757498.1	836462.56	891535.8	
sp|P0C1Z6|TFPT_HUMAN	P0C1Z6	TFPT_HUMAN	TFPT	253	Homo sapiens	1:Experimental evidence at protein level	TCF3 fusion partner	0.9274	0.9959	1	3	3	3	2	0	0	0	0	1	2	0	0	0	0	1	2	0	0	0	0	1	28045.348	0.0	0.0	0.0	0.0	26351.648	28045.348	0.0	0.0	0.0	0.0	26351.648	
sp|P0CG47|UBB_HUMAN	P0CG47	UBB_HUMAN	UBB	229	Homo sapiens	1:Experimental evidence at protein level	Polyubiquitin-B	1.0	0.999	3	28	0	28	6	4	3	4	6	5	0	0	0	0	0	0	6	4	3	4	6	5	195401.6	206156.81	222095.25	283494.94	323201.0	343387.06	85708.57	94045.58	100177.04	125519.45	138395.25	147372.98	sp|P0CG48|UBC_HUMAN, sp|P62979|RS27A_HUMAN, sp|P62987|RL40_HUMAN
sp|P0DP23|CALM1_HUMAN	P0DP23	CALM1_HUMAN	CALM1	149	Homo sapiens	1:Experimental evidence at protein level	Calmodulin-1	0.9805	0.9989	1	7	0	7	1	1	1	1	2	1	0	0	0	0	0	0	1	1	1	1	2	1	60997.188	61194.434	48475.32	50149.11	47638.484	51022.363	60997.188	61194.434	48475.32	50149.11	47638.484	51022.363	sp|P0DP24|CALM2_HUMAN, sp|P0DP25|CALM3_HUMAN
sp|P10412|H14_HUMAN	P10412	H14_HUMAN	H1-4	219	Homo sapiens	1:Experimental evidence at protein level	Histone H1.4	0.9998	0.999	9	43	15	75	5	3	10	8	11	6	2	2	5	2	2	2	9	5	19	14	18	10	438897.47	424769.25	676358.6	476121.28	720029.5	708505.0	245100.55	273100.47	276304.9	363087.8	392923.47	363929.5	
sp|P10515|ODP2_HUMAN	P10515	ODP2_HUMAN	DLAT	647	Homo sapiens	1:Experimental evidence at protein level	Dihydrolipoyllysine-residue acetyltransferase component of pyruvate dehydrogenase complex, mitochondrial	1.0	0.9987	4	25	25	25	11	2	3	1	2	6	11	2	3	1	2	6	11	2	3	1	2	6	249373.14	110513.28	95223.11	45639.29	54926.875	179562.84	93932.28	74169.54	58286.426	45639.29	54926.875	87992.53	
sp|P10599|THIO_HUMAN	P10599	THIO_HUMAN	TXN	105	Homo sapiens	1:Experimental evidence at protein level	Thioredoxin	0.9999	0.9919	2	7	7	7	1	1	2	1	1	1	1	1	2	1	1	1	1	1	2	1	1	1	33720.066	28399.195	44709.17	33520.57	69410.01	38404.63	33720.066	28399.195	44709.17	33520.57	0.0	38404.63	
sp|P10809|CH60_HUMAN	P10809	CH60_HUMAN	HSPD1	573	Homo sapiens	1:Experimental evidence at protein level	60 kDa heat shock protein, mitochondrial	1.0	0.999	6	41	41	41	7	2	9	5	7	11	7	2	9	5	7	11	7	2	9	5	7	11	94360.414	41802.297	95778.04	61251.234	126422.02	126298.79	37307.562	24793.074	36448.293	40558.484	41517.645	37265.516	
sp|P11021|BIP_HUMAN	P11021	BIP_HUMAN	HSPA5	654	Homo sapiens	1:Experimental evidence at protein level	Endoplasmic reticulum chaperone BiP	1.0	0.999	10	28	27	37	4	4	5	1	5	9	3	4	5	1	5	9	7	5	6	2	7	10	80971.34	91291.83	145001.89	58537.348	204684.08	292360.34	62638.35	55575.574	64833.113	62350.066	73420.875	69348.57	
sp|P11142|HSP7C_HUMAN	P11142	HSP7C_HUMAN	HSPA8	646	Homo sapiens	1:Experimental evidence at protein level	Heat shock cognate 71 kDa protein	1.0	0.999	16	116	54	116	21	13	12	13	27	30	11	3	4	5	12	19	21	13	12	13	27	30	931589.06	884064.25	683235.9	869572.0	937387.9	1111503.0	301124.7	324812.53	262359.5	308276.44	325633.38	282138.94	
sp|P11274|BCR_HUMAN	P11274	BCR_HUMAN	BCR	1271	Homo sapiens	1:Experimental evidence at protein level	Breakpoint cluster region protein	0.9998	0.9985	2	3	3	3	3	0	0	0	0	0	3	0	0	0	0	0	3	0	0	0	0	0	39902.03	0.0	0.0	0.0	0.0	0.0	0.0	0.0	0.0	0.0	0.0	0.0	
sp|P11310|ACADM_HUMAN	P11310	ACADM_HUMAN	ACADM	421	Homo sapiens	1:Experimental evidence at protein level	Medium-chain specific acyl-CoA dehydrogenase, mitochondrial	0.5008	0.9498	1	3	3	3	0	0	2	1	0	0	0	0	2	1	0	0	0	0	2	1	0	0	0.0	0.0	4688.71	2905.221	0.0	0.0	0.0	0.0	4688.71	2905.221	0.0	0.0	
sp|P11387|TOP1_HUMAN	P11387	TOP1_HUMAN	TOP1	765	Homo sapiens	1:Experimental evidence at protein level	DNA topoisomerase 1	0.9811	0.999	1	1	1	1	1	0	0	0	0	0	1	0	0	0	0	0	1	0	0	0	0	0	43576.133	0.0	0.0	0.0	0.0	0.0	0.0	0.0	0.0	0.0	0.0	0.0	
sp|P11498|PYC_HUMAN	P11498	PYC_HUMAN	PC	1178	Homo sapiens	1:Experimental evidence at protein level	Pyruvate carboxylase, mitochondrial	1.0	0.999	25	189	189	189	40	27	27	25	27	43	40	27	27	25	27	43	40	27	27	25	27	43	1292092.2	954479.75	1009164.9	837114.6	747003.0	1042561.44	168296.42	149087.61	157619.39	136084.14	124199.67	149165.38	
sp|P11586|C1TC_HUMAN	P11586	C1TC_HUMAN	MTHFD1	935	Homo sapiens	1:Experimental evidence at protein level	C-1-tetrahydrofolate synthase, cytoplasmic	0.9088	0.9947	1	1	1	1	0	0	1	0	0	0	0	0	1	0	0	0	0	0	1	0	0	0	0.0	0.0	22675.705	0.0	0.0	0.0	0.0	0.0	0.0	0.0	0.0	0.0	
sp|P11940|PABP1_HUMAN	P11940	PABP1_HUMAN	PABPC1	636	Homo sapiens	1:Experimental evidence at protein level	Polyadenylate-binding protein 1	1.0	0.9989	3	20	0	20	3	3	5	4	2	3	0	0	0	0	0	0	3	3	5	4	2	3	59007.62	47517.5	55595.44	73298.97	45000.773	47881.17	41719.098	33191.773	39622.676	42844.855	45000.773	34161.094	
sp|P12035|K2C3_HUMAN	P12035	K2C3_HUMAN	KRT3	628	Homo sapiens	1:Experimental evidence at protein level	Keratin, type II cytoskeletal 3	1.0	0.9981	22	12	9	170	6	0	0	3	0	3	4	0	0	3	0	2	25	21	38	29	20	37	120675.836	0.0	0.0	51909.29	0.0	102158.08	51934.074	0.0	0.0	34487.676	0.0	51935.754	
sp|P12236|ADT3_HUMAN	P12236	ADT3_HUMAN	SLC25A6	298	Homo sapiens	1:Experimental evidence at protein level	ADP/ATP translocase 3	1.0	0.9958	3	25	4	25	8	4	3	3	3	4	3	0	0	1	0	0	8	4	3	3	3	4	144186.7	111304.2	130283.46	113256.78	101034.35	71885.32	92086.47	85582.8	84714.625	74846.836	70351.09	61355.97	
sp|P12270|TPR_HUMAN	P12270	TPR_HUMAN	TPR	2363	Homo sapiens	1:Experimental evidence at protein level	Nucleoprotein TPR	1.0	0.9975	1	5	5	5	1	0	1	1	1	1	1	0	1	1	1	1	1	0	1	1	1	1	14373.187	0.0	13222.6	13995.645	17156.814	17270.193	14373.187	0.0	13222.6	13995.645	17156.814	17270.193	
sp|P12273|PIP_HUMAN	P12273	PIP_HUMAN	PIP	146	Homo sapiens	1:Experimental evidence at protein level	Prolactin-inducible protein	0.9795	0.9989	1	5	5	5	1	1	2	0	1	0	1	1	2	0	1	0	1	1	2	0	1	0	35247.312	49137.965	47711.36	0.0	19186.564	0.0	35247.312	49137.965	47711.36	0.0	19186.564	0.0	
sp|P12956|XRCC6_HUMAN	P12956	XRCC6_HUMAN	XRCC6	609	Homo sapiens	1:Experimental evidence at protein level	DNA repair protein Ku70	0.9691	0.9983	1	5	5	5	0	0	1	1	1	2	0	0	1	1	1	2	0	0	1	1	1	2	0.0	0.0	21041.697	25878.516	28550.527	19591.594	0.0	0.0	21041.697	25878.516	28550.527	19591.594	
sp|P13010|XRCC5_HUMAN	P13010	XRCC5_HUMAN	XRCC5	732	Homo sapiens	1:Experimental evidence at protein level	DNA repair protein Ku80	0.8761	0.9926	1	1	1	1	0	0	0	0	0	1	0	0	0	0	0	1	0	0	0	0	0	1	0.0	0.0	0.0	0.0	0.0	15857.88	0.0	0.0	0.0	0.0	0.0	0.0	
sp|P13473|LAMP2_HUMAN	P13473	LAMP2_HUMAN	LAMP2	410	Homo sapiens	1:Experimental evidence at protein level	Lysosome-associated membrane glycoprotein 2	0.7947	0.9865	1	1	1	1	0	0	0	0	0	1	0	0	0	0	0	1	0	0	0	0	0	1	0.0	0.0	0.0	0.0	0.0	4820.6025	0.0	0.0	0.0	0.0	0.0	0.0	
sp|P13639|EF2_HUMAN	P13639	EF2_HUMAN	EEF2	858	Homo sapiens	1:Experimental evidence at protein level	Elongation factor 2	1.0	0.999	7	33	33	33	9	2	5	4	4	9	9	2	5	4	4	9	9	2	5	4	4	9	228716.47	75459.68	143010.78	105487.664	102442.77	219920.4	76862.93	50607.465	69370.64	71571.75	53695.363	79153.234	
sp|P13645|K1C10_HUMAN	P13645	K1C10_HUMAN	KRT10	584	Homo sapiens	1:Experimental evidence at protein level	Keratin, type I cytoskeletal 10	1.0	0.999	35	1519	1151	1519	266	227	322	200	238	266	195	171	222	161	187	215	266	227	322	200	238	266	3.355293E7	3.9058388E7	4.1054168E7	3.3127298E7	3.3312374E7	3.3499798E7	3754475.5	3831518.0	4856603.5	3864782.8	4405145.5	4152747.2	
sp|P13646|K1C13_HUMAN	P13646	K1C13_HUMAN	KRT13	458	Homo sapiens	1:Experimental evidence at protein level	Keratin, type I cytoskeletal 13	1.0	0.999	21	91	55	193	14	10	16	17	2	32	9	3	10	11	0	22	31	23	45	29	18	47	702043.44	396479.56	779396.4	980385.4	49683.953	1375785.0	155929.84	97875.734	152882.84	217259.0	30393.56	275787.03	
sp|P13647|K2C5_HUMAN	P13647	K2C5_HUMAN	KRT5	590	Homo sapiens	1:Experimental evidence at protein level	Keratin, type II cytoskeletal 5	1.0	0.999	39	358	260	484	45	69	73	51	60	60	32	49	52	40	45	42	63	86	103	69	78	85	3337313.0	5134363.5	5072447.0	4014079.0	4396941.5	4179376.0	745143.94	1004528.5	1021294.25	855857.2	919592.25	872172.44	
sp|P13804|ETFA_HUMAN	P13804	ETFA_HUMAN	ETFA	333	Homo sapiens	1:Experimental evidence at protein level	Electron transfer flavoprotein subunit alpha, mitochondrial	0.9957	0.9986	1	14	14	14	0	1	2	2	4	5	0	1	2	2	4	5	0	1	2	2	4	5	0.0	18385.934	9241.759	21745.725	48915.41	28503.521	0.0	18385.934	9241.759	21745.725	48915.41	28503.521	
sp|P14618|KPYM_HUMAN	P14618	KPYM_HUMAN	PKM	531	Homo sapiens	1:Experimental evidence at protein level	Pyruvate kinase PKM	0.5353	0.956	1	2	2	2	1	0	0	0	0	1	1	0	0	0	0	1	1	0	0	0	0	1	10248.092	0.0	0.0	0.0	0.0	10609.642	10248.092	0.0	0.0	0.0	0.0	10609.642	
sp|P14868|SYDC_HUMAN	P14868	SYDC_HUMAN	DARS1	501	Homo sapiens	1:Experimental evidence at protein level	Aspartate--tRNA ligase, cytoplasmic	1.0	0.999	14	69	69	69	14	8	8	9	10	20	14	8	8	9	10	20	14	8	8	9	10	20	491565.5	387381.38	325307.56	434479.94	423367.12	561410.5	97112.15	107257.016	90802.94	110386.69	104537.3	97223.8	
sp|P14923|PLAK_HUMAN	P14923	PLAK_HUMAN	JUP	745	Homo sapiens	1:Experimental evidence at protein level	Junction plakoglobin	1.0	0.999	10	75	75	75	13	13	16	9	11	13	13	13	16	9	11	13	13	13	16	9	11	13	194069.62	302427.5	334066.56	122238.336	162556.66	144538.31	42067.355	71023.5	69641.08	42531.484	33112.145	35909.035	
sp|P15144|AMPN_HUMAN	P15144	AMPN_HUMAN	ANPEP	967	Homo sapiens	1:Experimental evidence at protein level	Aminopeptidase N	0.7687	0.9843	1	2	2	2	0	1	1	0	0	0	0	1	1	0	0	0	0	1	1	0	0	0	0.0	176325.98	187558.84	0.0	224003.9	230335.7	0.0	176325.98	187558.84	0.0	224003.9	230335.7	
sp|P15880|RS2_HUMAN	P15880	RS2_HUMAN	RPS2	293	Homo sapiens	1:Experimental evidence at protein level	Small ribosomal subunit protein uS5	0.9905	0.9973	1	2	2	2	0	0	0	0	0	2	0	0	0	0	0	2	0	0	0	0	0	2	0.0	0.0	0.0	0.0	0.0	31083.271	0.0	0.0	0.0	0.0	0.0	0.0	
sp|P15924|DESP_HUMAN	P15924	DESP_HUMAN	DSP	2871	Homo sapiens	1:Experimental evidence at protein level	Desmoplakin	1.0	0.999	31	136	136	136	27	22	36	12	14	25	27	22	36	12	14	25	27	22	36	12	14	25	563360.06	628577.2	1073218.8	406915.53	417660.25	490551.06	78649.02	94940.51	111842.72	71015.516	79697.38	67464.54	
sp|P16401|H15_HUMAN	P16401	H15_HUMAN	H1-5	226	Homo sapiens	1:Experimental evidence at protein level	Histone H1.5	1.0	0.999	10	102	92	102	14	12	17	19	18	22	13	11	12	18	17	21	14	12	17	19	18	22	1264928.6	840531.06	1297982.0	1411035.2	1559504.2	1852503.2	595031.2	461325.56	650994.2	826597.1	776431.94	882968.0	
sp|P16402|H13_HUMAN	P16402	H13_HUMAN	H1-3	221	Homo sapiens	1:Experimental evidence at protein level	Histone H1.3	1.0	0.999	10	68	46	106	7	7	12	10	17	15	4	6	8	5	11	12	11	9	22	17	27	20	868276.7	527051.06	731279.9	978376.44	1260683.2	1272272.5	622123.8	392450.12	601190.06	874763.94	879931.25	822563.4	
sp|P16403|H12_HUMAN	P16403	H12_HUMAN	H1-2	213	Homo sapiens	1:Experimental evidence at protein level	Histone H1.2	1.0	0.999	11	37	37	97	7	6	10	5	5	4	7	6	10	5	5	4	14	9	24	17	21	12	397655.16	247845.34	296258.3	190079.08	392616.7	189247.38	397655.16	247845.34	286207.06	190079.08	295457.1	128335.28	
sp|P17096|HMGA1_HUMAN	P17096	HMGA1_HUMAN	HMGA1	107	Homo sapiens	1:Experimental evidence at protein level	High mobility group protein HMG-I/HMG-Y	0.9168	0.9952	1	1	1	1	0	0	0	0	0	1	0	0	0	0	0	1	0	0	0	0	0	1	0.0	0.0	0.0	0.0	0.0	6554.022	0.0	0.0	0.0	0.0	0.0	0.0	
sp|P17480|UBF1_HUMAN	P17480	UBF1_HUMAN	UBTF	764	Homo sapiens	1:Experimental evidence at protein level	Nucleolar transcription factor 1	1.0	0.999	14	57	57	57	12	8	11	3	11	12	12	8	11	3	11	12	12	8	11	3	11	12	284164.72	292018.84	308316.22	178931.23	307211.6	323371.16	58486.426	68458.77	60478.82	72803.68	60998.71	51525.875	
sp|P17844|DDX5_HUMAN	P17844	DDX5_HUMAN	DDX5	614	Homo sapiens	1:Experimental evidence at protein level	Probable ATP-dependent RNA helicase DDX5	1.0	0.999	7	36	22	36	9	7	5	4	4	7	6	3	4	2	3	4	9	7	5	4	4	7	166929.17	103495.49	106790.17	186103.38	150761.23	108390.61	49986.34	49605.297	53340.316	63239.277	65386.44	48935.46	
sp|P17987|TCPA_HUMAN	P17987	TCPA_HUMAN	TCP1	556	Homo sapiens	1:Experimental evidence at protein level	T-complex protein 1 subunit alpha	1.0	0.9972	2	6	6	6	2	0	0	1	2	1	2	0	0	1	2	1	2	0	0	1	2	1	30302.2	0.0	0.0	21729.213	13241.676	12394.71	16167.274	0.0	0.0	21234.088	15560.431	12112.282	
sp|P18124|RL7_HUMAN	P18124	RL7_HUMAN	RPL7	248	Homo sapiens	1:Experimental evidence at protein level	Large ribosomal subunit protein uL30	1.0	0.9989	3	14	14	14	4	2	4	1	1	2	4	2	4	1	1	2	4	2	4	1	1	2	95901.7	62479.516	73206.625	50881.08	47435.72	75457.01	49858.348	43728.535	41729.918	50881.08	47435.72	51741.625	
sp|P18583|SON_HUMAN	P18583	SON_HUMAN	SON	2426	Homo sapiens	1:Experimental evidence at protein level	Protein SON	1.0	0.9956	3	14	14	14	2	1	3	2	2	4	2	1	3	2	2	4	2	1	3	2	2	4	83790.05	0.0	113294.234	90954.305	132146.1	153777.6	48978.023	0.0	66271.7	92176.65	77357.96	78940.805	
sp|P18621|RL17_HUMAN	P18621	RL17_HUMAN	RPL17	184	Homo sapiens	1:Experimental evidence at protein level	Large ribosomal subunit protein uL22	1.0	0.999	6	30	30	30	4	5	3	3	4	11	4	5	3	3	4	11	4	5	3	3	4	11	78748.336	74883.67	73391.445	115902.06	147482.1	232106.2	49606.473	39346.906	46776.5	60873.223	54522.418	73529.22	
sp|P19012|K1C15_HUMAN	P19012	K1C15_HUMAN	KRT15	456	Homo sapiens	1:Experimental evidence at protein level	Keratin, type I cytoskeletal 15	1.0	0.9773	14	3	3	171	1	0	0	0	1	1	1	0	0	0	1	1	30	24	51	18	19	29	19598.918	0.0	0.0	0.0	0.0	15763.039	19598.918	0.0	0.0	0.0	0.0	15763.039	
sp|P19013|K2C4_HUMAN	P19013	K2C4_HUMAN	KRT4	520	Homo sapiens	1:Experimental evidence at protein level	Keratin, type II cytoskeletal 4	1.0	0.999	18	55	41	149	6	8	11	9	1	20	4	8	9	7	1	12	26	22	34	22	11	34	95302.05	81250.01	304319.53	342069.44	1062.733	451011.44	27253.01	47455.957	41428.504	61751.613	9331.036	49697.895	
sp|P19338|NUCL_HUMAN	P19338	NUCL_HUMAN	NCL	710	Homo sapiens	1:Experimental evidence at protein level	Nucleolin	1.0	0.999	4	7	7	7	0	0	1	0	0	6	0	0	1	0	0	6	0	0	1	0	0	6	0.0	0.0	19145.896	0.0	0.0	66276.53	0.0	0.0	19145.896	0.0	0.0	19986.781	
sp|P19388|RPAB1_HUMAN	P19388	RPAB1_HUMAN	POLR2E	210	Homo sapiens	1:Experimental evidence at protein level	DNA-directed RNA polymerases I, II, and III subunit RPABC1	0.9982	0.9816	2	10	10	10	3	1	2	2	1	1	3	1	2	2	1	1	3	1	2	2	1	1	69089.03	34139.93	33430.87	36901.453	42049.44	34139.945	39564.59	34139.93	33430.87	36901.453	42049.44	34139.945	
sp|P20042|IF2B_HUMAN	P20042	IF2B_HUMAN	EIF2S2	333	Homo sapiens	1:Experimental evidence at protein level	Eukaryotic translation initiation factor 2 subunit 2	1.0	0.999	9	81	81	81	8	9	8	19	16	21	8	9	8	19	16	21	8	9	8	19	16	21	506837.34	197419.16	266344.5	684371.94	780148.56	647631.2	167148.08	168733.66	199896.64	237761.64	247799.77	222327.55	
sp|P20700|LMNB1_HUMAN	P20700	LMNB1_HUMAN	LMNB1	586	Homo sapiens	1:Experimental evidence at protein level	Lamin-B1	1.0	0.997	3	5	5	7	3	0	0	0	1	1	3	0	0	0	1	1	4	1	0	0	1	1	33823.9	0.0	0.0	0.0	19545.326	16023.292	15766.655	0.0	0.0	0.0	21864.219	17924.324	
sp|P20930|FILA_HUMAN	P20930	FILA_HUMAN	FLG	4061	Homo sapiens	1:Experimental evidence at protein level	Filaggrin	1.0	0.9976	3	15	15	15	1	4	5	1	1	3	1	4	5	1	1	3	1	4	5	1	1	3	30493.266	94553.164	141188.44	22195.812	42009.63	93073.04	31485.084	44598.918	71940.14	22917.748	43376.027	38645.19	
sp|P21333|FLNA_HUMAN	P21333	FLNA_HUMAN	FLNA	2647	Homo sapiens	1:Experimental evidence at protein level	Filamin-A	1.0	0.999	3	18	18	18	4	2	1	3	5	3	4	2	1	3	5	3	4	2	1	3	5	3	36068.402	36286.754	28855.873	33519.496	61537.523	44944.957	36068.402	36286.754	28855.873	33519.496	34795.164	39206.6	
sp|P22087|FBRL_HUMAN	P22087	FBRL_HUMAN	FBL	321	Homo sapiens	1:Experimental evidence at protein level	rRNA 2'-O-methyltransferase fibrillarin	1.0	0.999	2	11	1	11	1	3	2	2	1	2	0	0	0	0	0	1	1	3	2	2	1	2	28564.945	44474.86	38165.883	52703.15	47771.39	75761.625	28564.945	44474.86	38165.883	52703.15	47771.39	47921.49	
sp|P22234|PUR6_HUMAN	P22234	PUR6_HUMAN	PAICS	425	Homo sapiens	1:Experimental evidence at protein level	Bifunctional phosphoribosylaminoimidazole carboxylase/phosphoribosylaminoimidazole succinocarboxamide synthetase	0.887	0.9933	1	2	2	2	0	0	0	0	0	2	0	0	0	0	0	2	0	0	0	0	0	2	0.0	0.0	0.0	0.0	0.0	8058.9404	0.0	0.0	0.0	0.0	0.0	0.0	
sp|P22626|ROA2_HUMAN	P22626	ROA2_HUMAN	HNRNPA2B1	353	Homo sapiens	1:Experimental evidence at protein level	Heterogeneous nuclear ribonucleoproteins A2/B1	1.0	0.999	4	20	20	20	4	1	6	2	3	4	4	1	6	2	3	4	4	1	6	2	3	4	69982.79	30872.475	73116.484	42022.05	58022.918	52550.24	35519.805	30872.475	31601.057	29686.018	35238.633	32795.918	
sp|P22735|TGM1_HUMAN	P22735	TGM1_HUMAN	TGM1	817	Homo sapiens	1:Experimental evidence at protein level	Protein-glutamine gamma-glutamyltransferase K	1.0	0.999	5	32	32	32	3	6	7	3	8	5	3	6	7	3	8	5	3	6	7	3	8	5	154242.67	202166.08	199113.03	115848.086	212147.9	181418.7	91616.5	108432.56	96351.21	82907.56	97846.95	95973.414	
sp|P23025|XPA_HUMAN	P23025	XPA_HUMAN	XPA	273	Homo sapiens	1:Experimental evidence at protein level	DNA repair protein complementing XP-A cells	0.9812	0.999	1	6	6	6	1	0	0	2	0	3	1	0	0	2	0	3	1	0	0	2	0	3	10761.351	0.0	0.0	16116.42	0.0	12840.284	10761.351	0.0	0.0	16116.42	0.0	12840.284	
sp|P23280|CAH6_HUMAN	P23280	CAH6_HUMAN	CA6	308	Homo sapiens	1:Experimental evidence at protein level	Carbonic anhydrase 6	0.9779	0.9988	1	4	4	4	0	0	0	0	0	4	0	0	0	0	0	4	0	0	0	0	0	4	0.0	0.0	0.0	0.0	0.0	20901.96	0.0	0.0	0.0	0.0	0.0	0.0	
sp|P23284|PPIB_HUMAN	P23284	PPIB_HUMAN	PPIB	216	Homo sapiens	1:Experimental evidence at protein level	Peptidyl-prolyl cis-trans isomerase B	0.9999	0.9938	2	6	6	6	1	0	0	2	1	2	1	0	0	2	1	2	1	0	0	2	1	2	20970.426	0.0	0.0	28909.812	29325.201	42075.527	20970.426	0.0	0.0	28909.812	29325.201	25572.24	
sp|P23396|RS3_HUMAN	P23396	RS3_HUMAN	RPS3	243	Homo sapiens	1:Experimental evidence at protein level	Small ribosomal subunit protein uS3	1.0	0.9989	4	25	25	25	3	5	3	5	4	5	3	5	3	5	4	5	3	5	3	5	4	5	62648.793	151297.23	112144.09	112432.88	179964.69	168608.72	41557.293	74296.57	76753.4	66650.94	87647.71	74933.28	
sp|P23526|SAHH_HUMAN	P23526	SAHH_HUMAN	AHCY	432	Homo sapiens	1:Experimental evidence at protein level	Adenosylhomocysteinase	0.7859	0.9858	1	2	2	2	1	0	1	0	0	0	1	0	1	0	0	0	1	0	1	0	0	0	9931.589	0.0	8796.632	0.0	0.0	0.0	9931.589	0.0	8796.632	0.0	0.0	0.0	
sp|P24534|EF1B_HUMAN	P24534	EF1B_HUMAN	EEF1B2	225	Homo sapiens	1:Experimental evidence at protein level	Elongation factor 1-beta	0.9652	0.9981	1	2	2	2	0	0	1	0	0	1	0	0	1	0	0	1	0	0	1	0	0	1	0.0	0.0	19325.715	0.0	0.0	21112.666	0.0	0.0	19325.715	0.0	0.0	21112.666	
sp|P25205|MCM3_HUMAN	P25205	MCM3_HUMAN	MCM3	808	Homo sapiens	1:Experimental evidence at protein level	DNA replication licensing factor MCM3	1.0	0.999	4	18	18	18	5	1	1	2	4	5	5	1	1	2	4	5	5	1	1	2	4	5	118788.39	71016.05	75788.82	154446.38	121600.46	154145.67	68416.45	71016.05	75788.82	124877.58	102235.43	82418.16	
sp|P25311|ZA2G_HUMAN	P25311	ZA2G_HUMAN	AZGP1	298	Homo sapiens	1:Experimental evidence at protein level	Zinc-alpha-2-glycoprotein	0.9106	0.9948	1	5	5	5	2	1	0	1	0	1	2	1	0	1	0	1	2	1	0	1	0	1	34621.293	32372.549	0.0	28723.564	0.0	23528.363	34621.293	32372.549	0.0	28723.564	0.0	23528.363	
sp|P25398|RS12_HUMAN	P25398	RS12_HUMAN	RPS12	132	Homo sapiens	1:Experimental evidence at protein level	Small ribosomal subunit protein eS12	0.9814	0.999	1	1	1	1	0	0	0	0	0	1	0	0	0	0	0	1	0	0	0	0	0	1	0.0	0.0	0.0	0.0	0.0	14852.817	0.0	0.0	0.0	0.0	0.0	0.0	
sp|P25490|TYY1_HUMAN	P25490	TYY1_HUMAN	YY1	414	Homo sapiens	1:Experimental evidence at protein level	Transcriptional repressor protein YY1	0.7505	0.9827	1	1	1	1	0	0	0	0	1	0	0	0	0	0	1	0	0	0	0	0	1	0	0.0	0.0	0.0	0.0	2537.4128	0.0	0.0	0.0	0.0	0.0	0.0	0.0	
sp|P25705|ATPA_HUMAN	P25705	ATPA_HUMAN	ATP5F1A	553	Homo sapiens	1:Experimental evidence at protein level	ATP synthase F(1) complex subunit alpha, mitochondrial	1.0	0.9988	5	26	26	26	3	3	5	7	3	5	3	3	5	7	3	5	3	3	5	7	3	5	81114.64	87906.78	117307.42	152818.39	86813.88	53561.918	60477.453	42745.11	48595.227	45989.95	65726.99	36341.164	
sp|P25788|PSA3_HUMAN	P25788	PSA3_HUMAN	PSMA3	255	Homo sapiens	1:Experimental evidence at protein level	Proteasome subunit alpha type-3	0.9815	0.999	1	10	10	10	1	1	2	2	3	1	1	1	2	2	3	1	1	1	2	2	3	1	63252.11	78208.27	76637.07	53745.57	43837.375	42736.875	63252.11	78208.27	76637.07	53745.57	43837.375	42736.875	
sp|P26038|MOES_HUMAN	P26038	MOES_HUMAN	MSN	577	Homo sapiens	1:Experimental evidence at protein level	Moesin	1.0	0.999	6	43	22	43	8	8	5	8	6	8	5	5	3	4	1	4	8	8	5	8	6	8	193156.14	168727.5	2404927.5	171383.69	590664.0	891538.06	224891.08	173205.6	234607.56	203657.55	180520.83	200649.66	
sp|P26373|RL13_HUMAN	P26373	RL13_HUMAN	RPL13	211	Homo sapiens	1:Experimental evidence at protein level	Large ribosomal subunit protein eL13	1.0	0.9987	9	44	44	44	3	11	9	6	4	11	3	11	9	6	4	11	3	11	9	6	4	11	244647.8	251313.75	244586.5	262962.47	163966.6	437155.84	127409.99	142403.81	120049.664	130089.75	92340.016	123107.33	
sp|P26640|SYVC_HUMAN	P26640	SYVC_HUMAN	VARS1	1264	Homo sapiens	1:Experimental evidence at protein level	Valine--tRNA ligase	1.0	0.999	2	15	15	15	3	1	3	3	3	2	3	1	3	3	3	2	3	1	3	3	3	2	78544.22	38537.902	52248.582	39257.273	36201.55	56707.812	61051.14	38537.902	40759.812	39257.273	36201.55	44011.84	
sp|P26641|EF1G_HUMAN	P26641	EF1G_HUMAN	EEF1G	437	Homo sapiens	1:Experimental evidence at protein level	Elongation factor 1-gamma	0.9813	0.999	1	21	21	21	4	3	4	4	3	3	4	3	4	4	3	3	4	3	4	4	3	3	427993.3	279041.53	314645.28	356812.25	274534.8	348819.62	427993.3	279041.53	314645.28	356812.25	274534.8	348819.62	
sp|P27105|STOM_HUMAN	P27105	STOM_HUMAN	STOM	288	Homo sapiens	1:Experimental evidence at protein level	Stomatin	1.0	0.9986	1	11	11	11	1	2	1	1	3	3	1	2	1	1	3	3	1	2	1	1	3	3	0.0	32290.295	33497.348	0.0	38021.07	32406.904	0.0	32290.295	33497.348	0.0	38021.07	23086.525	
sp|P27348|1433T_HUMAN	P27348	1433T_HUMAN	YWHAQ	245	Homo sapiens	1:Experimental evidence at protein level	14-3-3 protein theta	0.9769	0.9987	1	2	2	2	1	0	0	0	0	1	1	0	0	0	0	1	1	0	0	0	0	1	11213.309	0.0	0.0	0.0	0.0	10890.118	11213.309	0.0	0.0	0.0	0.0	10890.118	
sp|P27482|CALL3_HUMAN	P27482	CALL3_HUMAN	CALML3	149	Homo sapiens	1:Experimental evidence at protein level	Calmodulin-like protein 3	0.9997	0.9988	1	1	1	1	0	0	0	0	0	1	0	0	0	0	0	1	0	0	0	0	0	1	0.0	0.0	0.0	0.0	0.0	21922.824	0.0	0.0	0.0	0.0	0.0	0.0	
sp|P27635|RL10_HUMAN	P27635	RL10_HUMAN	RPL10	214	Homo sapiens	1:Experimental evidence at protein level	Large ribosomal subunit protein uL16	1.0	0.9989	5	12	5	12	2	0	2	1	0	7	0	0	0	0	0	5	2	0	2	1	0	7	20703.098	0.0	9652.5	20438.873	0.0	79855.98	9545.328	0.0	14518.366	0.0	0.0	0.0	
sp|P27694|RFA1_HUMAN	P27694	RFA1_HUMAN	RPA1	616	Homo sapiens	1:Experimental evidence at protein level	Replication protein A 70 kDa DNA-binding subunit	1.0	0.9862	2	4	4	4	0	0	0	0	0	4	0	0	0	0	0	4	0	0	0	0	0	4	0.0	0.0	0.0	0.0	0.0	30299.027	0.0	0.0	0.0	0.0	0.0	0.0	
sp|P27824|CALX_HUMAN	P27824	CALX_HUMAN	CANX	592	Homo sapiens	1:Experimental evidence at protein level	Calnexin	0.9546	0.9975	1	6	6	6	1	1	1	0	1	2	1	1	1	0	1	2	1	1	1	0	1	2	46241.457	33003.285	34830.81	0.0	23646.209	46027.086	46241.457	33003.285	34830.81	0.0	23646.209	46027.086	
sp|P28070|PSB4_HUMAN	P28070	PSB4_HUMAN	PSMB4	264	Homo sapiens	1:Experimental evidence at protein level	Proteasome subunit beta type-4	0.8403	0.99	1	1	1	1	0	0	1	0	0	0	0	0	1	0	0	0	0	0	1	0	0	0	0.0	0.0	20261.203	0.0	0.0	0.0	0.0	0.0	0.0	0.0	0.0	0.0	
sp|P28072|PSB6_HUMAN	P28072	PSB6_HUMAN	PSMB6	239	Homo sapiens	1:Experimental evidence at protein level	Proteasome subunit beta type-6	0.9588	0.9977	1	9	9	9	1	1	1	2	2	2	1	1	1	2	2	2	1	1	1	2	2	2	14494.996	32772.465	0.0	26090.012	28664.373	26211.725	14494.996	32772.465	0.0	26090.012	28664.373	26211.725	
sp|P29508|SPB3_HUMAN	P29508	SPB3_HUMAN	SERPINB3	390	Homo sapiens	1:Experimental evidence at protein level	Serpin B3	1.0	0.9982	6	21	6	21	2	3	5	2	2	7	0	0	2	0	0	4	2	3	5	2	2	7	91459.19	120951.77	70311.55	121599.336	81335.41	186752.12	51024.05	65486.3	0.0	67846.055	44932.71	71151.25	
sp|P29692|EF1D_HUMAN	P29692	EF1D_HUMAN	EEF1D	281	Homo sapiens	1:Experimental evidence at protein level	Elongation factor 1-delta	0.9998	0.9968	2	10	10	10	1	1	2	2	2	2	1	1	2	2	2	2	1	1	2	2	2	2	48448.33	29055.148	79162.24	50295.734	70995.984	62564.06	48448.33	29055.148	40174.43	50295.734	70995.984	62564.06	
sp|P30041|PRDX6_HUMAN	P30041	PRDX6_HUMAN	PRDX6	224	Homo sapiens	1:Experimental evidence at protein level	Peroxiredoxin-6	0.8523	0.9909	1	1	1	1	0	0	0	0	0	1	0	0	0	0	0	1	0	0	0	0	0	1	0.0	0.0	0.0	0.0	0.0	12403.785	0.0	0.0	0.0	0.0	0.0	0.0	
sp|P31146|COR1A_HUMAN	P31146	COR1A_HUMAN	CORO1A	461	Homo sapiens	1:Experimental evidence at protein level	Coronin-1A	0.8772	0.9926	1	4	4	4	1	0	0	0	2	1	1	0	0	0	2	1	1	0	0	0	2	1	7291.984	0.0	0.0	0.0	6311.6597	7371.9287	7291.984	0.0	0.0	0.0	6311.6597	7371.9287	
sp|P31151|S10A7_HUMAN	P31151	S10A7_HUMAN	S100A7	101	Homo sapiens	1:Experimental evidence at protein level	Protein S100-A7	0.9998	0.9942	2	4	2	4	2	0	2	0	0	0	1	0	1	0	0	0	2	0	2	0	0	0	34372.89	0.0	40495.68	0.0	0.0	0.0	21036.662	0.0	24917.576	0.0	0.0	0.0	
sp|P31327|CPSM_HUMAN	P31327	CPSM_HUMAN	CPS1	1500	Homo sapiens	1:Experimental evidence at protein level	Carbamoyl-phosphate synthase [ammonia], mitochondrial	0.9932	0.9458	1	2	2	2	0	0	1	1	0	0	0	0	1	1	0	0	0	0	1	1	0	0	0.0	0.0	35881.19	38200.22	0.0	0.0	0.0	0.0	0.0	0.0	0.0	0.0	
sp|P31943|HNRH1_HUMAN	P31943	HNRH1_HUMAN	HNRNPH1	449	Homo sapiens	1:Experimental evidence at protein level	Heterogeneous nuclear ribonucleoprotein H	1.0	0.999	5	48	2	48	8	12	5	10	5	8	0	0	0	0	0	2	8	12	5	10	5	8	117389.95	141030.83	48968.844	88442.86	101213.44	133006.95	49369.754	44222.312	31227.855	37999.305	47033.11	32538.127	
sp|P31944|CASPE_HUMAN	P31944	CASPE_HUMAN	CASP14	242	Homo sapiens	1:Experimental evidence at protein level	Caspase-14	1.0	0.9963	4	15	15	15	1	5	1	2	1	5	1	5	1	2	1	5	1	5	1	2	1	5	50442.98	166661.2	107641.25	111167.84	66382.29	161229.3	51209.02	85029.19	109275.914	76738.6	67390.38	53297.13	
sp|P32119|PRDX2_HUMAN	P32119	PRDX2_HUMAN	PRDX2	198	Homo sapiens	1:Experimental evidence at protein level	Peroxiredoxin-2	0.9628	0.9952	2	8	8	16	1	2	2	1	1	1	1	2	2	1	1	1	2	3	3	3	2	3	38747.457	74398.17	77592.36	52086.58	57817.086	52071.91	38747.457	74398.17	77592.36	52086.58	57817.086	52071.91	
sp|P32969|RL9_HUMAN	P32969	RL9_HUMAN	RPL9	192	Homo sapiens	1:Experimental evidence at protein level	Large ribosomal subunit protein uL6	1.0	0.999	2	5	5	5	0	0	1	1	1	2	0	0	1	1	1	2	0	0	1	1	1	2	0.0	0.0	14501.275	28896.203	19060.91	88700.79	0.0	0.0	11002.055	38087.473	25123.781	42711.84	
sp|P35249|RFC4_HUMAN	P35249	RFC4_HUMAN	RFC4	363	Homo sapiens	1:Experimental evidence at protein level	Replication factor C subunit 4	1.0	0.999	7	53	53	53	10	7	8	7	10	11	10	7	8	7	10	11	10	7	8	7	10	11	137676.11	115096.16	149801.17	46426.7	205349.53	186686.62	60264.625	54025.812	59965.82	44404.625	57649.68	50580.15	
sp|P35250|RFC2_HUMAN	P35250	RFC2_HUMAN	RFC2	354	Homo sapiens	1:Experimental evidence at protein level	Replication factor C subunit 2	1.0	0.999	5	17	17	17	3	3	2	0	4	5	3	3	2	0	4	5	3	3	2	0	4	5	86546.18	18619.137	48382.008	0.0	95499.6	140337.56	30381.006	35959.395	30426.654	0.0	43747.508	38519.668	
sp|P35251|RFC1_HUMAN	P35251	RFC1_HUMAN	RFC1	1148	Homo sapiens	1:Experimental evidence at protein level	Replication factor C subunit 1	1.0	0.999	16	87	87	87	14	10	14	9	11	29	14	10	14	9	11	29	14	10	14	9	11	29	353917.03	332775.44	317866.75	261030.47	278747.53	367995.16	59708.082	68066.984	71173.82	69155.74	67122.766	55946.438	
sp|P35268|RL22_HUMAN	P35268	RL22_HUMAN	RPL22	128	Homo sapiens	1:Experimental evidence at protein level	Large ribosomal subunit protein eL22	1.0	0.999	6	38	37	38	5	5	6	8	5	9	5	5	6	7	5	9	5	5	6	8	5	9	475011.56	382518.12	394203.62	786488.3	638922.0	710863.0	230280.84	185104.38	195884.56	360470.38	310562.0	318455.4	
sp|P35269|T2FA_HUMAN	P35269	T2FA_HUMAN	GTF2F1	517	Homo sapiens	1:Experimental evidence at protein level	General transcription factor IIF subunit 1	0.9814	0.999	1	7	7	7	2	1	1	1	0	2	2	1	1	1	0	2	2	1	1	1	0	2	22615.71	33274.09	23265.498	21673.607	0.0	20084.693	22615.71	33274.09	23265.498	21673.607	0.0	20084.693	
sp|P35527|K1C9_HUMAN	P35527	K1C9_HUMAN	KRT9	623	Homo sapiens	1:Experimental evidence at protein level	Keratin, type I cytoskeletal 9	1.0	0.999	36	1067	1067	1087	200	179	225	148	167	148	200	179	225	148	167	148	204	181	234	149	169	150	1.6461903E7	1.995031E7	2.2344512E7	1.6376401E7	1.8484486E7	1.4791207E7	3078887.8	3398407.2	3948787.0	2956500.8	3444269.0	2519463.0	
sp|P35579|MYH9_HUMAN	P35579	MYH9_HUMAN	MYH9	1960	Homo sapiens	1:Experimental evidence at protein level	Myosin-9	1.0	0.999	77	651	573	651	111	104	113	89	95	139	97	90	97	79	84	126	111	104	113	89	95	139	1.805985E7	2530219.8	1.2690026E7	2412249.0	2567446.0	3.4626412E7	2202981.0	1606968.6	1743436.5	1760774.6	1821312.9	2153058.2	
sp|P35580|MYH10_HUMAN	P35580	MYH10_HUMAN	MYH10	1976	Homo sapiens	1:Experimental evidence at protein level	Myosin-10	1.0	0.9987	14	22	21	51	10	3	3	2	2	2	9	3	3	2	2	2	15	9	9	4	7	7	155724.52	66279.65	36186.812	45202.652	35100.617	37165.91	29659.658	28550.809	21727.314	27403.34	20797.99	20743.553	
sp|P35659|DEK_HUMAN	P35659	DEK_HUMAN	DEK	375	Homo sapiens	1:Experimental evidence at protein level	Protein DEK	1.0	0.9989	9	45	45	45	5	5	10	8	7	10	5	5	10	8	7	10	5	5	10	8	7	10	249048.86	297244.78	346543.62	435510.03	390366.47	415800.28	130383.99	117246.68	125751.77	168862.78	148028.17	141531.6	
sp|P35908|K22E_HUMAN	P35908	K22E_HUMAN	KRT2	639	Homo sapiens	1:Experimental evidence at protein level	Keratin, type II cytoskeletal 2 epidermal	1.0	0.999	50	967	810	1074	168	152	191	127	156	173	143	133	155	97	134	148	184	168	216	143	169	194	1.2548285E7	1.1733239E7	1.5573467E7	1.0455992E7	1.3865742E7	1.1692536E7	1433776.6	1431786.2	1879085.9	1511739.0	1817565.9	1425395.0	
sp|P36542|ATPG_HUMAN	P36542	ATPG_HUMAN	ATP5F1C	298	Homo sapiens	1:Experimental evidence at protein level	ATP synthase F(1) complex subunit gamma, mitochondrial	1.0	0.999	6	19	19	19	4	4	2	3	3	3	4	4	2	3	3	3	4	4	2	3	3	3	51545.484	95152.54	51385.402	73900.555	86162.234	118576.36	31786.809	46256.406	34052.875	54811.22	64545.47	84373.01	
sp|P36873|PP1G_HUMAN	P36873	PP1G_HUMAN	PPP1CC	323	Homo sapiens	1:Experimental evidence at protein level	Serine/threonine-protein phosphatase PP1-gamma catalytic subunit	0.9812	0.999	1	4	4	4	1	0	1	0	1	1	1	0	1	0	1	1	1	0	1	0	1	1	24859.406	0.0	18833.129	0.0	31232.926	27964.217	24859.406	0.0	18833.129	0.0	31232.926	27964.217	
sp|P36957|ODO2_HUMAN	P36957	ODO2_HUMAN	DLST	453	Homo sapiens	1:Experimental evidence at protein level	Dihydrolipoyllysine-residue succinyltransferase component of 2-oxoglutarate dehydrogenase complex, mitochondrial	1.0	0.999	3	14	14	14	3	2	4	2	2	1	3	2	4	2	2	1	3	2	4	2	2	1	144408.12	92053.9	120067.3	116195.44	132770.88	57474.105	84420.664	55423.44	75912.96	70738.305	84056.04	57474.105	
sp|P37108|SRP14_HUMAN	P37108	SRP14_HUMAN	SRP14	136	Homo sapiens	1:Experimental evidence at protein level	Signal recognition particle 14 kDa protein	1.0	0.999	9	52	52	52	8	5	9	9	11	10	8	5	9	9	11	10	8	5	9	9	11	10	412655.84	308476.97	438724.47	484157.8	524835.5	540054.6	260361.47	273588.7	283559.97	271910.97	316882.16	264518.06	
sp|P38646|HSPA9_HUMAN	P38646	HSPA9_HUMAN	HSPA9	679	Homo sapiens	1:Experimental evidence at protein level	Stress-70 protein, mitochondrial	1.0	0.9914	3	23	23	23	4	3	4	2	7	3	4	3	4	2	7	3	4	3	4	2	7	3	100099.28	101858.58	120647.33	102018.88	128129.47	79644.44	80986.02	101858.58	103176.03	102018.88	112025.75	54882.86	
sp|P38919|IF4A3_HUMAN	P38919	IF4A3_HUMAN	EIF4A3	411	Homo sapiens	1:Experimental evidence at protein level	Eukaryotic initiation factor 4A-III	1.0	0.999	1	18	18	18	3	3	3	4	2	3	3	3	3	4	2	3	3	3	3	4	2	3	77797.12	95126.2	82103.24	75237.73	65729.06	43742.547	47509.992	57190.03	50325.4	47057.887	38325.6	27621.242	
sp|P39023|RL3_HUMAN	P39023	RL3_HUMAN	RPL3	403	Homo sapiens	1:Experimental evidence at protein level	Large ribosomal subunit protein uL3	1.0	0.9964	5	17	16	17	4	3	3	2	0	5	4	3	3	2	0	4	4	3	3	2	0	5	73577.77	72361.96	67914.484	45981.582	0.0	52474.82	43964.426	41490.84	39433.29	41570.586	0.0	37538.242	
sp|P39748|FEN1_HUMAN	P39748	FEN1_HUMAN	FEN1	380	Homo sapiens	1:Experimental evidence at protein level	Flap endonuclease 1	1.0	0.999	4	13	13	13	0	0	0	3	5	5	0	0	0	3	5	5	0	0	0	3	5	5	0.0	0.0	0.0	25445.316	38657.54	46464.02	0.0	0.0	0.0	19102.107	21651.844	22456.834	
sp|P40429|RL13A_HUMAN	P40429	RL13A_HUMAN	RPL13A	203	Homo sapiens	1:Experimental evidence at protein level	Large ribosomal subunit protein uL13	0.9808	0.999	1	7	7	7	0	1	1	1	1	3	0	1	1	1	1	3	0	1	1	1	1	3	0.0	35294.703	56880.875	71851.71	50398.195	62378.133	0.0	35294.703	56880.875	71851.71	50398.195	62378.133	
sp|P40763|STAT3_HUMAN	P40763	STAT3_HUMAN	STAT3	770	Homo sapiens	1:Experimental evidence at protein level	Signal transducer and activator of transcription 3	0.974	0.9986	1	1	1	1	0	0	1	0	0	0	0	0	1	0	0	0	0	0	1	0	0	0	0.0	0.0	25043.875	0.0	0.0	0.0	0.0	0.0	0.0	0.0	0.0	0.0	
sp|P40926|MDHM_HUMAN	P40926	MDHM_HUMAN	MDH2	338	Homo sapiens	1:Experimental evidence at protein level	Malate dehydrogenase, mitochondrial	0.7812	0.9854	1	1	1	1	1	0	0	0	0	0	1	0	0	0	0	0	1	0	0	0	0	0	9381.598	0.0	0.0	0.0	0.0	0.0	0.0	0.0	0.0	0.0	0.0	0.0	
sp|P40937|RFC5_HUMAN	P40937	RFC5_HUMAN	RFC5	340	Homo sapiens	1:Experimental evidence at protein level	Replication factor C subunit 5	1.0	0.9989	3	18	18	18	3	2	3	1	3	6	3	2	3	1	3	6	3	2	3	1	3	6	51301.562	30274.266	50351.43	47949.754	58201.984	68566.01	23442.955	30379.297	28134.904	26860.102	26799.584	30427.885	
sp|P40938|RFC3_HUMAN	P40938	RFC3_HUMAN	RFC3	356	Homo sapiens	1:Experimental evidence at protein level	Replication factor C subunit 3	1.0	0.999	3	31	31	31	4	8	5	4	4	6	4	8	5	4	4	6	4	8	5	4	4	6	85414.305	99859.99	89433.71	96368.47	78957.87	106941.125	63382.492	68316.945	60379.344	68754.29	60182.445	71821.09	
sp|P40939|ECHA_HUMAN	P40939	ECHA_HUMAN	HADHA	763	Homo sapiens	1:Experimental evidence at protein level	Trifunctional enzyme subunit alpha, mitochondrial	1.0	0.999	6	34	34	34	4	4	7	6	7	6	4	4	7	6	7	6	4	4	7	6	7	6	89639.4	107617.07	189048.38	99480.1	124857.125	98167.61	53419.617	52813.87	59450.78	49336.39	57476.73	39747.242	
sp|P41091|IF2G_HUMAN	P41091	IF2G_HUMAN	EIF2S3	472	Homo sapiens	1:Experimental evidence at protein level	Eukaryotic translation initiation factor 2 subunit 3	1.0	0.999	10	109	18	109	19	15	20	19	14	22	3	2	4	3	3	3	19	15	20	19	14	22	2576593.5	1953196.4	1742356.5	2638515.2	2367793.0	2093271.4	1883715.5	1314372.8	1449302.4	1935816.5	1858234.4	1907672.9	
sp|P41240|CSK_HUMAN	P41240	CSK_HUMAN	CSK	450	Homo sapiens	1:Experimental evidence at protein level	Tyrosine-protein kinase CSK	1.0	0.9984	1	17	17	17	3	4	2	0	4	4	3	4	2	0	4	4	3	4	2	0	4	4	73194.4	50003.492	38466.965	0.0	57243.312	61546.227	43885.992	26096.883	40486.59	0.0	60248.746	34621.246	
sp|P41252|SYIC_HUMAN	P41252	SYIC_HUMAN	IARS1	1262	Homo sapiens	1:Experimental evidence at protein level	Isoleucine--tRNA ligase, cytoplasmic	1.0	0.999	14	81	81	81	14	12	14	13	11	17	14	12	14	13	11	17	14	12	14	13	11	17	426353.0	289597.06	325844.25	305267.4	301925.8	427926.9	82797.766	63120.855	66894.52	80846.555	70012.54	87810.86	
sp|P42166|LAP2A_HUMAN	P42166	LAP2A_HUMAN	TMPO	694	Homo sapiens	1:Experimental evidence at protein level	Lamina-associated polypeptide 2, isoform alpha	1.0	0.999	10	64	30	64	3	5	5	15	12	24	0	0	0	5	7	18	3	5	5	15	12	24	75001.375	89914.19	48511.348	509406.06	545486.7	725140.06	52417.785	63840.547	48511.348	143502.55	143162.42	140468.53	
sp|P42224|STAT1_HUMAN	P42224	STAT1_HUMAN	STAT1	750	Homo sapiens	1:Experimental evidence at protein level	Signal transducer and activator of transcription 1-alpha/beta	0.9944	0.9981	1	3	3	3	1	0	0	0	1	1	1	0	0	0	1	1	1	0	0	0	1	1	20847.145	0.0	0.0	23183.26	13737.707	19786.305	20847.145	0.0	0.0	23183.26	13737.707	19786.305	
sp|P42696|RBM34_HUMAN	P42696	RBM34_HUMAN	RBM34	430	Homo sapiens	1:Experimental evidence at protein level	RNA-binding protein 34	1.0	0.9989	4	8	8	8	4	1	0	0	2	1	4	1	0	0	2	1	4	1	0	0	2	1	59295.96	12169.52	0.0	0.0	27751.305	26124.377	26367.627	12169.52	0.0	0.0	27751.305	26124.377	
sp|P42766|RL35_HUMAN	P42766	RL35_HUMAN	RPL35	123	Homo sapiens	1:Experimental evidence at protein level	Large ribosomal subunit protein uL29	1.0	0.999	7	33	33	33	4	4	3	6	5	11	4	4	3	6	5	11	4	4	3	6	5	11	117080.7	89751.34	134776.6	151157.95	182353.3	260987.8	74961.94	63819.258	86178.836	123692.17	94546.49	127294.8	
sp|P43243|MATR3_HUMAN	P43243	MATR3_HUMAN	MATR3	847	Homo sapiens	1:Experimental evidence at protein level	Matrin-3	1.0	0.999	4	18	18	18	4	3	2	3	3	3	4	3	2	3	3	3	4	3	2	3	3	3	52332.4	89545.73	63013.42	113177.78	65545.06	65638.9	30570.572	37976.406	35271.57	43374.062	37750.676	24784.627	
sp|P46013|KI67_HUMAN	P46013	KI67_HUMAN	MKI67	3256	Homo sapiens	1:Experimental evidence at protein level	Proliferation marker protein Ki-67	0.4795	0.9456	1	1	1	1	1	0	0	0	0	0	1	0	0	0	0	0	1	0	0	0	0	0	24284.412	0.0	0.0	0.0	0.0	0.0	0.0	0.0	0.0	0.0	0.0	0.0	
sp|P46776|RL27A_HUMAN	P46776	RL27A_HUMAN	RPL27A	148	Homo sapiens	1:Experimental evidence at protein level	Large ribosomal subunit protein uL15	1.0	0.9989	4	51	51	51	10	7	8	10	9	7	10	7	8	10	9	7	10	7	8	10	9	7	976085.3	988158.9	882135.2	1368913.9	821011.5	927642.9	894453.4	812555.3	927863.56	895625.2	672170.56	940029.4	
sp|P46778|RL21_HUMAN	P46778	RL21_HUMAN	RPL21	160	Homo sapiens	1:Experimental evidence at protein level	Large ribosomal subunit protein eL21	1.0	0.999	6	36	36	36	6	5	3	8	5	9	6	5	3	8	5	9	6	5	3	8	5	9	275903.6	173165.02	164980.58	342155.5	255400.38	229657.53	84624.35	71614.22	71559.63	97486.84	104087.18	96828.18	
sp|P46779|RL28_HUMAN	P46779	RL28_HUMAN	RPL28	137	Homo sapiens	1:Experimental evidence at protein level	Large ribosomal subunit protein eL28	1.0	0.999	6	49	49	49	9	8	6	9	7	10	9	8	6	9	7	10	9	8	6	9	7	10	410746.56	472532.72	343697.7	496563.16	368906.8	514828.12	191646.9	219923.38	173739.89	242902.7	214693.95	267496.0	
sp|P46781|RS9_HUMAN	P46781	RS9_HUMAN	RPS9	194	Homo sapiens	1:Experimental evidence at protein level	Small ribosomal subunit protein uS4	1.0	0.9982	5	19	19	19	5	1	5	2	1	5	5	1	5	2	1	5	5	1	5	2	1	5	90031.31	33530.965	83737.13	29382.877	24333.707	58254.258	29722.588	41786.19	36636.54	29135.371	24128.73	29451.754	
sp|P46782|RS5_HUMAN	P46782	RS5_HUMAN	RPS5	204	Homo sapiens	1:Experimental evidence at protein level	Small ribosomal subunit protein uS7	0.9814	0.999	1	1	1	1	0	0	0	0	0	1	0	0	0	0	0	1	0	0	0	0	0	1	0.0	0.0	0.0	0.0	0.0	38030.777	0.0	0.0	0.0	0.0	0.0	0.0	
sp|P46783|RS10_HUMAN	P46783	RS10_HUMAN	RPS10	165	Homo sapiens	1:Experimental evidence at protein level	Small ribosomal subunit protein eS10	0.9367	0.9964	1	1	1	1	0	0	0	0	0	1	0	0	0	0	0	1	0	0	0	0	0	1	0.0	0.0	0.0	0.0	0.0	6398.8423	0.0	0.0	0.0	0.0	0.0	0.0	
sp|P46940|IQGA1_HUMAN	P46940	IQGA1_HUMAN	IQGAP1	1657	Homo sapiens	1:Experimental evidence at protein level	Ras GTPase-activating-like protein IQGAP1	1.0	0.999	3	11	11	11	2	1	1	1	2	4	2	1	1	1	2	4	2	1	1	1	2	4	63129.887	56927.566	45029.66	67767.336	68830.16	98327.53	63129.887	56927.566	45029.66	67767.336	68830.16	66688.664	
sp|P47897|SYQ_HUMAN	P47897	SYQ_HUMAN	QARS1	775	Homo sapiens	1:Experimental evidence at protein level	Glutamine--tRNA ligase	1.0	0.999	11	37	37	37	5	4	5	4	9	10	5	4	5	4	9	10	5	4	5	4	9	10	86158.56	84456.58	93245.43	54925.95	156726.27	173639.48	38381.766	27073.238	24413.596	42420.727	42248.137	46409.168	
sp|P47914|RL29_HUMAN	P47914	RL29_HUMAN	RPL29	159	Homo sapiens	1:Experimental evidence at protein level	Large ribosomal subunit protein eL29	1.0	0.999	2	18	18	18	4	3	3	3	3	2	4	3	3	3	3	2	4	3	3	3	3	2	132760.2	84177.26	150960.97	249977.62	201486.73	255680.5	109259.26	84177.26	125142.19	192485.98	155706.6	202592.39	
sp|P47929|LEG7_HUMAN	P47929	LEG7_HUMAN	LGALS7	136	Homo sapiens	1:Experimental evidence at protein level	Galectin-7	1.0	0.9986	3	8	8	8	1	0	3	0	0	4	1	0	3	0	0	4	1	0	3	0	0	4	32554.701	0.0	81297.95	0.0	0.0	65049.465	32554.701	0.0	38290.848	0.0	0.0	35051.066	
sp|P48047|ATPO_HUMAN	P48047	ATPO_HUMAN	ATP5PO	213	Homo sapiens	1:Experimental evidence at protein level	ATP synthase peripheral stalk subunit OSCP, mitochondrial	0.9728	0.9985	1	8	8	8	1	3	1	1	1	1	1	3	1	1	1	1	1	3	1	1	1	1	30582.387	30873.695	23968.447	29394.45	31009.664	43487.547	30582.387	30873.695	23968.447	29394.45	31009.664	43487.547	
sp|P48426|PI42A_HUMAN	P48426	PI42A_HUMAN	PIP4K2A	406	Homo sapiens	1:Experimental evidence at protein level	Phosphatidylinositol 5-phosphate 4-kinase type-2 alpha	1.0	0.999	9	62	54	62	13	11	9	7	8	14	12	9	9	5	7	12	13	11	9	7	8	14	810942.56	746782.1	719250.1	714547.7	787413.3	844347.8	378037.6	306597.1	343694.78	385925.47	339899.47	349583.66	
sp|P48643|TCPE_HUMAN	P48643	TCPE_HUMAN	CCT5	541	Homo sapiens	1:Experimental evidence at protein level	T-complex protein 1 subunit epsilon	0.642	0.9713	1	1	1	1	0	0	0	0	1	0	0	0	0	0	1	0	0	0	0	0	1	0	0.0	0.0	0.0	0.0	25377.549	0.0	0.0	0.0	0.0	0.0	0.0	0.0	
sp|P48668|K2C6C_HUMAN	P48668	K2C6C_HUMAN	KRT6C	564	Homo sapiens	1:Experimental evidence at protein level	Keratin, type II cytoskeletal 6C	0.999	0.9833	38	2	2	410	2	0	0	0	0	0	2	0	0	0	0	0	67	75	83	52	59	74	14760.151	0.0	0.0	0.0	0.0	0.0	0.0	0.0	0.0	0.0	0.0	0.0	
sp|P49411|EFTU_HUMAN	P49411	EFTU_HUMAN	TUFM	455	Homo sapiens	1:Experimental evidence at protein level	Elongation factor Tu, mitochondrial	0.9809	0.999	1	7	7	7	1	2	2	0	1	1	1	2	2	0	1	1	1	2	2	0	1	1	38441.938	39909.586	45607.137	0.0	41488.234	22229.76	38441.938	39909.586	45607.137	0.0	41488.234	22229.76	
sp|P49458|SRP09_HUMAN	P49458	SRP09_HUMAN	SRP9	86	Homo sapiens	1:Experimental evidence at protein level	Signal recognition particle 9 kDa protein	1.0	0.9989	4	50	50	50	9	8	10	6	7	10	9	8	10	6	7	10	9	8	10	6	7	10	715872.0	583346.6	516112.38	708269.4	753843.25	684714.44	617933.25	518562.84	451009.6	673618.1	539798.94	524630.8	
sp|P49711|CTCF_HUMAN	P49711	CTCF_HUMAN	CTCF	727	Homo sapiens	1:Experimental evidence at protein level	Transcriptional repressor CTCF	0.9718	0.9985	1	2	2	2	0	0	0	0	1	1	0	0	0	0	1	1	0	0	0	0	1	1	0.0	0.0	0.0	0.0	8943.433	8165.993	0.0	0.0	0.0	0.0	8943.433	8165.993	
sp|P50416|CPT1A_HUMAN	P50416	CPT1A_HUMAN	CPT1A	773	Homo sapiens	1:Experimental evidence at protein level	Carnitine O-palmitoyltransferase 1, liver isoform	0.9729	0.9985	1	4	4	4	1	1	0	0	1	1	1	1	0	0	1	1	1	1	0	0	1	1	15826.19	19156.998	0.0	0.0	17268.543	18344.121	15826.19	19156.998	0.0	0.0	17268.543	18344.121	
sp|P50750|CDK9_HUMAN	P50750	CDK9_HUMAN	CDK9	372	Homo sapiens	1:Experimental evidence at protein level	Cyclin-dependent kinase 9	0.8978	0.994	1	2	2	2	0	0	0	0	1	1	0	0	0	0	1	1	0	0	0	0	1	1	0.0	0.0	0.0	0.0	11864.384	13421.562	0.0	0.0	0.0	0.0	11864.384	13421.562	
sp|P50991|TCPD_HUMAN	P50991	TCPD_HUMAN	CCT4	539	Homo sapiens	1:Experimental evidence at protein level	T-complex protein 1 subunit delta	0.9971	0.9855	1	5	5	5	2	1	1	0	0	1	2	1	1	0	0	1	2	1	1	0	0	1	24802.818	22304.342	0.0	0.0	0.0	18146.033	24802.818	22304.342	0.0	0.0	0.0	18146.033	
sp|P51531|SMCA2_HUMAN	P51531	SMCA2_HUMAN	SMARCA2	1590	Homo sapiens	1:Experimental evidence at protein level	SWI/SNF-related matrix-associated actin-dependent regulator of chromatin subfamily A member 2	0.9934	0.9719	1	4	0	4	1	1	1	0	0	1	0	0	0	0	0	0	1	1	1	0	0	1	10693.654	13131.73	11120.21	0.0	0.0	6845.7036	10693.654	13131.73	11120.21	0.0	0.0	6845.7036	sp|P51532|SMCA4_HUMAN
sp|P51608|MECP2_HUMAN	P51608	MECP2_HUMAN	MECP2	486	Homo sapiens	1:Experimental evidence at protein level	Methyl-CpG-binding protein 2	0.9808	0.999	1	18	18	18	3	2	3	4	3	3	3	2	3	4	3	3	3	2	3	4	3	3	23943.428	18005.94	20350.072	16603.43	13915.529	30875.139	23943.428	18005.94	20350.072	16603.43	13915.529	30875.139	
sp|P51825|AFF1_HUMAN	P51825	AFF1_HUMAN	AFF1	1210	Homo sapiens	1:Experimental evidence at protein level	AF4/FMR2 family member 1	0.6803	0.9757	1	1	1	1	0	0	0	0	0	1	0	0	0	0	0	1	0	0	0	0	0	1	0.0	0.0	0.0	0.0	0.0	11234.579	0.0	0.0	0.0	0.0	0.0	0.0	
sp|P51991|ROA3_HUMAN	P51991	ROA3_HUMAN	HNRNPA3	378	Homo sapiens	1:Experimental evidence at protein level	Heterogeneous nuclear ribonucleoprotein A3	0.9999	0.999	1	19	19	19	3	4	4	3	1	4	3	4	4	3	1	4	3	4	4	3	1	4	30212.316	29445.672	20771.678	32789.055	18813.385	23776.441	30212.316	29445.672	20771.678	32789.055	18813.385	23776.441	
sp|P52272|HNRPM_HUMAN	P52272	HNRPM_HUMAN	HNRNPM	730	Homo sapiens	1:Experimental evidence at protein level	Heterogeneous nuclear ribonucleoprotein M	1.0	0.999	9	17	17	17	4	1	5	3	1	3	4	1	5	3	1	3	4	1	5	3	1	3	98130.07	23939.904	150275.62	83319.414	63331.6	95962.04	46206.523	23953.186	46423.06	31684.59	63366.74	49046.445	
sp|P52292|IMA1_HUMAN	P52292	IMA1_HUMAN	KPNA2	529	Homo sapiens	1:Experimental evidence at protein level	Importin subunit alpha-1	0.9772	0.9988	1	16	16	16	1	2	2	3	3	5	1	2	2	3	3	5	1	2	2	3	3	5	36995.188	38743.59	46693.06	30822.896	24521.27	24343.209	36995.188	38743.59	46693.06	30822.896	24521.27	24343.209	
sp|P52434|RPAB3_HUMAN	P52434	RPAB3_HUMAN	POLR2H	150	Homo sapiens	1:Experimental evidence at protein level	DNA-directed RNA polymerases I, II, and III subunit RPABC3	1.0	0.999	4	20	20	20	4	4	3	4	2	3	4	4	3	4	2	3	4	4	3	4	2	3	25466.82	27002.582	24485.29	32989.86	22123.518	56904.72	18085.01	18464.174	17200.9	17685.867	15712.183	18854.87	
sp|P52565|GDIR1_HUMAN	P52565	GDIR1_HUMAN	ARHGDIA	204	Homo sapiens	1:Experimental evidence at protein level	Rho GDP-dissociation inhibitor 1	0.597	0.9655	1	1	1	1	0	0	0	0	0	1	0	0	0	0	0	1	0	0	0	0	0	1	0.0	0.0	0.0	0.0	0.0	46946.99	0.0	0.0	0.0	0.0	0.0	0.0	
sp|P52597|HNRPF_HUMAN	P52597	HNRPF_HUMAN	HNRNPF	415	Homo sapiens	1:Experimental evidence at protein level	Heterogeneous nuclear ribonucleoprotein F	0.9966	0.9961	3	7	7	34	0	0	2	4	1	0	0	0	2	4	1	0	6	5	3	11	4	5	0.0	0.0	75389.46	91361.6	125048.41	136852.7	0.0	0.0	75389.46	91361.6	125048.41	136852.7	
sp|P53804|TTC3_HUMAN	P53804	TTC3_HUMAN	TTC3	2025	Homo sapiens	1:Experimental evidence at protein level	E3 ubiquitin-protein ligase TTC3	0.6133	0.9677	1	1	1	1	0	1	0	0	0	0	0	1	0	0	0	0	0	1	0	0	0	0	0.0	21973.117	0.0	0.0	0.0	0.0	0.0	0.0	0.0	0.0	0.0	0.0	
sp|P53999|TCP4_HUMAN	P53999	TCP4_HUMAN	SUB1	127	Homo sapiens	1:Experimental evidence at protein level	Activated RNA polymerase II transcriptional coactivator p15	0.9999	0.9984	2	8	8	8	1	0	1	2	3	1	1	0	1	2	3	1	1	0	1	2	3	1	14237.379	0.0	0.0	107554.91	0.0	15345.416	14237.379	0.0	0.0	107554.91	0.0	0.0	
sp|P54136|SYRC_HUMAN	P54136	SYRC_HUMAN	RARS1	660	Homo sapiens	1:Experimental evidence at protein level	Arginine--tRNA ligase, cytoplasmic	1.0	0.999	14	57	57	57	14	6	12	7	7	11	14	6	12	7	7	11	14	6	12	7	7	11	160898.19	149212.16	211125.89	153562.67	180788.67	322424.44	40523.76	50677.73	46761.344	55112.168	52295.918	48716.156	
sp|P55084|ECHB_HUMAN	P55084	ECHB_HUMAN	HADHB	474	Homo sapiens	1:Experimental evidence at protein level	Trifunctional enzyme subunit beta, mitochondrial	1.0	0.9983	3	15	15	15	1	3	4	3	1	3	1	3	4	3	1	3	1	3	4	3	1	3	61287.78	85954.91	71168.914	109349.74	68017.76	103747.836	61287.78	65133.574	54713.21	64340.926	68017.76	61021.58	
sp|P55884|EIF3B_HUMAN	P55884	EIF3B_HUMAN	EIF3B	814	Homo sapiens	1:Experimental evidence at protein level	Eukaryotic translation initiation factor 3 subunit B	1.0	0.999	2	10	10	10	2	2	2	1	1	2	2	2	2	1	1	2	2	2	2	1	1	2	56498.688	41127.496	32137.42	43565.957	41758.88	36896.605	39399.863	41127.496	32137.42	43565.957	41758.88	36896.605	
sp|P56192|SYMC_HUMAN	P56192	SYMC_HUMAN	MARS1	900	Homo sapiens	1:Experimental evidence at protein level	Methionine--tRNA ligase, cytoplasmic	1.0	0.9987	4	14	14	14	1	2	1	2	4	4	1	2	1	2	4	4	1	2	1	2	4	4	33222.5	48631.61	25573.951	82206.69	36985.156	57666.07	35015.445	51256.152	26954.123	36546.863	28993.041	40796.27	
sp|P56537|IF6_HUMAN	P56537	IF6_HUMAN	EIF6	245	Homo sapiens	1:Experimental evidence at protein level	Eukaryotic translation initiation factor 6	0.9811	0.999	1	4	4	4	1	0	2	0	1	0	1	0	2	0	1	0	1	0	2	0	1	0	20203.05	0.0	23357.57	0.0	16241.107	0.0	20203.05	0.0	23357.57	0.0	16241.107	0.0	
sp|P57678|GEMI4_HUMAN	P57678	GEMI4_HUMAN	GEMIN4	1058	Homo sapiens	1:Experimental evidence at protein level	Gem-associated protein 4	0.9459	0.997	1	3	3	3	2	0	0	0	1	0	2	0	0	0	1	0	2	0	0	0	1	0	29685.97	0.0	0.0	0.0	19451.984	0.0	29685.97	0.0	0.0	0.0	19451.984	0.0	
sp|P59768|GBG2_HUMAN	P59768	GBG2_HUMAN	GNG2	71	Homo sapiens	1:Experimental evidence at protein level	Guanine nucleotide-binding protein G(I)/G(S)/G(O) subunit gamma-2	0.967	0.9982	1	9	9	9	3	1	1	1	2	1	3	1	1	1	2	1	3	1	1	1	2	1	38330.387	31590.92	30959.436	43296.824	32335.535	32159.6	38330.387	31590.92	30959.436	43296.824	32335.535	32159.6	
sp|P59780|AP3S2_HUMAN	P59780	AP3S2_HUMAN	AP3S2	193	Homo sapiens	1:Experimental evidence at protein level	AP-3 complex subunit sigma-2	0.9256	0.9958	1	7	7	7	1	1	1	1	2	1	1	1	1	1	2	1	1	1	1	1	2	1	49669.39	50946.23	45666.68	58958.66	59338.133	42403.426	49669.39	50946.23	45666.68	58958.66	59338.133	42403.426	
sp|P59998|ARPC4_HUMAN	P59998	ARPC4_HUMAN	ARPC4	168	Homo sapiens	1:Experimental evidence at protein level	Actin-related protein 2/3 complex subunit 4	1.0	0.9988	2	14	14	14	5	1	2	1	1	4	5	1	2	1	1	4	5	1	2	1	1	4	178111.17	111505.21	147241.1	136494.48	104363.0	118414.87	153925.39	111505.21	132941.94	136494.48	104363.0	106014.68	
sp|P60174|TPIS_HUMAN	P60174	TPIS_HUMAN	TPI1	249	Homo sapiens	1:Experimental evidence at protein level	Triosephosphate isomerase	0.978	0.9988	1	11	11	11	1	2	4	1	1	2	1	2	4	1	1	2	1	2	4	1	1	2	35580.656	45615.67	47553.383	23735.809	34188.188	38346.98	35580.656	45615.67	47553.383	23735.809	34188.188	38346.98	
sp|P60323|NANO3_HUMAN	P60323	NANO3_HUMAN	NANOS3	173	Homo sapiens	1:Experimental evidence at protein level	Nanos homolog 3	0.471	0.9438	1	2	2	2	0	0	0	1	0	1	0	0	0	1	0	1	0	0	0	1	0	1	0.0	0.0	0.0	29276.762	0.0	26958.262	0.0	0.0	0.0	29276.762	0.0	26958.262	
sp|P60660|MYL6_HUMAN	P60660	MYL6_HUMAN	MYL6	151	Homo sapiens	1:Experimental evidence at protein level	Myosin light polypeptide 6	1.0	0.9989	3	18	14	18	3	1	2	4	5	3	2	1	2	3	4	2	3	1	2	4	5	3	90731.5	36021.094	42854.637	177367.77	152908.19	107522.21	56926.43	55029.332	65468.914	76314.0	61652.215	51217.145	
sp|P60709|ACTB_HUMAN	P60709	ACTB_HUMAN	ACTB	375	Homo sapiens	1:Experimental evidence at protein level	Actin, cytoplasmic 1	1.0	0.999	16	303	0	303	64	41	63	31	46	58	0	0	0	0	0	0	64	41	63	31	46	58	3812325.8	2646598.8	2856479.5	2436648.2	2491968.0	2746756.8	747008.8	550118.2	574060.9	547466.0	517240.6	583884.06	sp|P63261|ACTG_HUMAN
sp|P60842|IF4A1_HUMAN	P60842	IF4A1_HUMAN	EIF4A1	406	Homo sapiens	1:Experimental evidence at protein level	Eukaryotic initiation factor 4A-I	1.0	0.9983	2	11	2	11	4	1	1	1	2	2	2	0	0	0	0	0	4	1	1	1	2	2	84260.92	40966.434	58997.61	55786.043	50483.848	78382.45	60556.773	40966.434	58997.61	55786.043	50483.848	78382.45	
sp|P60866|RS20_HUMAN	P60866	RS20_HUMAN	RPS20	119	Homo sapiens	1:Experimental evidence at protein level	Small ribosomal subunit protein uS10	0.9242	0.9957	1	2	2	2	0	0	2	0	0	0	0	0	2	0	0	0	0	0	2	0	0	0	0.0	0.0	19505.602	0.0	0.0	0.0	0.0	0.0	0.0	0.0	0.0	0.0	
sp|P61165|TM258_HUMAN	P61165	TM258_HUMAN	TMEM258	79	Homo sapiens	1:Experimental evidence at protein level	Dolichyl-diphosphooligosaccharide--protein glycosyltransferase subunit TMEM258	0.8476	0.9906	1	1	1	1	0	0	0	0	1	0	0	0	0	0	1	0	0	0	0	0	1	0	0.0	0.0	0.0	0.0	20933.967	0.0	0.0	0.0	0.0	0.0	0.0	0.0	
sp|P61247|RS3A_HUMAN	P61247	RS3A_HUMAN	RPS3A	264	Homo sapiens	1:Experimental evidence at protein level	Small ribosomal subunit protein eS1	1.0	0.999	21	351	351	351	51	53	56	63	64	64	51	53	56	63	64	64	51	53	56	63	64	64	4091203.2	3366773.2	3352074.5	4664093.0	4730405.5	4832846.5	806192.8	712351.9	723822.2	1025050.8	1080579.2	1072977.2	
sp|P61254|RL26_HUMAN	P61254	RL26_HUMAN	RPL26	145	Homo sapiens	1:Experimental evidence at protein level	Large ribosomal subunit protein uL24	1.0	0.9989	16	176	47	176	27	22	30	29	27	41	10	5	7	9	6	10	27	22	30	29	27	41	1129599.1	1211080.1	1379758.8	1907076.9	1289878.1	1624750.9	277262.53	302296.53	305132.75	427923.1	340851.9	376800.06	
sp|P61289|PSME3_HUMAN	P61289	PSME3_HUMAN	PSME3	254	Homo sapiens	1:Experimental evidence at protein level	Proteasome activator complex subunit 3	0.9595	0.9978	1	3	3	3	1	1	0	1	0	0	1	1	0	1	0	0	1	1	0	1	0	0	17351.02	35072.94	0.0	26516.63	0.0	0.0	17351.02	35072.94	0.0	26516.63	0.0	0.0	
sp|P61313|RL15_HUMAN	P61313	RL15_HUMAN	RPL15	204	Homo sapiens	1:Experimental evidence at protein level	Large ribosomal subunit protein eL15	0.735	0.9813	1	5	5	5	2	1	0	0	1	1	2	1	0	0	1	1	2	1	0	0	1	1	34666.56	36983.81	0.0	36245.17	37513.062	33503.754	34666.56	36983.81	0.0	36245.17	37513.062	33503.754	
sp|P61353|RL27_HUMAN	P61353	RL27_HUMAN	RPL27	136	Homo sapiens	1:Experimental evidence at protein level	Large ribosomal subunit protein eL27	0.8128	0.9879	1	2	2	2	0	0	0	1	0	1	0	0	0	1	0	1	0	0	0	1	0	1	0.0	0.0	0.0	21381.068	0.0	15470.498	0.0	0.0	0.0	21381.068	0.0	15470.498	
sp|P61513|RL37A_HUMAN	P61513	RL37A_HUMAN	RPL37A	92	Homo sapiens	1:Experimental evidence at protein level	Large ribosomal subunit protein eL43	1.0	0.999	5	40	36	40	5	3	7	9	5	11	5	3	6	9	4	9	5	3	7	9	5	11	209887.05	118370.41	256467.8	227415.16	301620.38	420584.38	136445.77	97230.56	142192.69	141510.23	163603.12	226238.8	
sp|P61626|LYSC_HUMAN	P61626	LYSC_HUMAN	LYZ	148	Homo sapiens	1:Experimental evidence at protein level	Lysozyme C	1.0	0.9989	3	19	19	19	5	3	3	3	2	3	5	3	3	3	2	3	5	3	3	3	2	3	119692.99	163646.62	165770.6	155207.55	113090.484	115388.08	115129.875	133105.44	145307.72	155207.55	99523.24	93989.77	
sp|P61803|DAD1_HUMAN	P61803	DAD1_HUMAN	DAD1	113	Homo sapiens	1:Experimental evidence at protein level	Dolichyl-diphosphooligosaccharide--protein glycosyltransferase subunit DAD1	0.8608	0.9915	1	6	6	6	0	0	1	1	1	3	0	0	1	1	1	3	0	0	1	1	1	3	0.0	0.0	15331.769	24696.314	13644.063	21443.164	0.0	0.0	15331.769	24696.314	13644.063	21443.164	
sp|P61927|RL37_HUMAN	P61927	RL37_HUMAN	RPL37	97	Homo sapiens	1:Experimental evidence at protein level	Large ribosomal subunit protein eL37	1.0	0.9965	3	28	28	28	5	3	6	5	4	5	5	3	6	5	4	5	5	3	6	5	4	5	51814.637	101397.62	96457.0	84035.33	97779.49	115748.414	29690.035	48571.35	48466.86	49988.766	47472.008	52797.57	
sp|P61978|HNRPK_HUMAN	P61978	HNRPK_HUMAN	HNRNPK	463	Homo sapiens	1:Experimental evidence at protein level	Heterogeneous nuclear ribonucleoprotein K	1.0	0.999	2	20	20	20	3	3	1	5	5	3	3	3	1	5	5	3	3	3	1	5	5	3	59711.68	115165.42	50016.41	133384.67	123488.81	112886.44	59711.68	74648.93	50016.41	86552.414	80109.07	72960.625	
sp|P62081|RS7_HUMAN	P62081	RS7_HUMAN	RPS7	194	Homo sapiens	1:Experimental evidence at protein level	Small ribosomal subunit protein eS7	1.0	0.999	5	13	13	13	4	2	1	2	1	3	4	2	1	2	1	3	4	2	1	2	1	3	90085.12	75372.695	49262.016	85353.766	27117.127	33226.56	36162.91	55562.24	36314.316	50193.5	78852.12	67065.38	
sp|P62140|PP1B_HUMAN	P62140	PP1B_HUMAN	PPP1CB	327	Homo sapiens	1:Experimental evidence at protein level	Serine/threonine-protein phosphatase PP1-beta catalytic subunit	0.9814	0.999	1	10	10	10	1	1	3	2	3	0	1	1	3	2	3	0	1	1	3	2	3	0	42017.63	38528.93	36155.543	49909.49	34144.97	0.0	42017.63	38528.93	36155.543	49909.49	34144.97	0.0	
sp|P62241|RS8_HUMAN	P62241	RS8_HUMAN	RPS8	208	Homo sapiens	1:Experimental evidence at protein level	Small ribosomal subunit protein eS8	1.0	0.999	8	134	134	134	25	19	24	20	14	32	25	19	24	20	14	32	25	19	24	20	14	32	1173235.6	897886.94	1016883.4	1064996.5	1013212.94	1447269.6	450694.12	318028.2	342629.34	371799.38	408484.25	444676.9	
sp|P62244|RS15A_HUMAN	P62244	RS15A_HUMAN	RPS15A	130	Homo sapiens	1:Experimental evidence at protein level	Small ribosomal subunit protein uS8	1.0	0.999	5	29	29	29	4	2	6	7	6	4	4	2	6	7	6	4	4	2	6	7	6	4	151142.44	119303.61	125071.34	248596.84	117308.586	152312.25	90795.695	87097.45	73498.99	85067.05	58787.914	58286.586	
sp|P62249|RS16_HUMAN	P62249	RS16_HUMAN	RPS16	146	Homo sapiens	1:Experimental evidence at protein level	Small ribosomal subunit protein uS9	0.9999	0.9959	2	4	4	4	1	0	0	1	1	1	1	0	0	1	1	1	1	0	0	1	1	1	11891.578	0.0	0.0	20281.742	14326.201	12798.772	11891.578	0.0	0.0	20281.742	14326.201	12798.772	
sp|P62263|RS14_HUMAN	P62263	RS14_HUMAN	RPS14	151	Homo sapiens	1:Experimental evidence at protein level	Small ribosomal subunit protein uS11	1.0	0.999	4	19	19	19	1	2	3	3	4	6	1	2	3	3	4	6	1	2	3	3	4	6	86192.38	338539.75	201336.53	365294.8	406858.2	430565.75	91223.95	179283.72	105867.336	196746.34	182782.47	177621.5	
sp|P62266|RS23_HUMAN	P62266	RS23_HUMAN	RPS23	143	Homo sapiens	1:Experimental evidence at protein level	Small ribosomal subunit protein uS12	1.0	0.999	4	27	27	27	3	3	4	4	3	10	3	3	4	4	3	10	3	3	4	4	3	10	198074.94	118632.79	182718.75	205335.22	178124.97	381091.56	96604.87	70625.56	93040.945	102809.56	106129.95	192743.19	
sp|P62269|RS18_HUMAN	P62269	RS18_HUMAN	RPS18	152	Homo sapiens	1:Experimental evidence at protein level	Small ribosomal subunit protein uS13	1.0	0.9969	5	21	21	21	3	3	3	3	4	5	3	3	3	3	4	5	3	3	3	3	4	5	101059.36	58124.78	66891.555	82433.0	97438.34	173443.78	53159.02	65194.34	44091.098	52507.516	37280.37	63330.758	
sp|P62273|RS29_HUMAN	P62273	RS29_HUMAN	RPS29	56	Homo sapiens	1:Experimental evidence at protein level	Small ribosomal subunit protein uS14	1.0	0.9968	2	18	18	18	5	1	1	4	3	4	5	1	1	4	3	4	5	1	1	4	3	4	65497.945	35929.727	38693.883	75448.0	57140.535	48230.67	60458.324	36829.195	39662.55	48980.7	32518.934	32293.535	
sp|P62277|RS13_HUMAN	P62277	RS13_HUMAN	RPS13	151	Homo sapiens	1:Experimental evidence at protein level	Small ribosomal subunit protein uS15	1.0	0.999	10	127	127	127	24	14	27	18	23	21	24	14	27	18	23	21	24	14	27	18	23	21	1355901.4	874334.94	1255761.1	1244828.8	1210874.5	1396537.5	220383.72	227393.66	304396.06	300306.56	308202.75	300490.12	
sp|P62280|RS11_HUMAN	P62280	RS11_HUMAN	RPS11	158	Homo sapiens	1:Experimental evidence at protein level	Small ribosomal subunit protein uS17	1.0	0.9986	8	51	51	51	10	7	10	8	7	9	10	7	10	8	7	9	10	7	10	8	7	9	203432.33	337698.6	405059.22	456060.4	398860.9	446021.03	96808.03	98723.18	132334.62	161749.36	163753.0	184958.83	
sp|P62316|SMD2_HUMAN	P62316	SMD2_HUMAN	SNRPD2	118	Homo sapiens	1:Experimental evidence at protein level	Small nuclear ribonucleoprotein Sm D2	0.5725	0.9619	1	4	4	4	0	0	0	0	2	2	0	0	0	0	2	2	0	0	0	0	2	2	0.0	0.0	0.0	0.0	40016.285	40675.316	0.0	0.0	0.0	0.0	40016.285	40675.316	
sp|P62318|SMD3_HUMAN	P62318	SMD3_HUMAN	SNRPD3	126	Homo sapiens	1:Experimental evidence at protein level	Small nuclear ribonucleoprotein Sm D3	0.9999	0.9985	2	7	7	7	1	1	1	1	1	2	1	1	1	1	1	2	1	1	1	1	1	2	50672.055	62933.51	40882.58	88270.11	97280.58	154415.11	50672.055	62933.51	40882.58	88270.11	97280.58	146997.8	
sp|P62491|RB11A_HUMAN	P62491	RB11A_HUMAN	RAB11A	216	Homo sapiens	1:Experimental evidence at protein level	Ras-related protein Rab-11A	0.9902	0.9569	1	5	0	5	2	0	0	0	1	2	0	0	0	0	0	0	2	0	0	0	1	2	29240.59	0.0	0.0	0.0	28495.719	25994.664	29240.59	0.0	0.0	0.0	28495.719	25994.664	sp|Q15907|RB11B_HUMAN
sp|P62701|RS4X_HUMAN	P62701	RS4X_HUMAN	RPS4X	263	Homo sapiens	1:Experimental evidence at protein level	Small ribosomal subunit protein eS4, X isoform	1.0	0.999	20	211	92	211	38	28	36	28	39	42	16	13	16	13	16	18	38	28	36	28	39	42	1312899.2	742642.8	1560676.0	1185111.4	1545479.1	1758397.9	252693.86	197181.9	289544.5	304462.16	273382.66	329207.0	
sp|P62750|RL23A_HUMAN	P62750	RL23A_HUMAN	RPL23A	156	Homo sapiens	1:Experimental evidence at protein level	Large ribosomal subunit protein uL23	1.0	0.999	12	103	103	103	20	8	14	17	20	24	20	8	14	17	20	24	20	8	14	17	20	24	793565.8	461355.47	832974.1	1196091.6	1293093.4	1505323.4	297198.28	228668.83	309493.47	460269.4	458220.16	573759.44	
sp|P62753|RS6_HUMAN	P62753	RS6_HUMAN	RPS6	249	Homo sapiens	1:Experimental evidence at protein level	Small ribosomal subunit protein eS6	1.0	0.9989	4	35	35	35	5	2	5	6	4	13	5	2	5	6	4	13	5	2	5	6	4	13	242433.56	187331.39	187717.6	252345.06	210980.19	319766.0	191010.02	163020.08	163692.77	182921.25	154372.22	190364.08	
sp|P62805|H4_HUMAN	P62805	H4_HUMAN	H4C1	103	Homo sapiens	1:Experimental evidence at protein level	Histone H4	1.0	0.9982	4	28	28	28	3	3	5	5	4	8	3	3	5	5	4	8	3	3	5	5	4	8	147598.44	146964.34	170869.1	215754.77	229631.34	300846.88	81806.42	82135.1	83975.234	107166.25	115234.484	146283.92	
sp|P62829|RL23_HUMAN	P62829	RL23_HUMAN	RPL23	140	Homo sapiens	1:Experimental evidence at protein level	Large ribosomal subunit protein uL14	1.0	0.999	2	6	6	6	2	0	1	0	1	2	2	0	1	0	1	2	2	0	1	0	1	2	46827.797	0.0	43625.625	0.0	42100.418	86882.15	46827.797	0.0	43625.625	0.0	42100.418	51265.582	
sp|P62847|RS24_HUMAN	P62847	RS24_HUMAN	RPS24	133	Homo sapiens	1:Experimental evidence at protein level	Small ribosomal subunit protein eS24	1.0	0.999	5	109	109	109	16	17	17	17	14	28	16	17	17	17	14	28	16	17	17	17	14	28	971798.75	856331.75	978108.94	1117147.9	851213.94	1568753.8	350129.6	269315.53	366547.44	420882.16	314463.5	469394.97	
sp|P62851|RS25_HUMAN	P62851	RS25_HUMAN	RPS25	125	Homo sapiens	1:Experimental evidence at protein level	Small ribosomal subunit protein eS25	1.0	0.9962	3	17	17	17	2	1	4	4	3	3	2	1	4	4	3	3	2	1	4	4	3	3	126124.43	73788.98	182849.22	200888.38	245382.14	156179.0	77237.664	73788.98	99222.92	112519.805	136457.81	131455.66	
sp|P62854|RS26_HUMAN	P62854	RS26_HUMAN	RPS26	115	Homo sapiens	1:Experimental evidence at protein level	Small ribosomal subunit protein eS26	1.0	0.999	3	14	7	14	1	2	3	2	2	4	1	1	1	1	1	2	1	2	3	2	2	4	78059.92	107488.05	156336.33	166436.23	148680.19	202752.9	82704.555	72263.54	74116.3	117149.62	101384.87	121225.78	
sp|P62873|GBB1_HUMAN	P62873	GBB1_HUMAN	GNB1	340	Homo sapiens	1:Experimental evidence at protein level	Guanine nucleotide-binding protein G(I)/G(S)/G(T) subunit beta-1	0.9814	0.999	1	2	2	2	1	0	0	0	0	1	1	0	0	0	0	1	1	0	0	0	0	1	27735.453	0.0	0.0	0.0	0.0	28723.654	27735.453	0.0	0.0	0.0	0.0	28723.654	
sp|P62891|RL39_HUMAN	P62891	RL39_HUMAN	RPL39	51	Homo sapiens	1:Experimental evidence at protein level	Large ribosomal subunit protein eL39	1.0	0.9964	2	17	0	17	4	1	4	4	1	3	0	0	0	0	0	0	4	1	4	4	1	3	112120.53	53520.715	93238.44	120509.49	103438.35	102496.45	73688.516	53520.715	85618.51	79145.48	68112.375	67158.32	sp|Q59GN2|R39L5_HUMAN
sp|P62899|RL31_HUMAN	P62899	RL31_HUMAN	RPL31	125	Homo sapiens	1:Experimental evidence at protein level	Large ribosomal subunit protein eL31	1.0	0.999	7	68	68	68	13	10	9	10	12	14	13	10	9	10	12	14	13	10	9	10	12	14	885062.7	882602.9	969975.2	1169994.2	1058016.9	813344.56	630160.25	520121.03	677760.06	869045.3	872296.94	509944.03	
sp|P62910|RL32_HUMAN	P62910	RL32_HUMAN	RPL32	135	Homo sapiens	1:Experimental evidence at protein level	Large ribosomal subunit protein eL32	1.0	0.9831	5	19	19	19	2	1	4	2	2	8	2	1	4	2	2	8	2	1	4	2	2	8	75677.26	102249.02	118732.66	121057.74	36766.754	180454.67	55759.953	100813.87	52439.97	87997.76	44210.926	57479.38	
sp|P62913|RL11_HUMAN	P62913	RL11_HUMAN	RPL11	178	Homo sapiens	1:Experimental evidence at protein level	Large ribosomal subunit protein uL5	1.0	0.9989	3	30	30	30	5	4	1	3	4	13	5	4	1	3	4	13	5	4	1	3	4	13	62440.08	39219.96	25358.023	48623.176	78536.91	175850.5	52962.984	39219.96	25358.023	39104.27	70599.1	95561.6	
sp|P62917|RL8_HUMAN	P62917	RL8_HUMAN	RPL8	257	Homo sapiens	1:Experimental evidence at protein level	Large ribosomal subunit protein uL2	1.0	0.999	5	17	17	17	3	3	2	2	3	4	3	3	2	2	3	4	3	3	2	2	3	4	105007.445	111152.61	40025.98	64453.684	77776.695	203345.06	55868.633	54137.125	47878.754	59290.566	51251.45	62730.844	
sp|P62937|PPIA_HUMAN	P62937	PPIA_HUMAN	PPIA	165	Homo sapiens	1:Experimental evidence at protein level	Peptidyl-prolyl cis-trans isomerase A	1.0	0.999	2	10	10	10	3	0	2	0	2	3	3	0	2	0	2	3	3	0	2	0	2	3	28531.482	0.0	24617.75	0.0	22989.742	24342.895	16471.705	0.0	12546.183	0.0	20053.734	13053.237	
sp|P63104|1433Z_HUMAN	P63104	1433Z_HUMAN	YWHAZ	245	Homo sapiens	1:Experimental evidence at protein level	14-3-3 protein zeta/delta	0.9814	0.999	1	12	12	12	2	1	1	4	3	1	2	1	1	4	3	1	2	1	1	4	3	1	35982.504	38504.33	38011.19	33454.74	27620.678	37656.355	35982.504	38504.33	38011.19	33454.74	27620.678	37656.355	
sp|P63173|RL38_HUMAN	P63173	RL38_HUMAN	RPL38	70	Homo sapiens	1:Experimental evidence at protein level	Large ribosomal subunit protein eL38	1.0	0.999	3	11	11	11	3	0	2	1	1	4	3	0	2	1	1	4	3	0	2	1	1	4	29650.77	0.0	43613.227	16867.059	15031.334	76294.7	29650.77	0.0	30821.45	0.0	15031.334	45285.656	
sp|P63220|RS21_HUMAN	P63220	RS21_HUMAN	RPS21	83	Homo sapiens	1:Experimental evidence at protein level	Small ribosomal subunit protein eS21	0.9808	0.999	1	1	1	1	1	0	0	0	0	0	1	0	0	0	0	0	1	0	0	0	0	0	14634.439	0.0	0.0	0.0	0.0	0.0	0.0	0.0	0.0	0.0	0.0	0.0	
sp|P67809|YBOX1_HUMAN	P67809	YBOX1_HUMAN	YBX1	324	Homo sapiens	1:Experimental evidence at protein level	Y-box-binding protein 1	1.0	0.9988	2	3	2	3	0	0	0	0	1	2	0	0	0	0	0	2	0	0	0	0	1	2	0.0	0.0	0.0	0.0	0.0	7143.653	0.0	0.0	0.0	0.0	0.0	0.0	
sp|P67936|TPM4_HUMAN	P67936	TPM4_HUMAN	TPM4	248	Homo sapiens	1:Experimental evidence at protein level	Tropomyosin alpha-4 chain	1.0	0.999	6	38	21	38	5	6	9	3	6	9	2	2	5	1	6	5	5	6	9	3	6	9	96751.78	41240.254	79569.805	67075.734	96110.47	85963.46	30210.629	29689.543	22451.951	30045.984	25029.56	19783.582	
sp|P68032|ACTC_HUMAN	P68032	ACTC_HUMAN	ACTC1	377	Homo sapiens	1:Experimental evidence at protein level	Actin, alpha cardiac muscle 1	1.0	0.9984	13	33	0	210	6	4	6	7	5	5	0	0	0	0	0	0	41	24	44	24	33	44	140422.14	80248.94	105767.89	135660.47	142304.16	156885.78	70746.77	36590.406	55301.688	74208.8	77609.5	85884.484	sp|P68133|ACTS_HUMAN
sp|P68104|EF1A1_HUMAN	P68104	EF1A1_HUMAN	EEF1A1	462	Homo sapiens	1:Experimental evidence at protein level	Elongation factor 1-alpha 1	1.0	0.999	7	45	0	45	9	6	5	6	7	12	0	0	0	0	0	0	9	6	5	6	7	12	283690.47	171030.75	348713.16	255751.25	386014.5	509063.34	147436.6	118190.09	197323.94	125702.586	163428.9	206309.69	sp|Q5VTE0|EF1A3_HUMAN
sp|P68363|TBA1B_HUMAN	P68363	TBA1B_HUMAN	TUBA1B	451	Homo sapiens	1:Experimental evidence at protein level	Tubulin alpha-1B chain	1.0	0.999	5	35	0	35	8	2	2	2	5	16	0	0	0	0	0	0	8	2	2	2	5	16	118584.73	52408.633	75506.0	70343.86	112870.14	129567.56	45472.133	30347.678	44371.55	38755.258	49104.72	46564.074	sp|Q71U36|TBA1A_HUMAN, sp|Q9BQE3|TBA1C_HUMAN
sp|P68431|H31_HUMAN	P68431	H31_HUMAN	H3C1	136	Homo sapiens	1:Experimental evidence at protein level	Histone H3.1	0.9397	0.9966	1	1	0	1	0	0	0	0	0	1	0	0	0	0	0	0	0	0	0	0	0	1	0.0	0.0	0.0	0.0	0.0	64902.836	0.0	0.0	0.0	0.0	0.0	0.0	sp|P84243|H33_HUMAN, sp|Q16695|H31T_HUMAN, sp|Q5TEC6|H37_HUMAN, sp|Q6NXT2|H3C_HUMAN, sp|Q71DI3|H32_HUMAN
sp|P78347|GTF2I_HUMAN	P78347	GTF2I_HUMAN	GTF2I	998	Homo sapiens	1:Experimental evidence at protein level	General transcription factor II-I	1.0	0.999	3	31	31	31	4	6	4	6	4	7	4	6	4	6	4	7	4	6	4	6	4	7	133597.94	199622.89	83053.16	128378.51	135418.02	149791.45	57737.367	88496.69	46211.902	64620.355	63891.223	64592.875	
sp|P78356|PI42B_HUMAN	P78356	PI42B_HUMAN	PIP4K2B	416	Homo sapiens	1:Experimental evidence at protein level	Phosphatidylinositol 5-phosphate 4-kinase type-2 beta	1.0	0.999	6	35	35	43	7	7	6	6	5	4	7	7	6	6	5	4	8	9	6	8	6	6	178611.25	184715.52	145963.17	160663.39	115860.766	129541.6	60918.73	64817.062	51682.86	52245.44	43321.492	56960.367	
sp|P78371|TCPB_HUMAN	P78371	TCPB_HUMAN	CCT2	535	Homo sapiens	1:Experimental evidence at protein level	T-complex protein 1 subunit beta	0.9783	0.9988	1	3	3	3	0	0	0	0	1	2	0	0	0	0	1	2	0	0	0	0	1	2	0.0	0.0	0.0	0.0	14260.374	10210.931	0.0	0.0	0.0	0.0	14260.374	10210.931	
sp|P81605|DCD_HUMAN	P81605	DCD_HUMAN	DCD	110	Homo sapiens	1:Experimental evidence at protein level	Dermcidin	1.0	0.9973	3	14	14	14	2	2	2	2	3	3	2	2	2	2	3	3	2	2	2	2	3	3	84192.11	87954.03	103888.16	143328.75	138148.05	102495.58	84192.11	87954.03	103888.16	121753.195	97226.07	80802.18	
sp|P82914|RT15_HUMAN	P82914	RT15_HUMAN	MRPS15	257	Homo sapiens	1:Experimental evidence at protein level	Small ribosomal subunit protein uS15m	0.7042	0.9782	1	4	4	4	0	1	1	0	1	1	0	1	1	0	1	1	0	1	1	0	1	1	0.0	30319.756	33708.14	0.0	26225.213	29701.934	0.0	30319.756	33708.14	0.0	26225.213	29701.934	
sp|P83731|RL24_HUMAN	P83731	RL24_HUMAN	RPL24	157	Homo sapiens	1:Experimental evidence at protein level	Large ribosomal subunit protein eL24	1.0	0.9989	6	42	42	42	5	3	8	5	4	17	5	3	8	5	4	17	5	3	8	5	4	17	345240.28	198058.9	423086.47	303669.78	258922.11	326348.56	157774.83	90097.52	148078.8	129532.13	127116.4	127129.195	
sp|P84098|RL19_HUMAN	P84098	RL19_HUMAN	RPL19	196	Homo sapiens	1:Experimental evidence at protein level	Large ribosomal subunit protein eL19	1.0	0.999	4	29	29	29	3	5	3	4	3	11	3	5	3	4	3	11	3	5	3	4	3	11	301753.62	254855.88	211756.05	357332.8	285454.16	417028.97	184765.14	156356.17	130360.83	221345.89	165522.19	237596.2	
sp|P84103|SRSF3_HUMAN	P84103	SRSF3_HUMAN	SRSF3	164	Homo sapiens	1:Experimental evidence at protein level	Serine/arginine-rich splicing factor 3	1.0	0.9978	3	7	5	7	0	0	0	2	1	4	0	0	0	2	1	2	0	0	0	2	1	4	0.0	0.0	0.0	84854.7	43473.188	131856.53	0.0	0.0	0.0	53532.965	43473.188	52763.21	
sp|Q00059|TFAM_HUMAN	Q00059	TFAM_HUMAN	TFAM	246	Homo sapiens	1:Experimental evidence at protein level	Transcription factor A, mitochondrial	1.0	0.9976	2	7	7	7	1	1	2	2	1	0	1	1	2	2	1	0	1	1	2	2	1	0	35440.188	37354.11	73671.95	94767.62	42285.617	0.0	39268.47	41389.133	40721.094	48591.324	44502.426	0.0	
sp|Q00325|S25A3_HUMAN	Q00325	S25A3_HUMAN	SLC25A3	362	Homo sapiens	1:Experimental evidence at protein level	Solute carrier family 25 member 3	0.9784	0.9988	1	4	4	4	0	1	0	1	1	1	0	1	0	1	1	1	0	1	0	1	1	1	0.0	33203.605	0.0	50100.26	58557.273	40444.758	0.0	33203.605	0.0	50100.26	58557.273	40444.758	
sp|Q00341|VIGLN_HUMAN	Q00341	VIGLN_HUMAN	HDLBP	1268	Homo sapiens	1:Experimental evidence at protein level	Vigilin	0.9814	0.999	1	5	5	5	1	0	1	0	1	2	1	0	1	0	1	2	1	0	1	0	1	2	35121.2	0.0	24885.38	23028.361	23305.125	29795.938	35121.2	0.0	24885.38	23028.361	23305.125	29795.938	
sp|Q00610|CLH1_HUMAN	Q00610	CLH1_HUMAN	CLTC	1675	Homo sapiens	1:Experimental evidence at protein level	Clathrin heavy chain 1	1.0	0.999	6	29	25	29	10	3	5	4	2	5	8	2	5	4	2	4	10	3	5	4	2	5	120004.12	117921.56	163346.39	89314.66	89127.18	131118.78	67329.16	54033.45	57490.3	47761.07	48755.566	49763.867	
sp|Q00839|HNRPU_HUMAN	Q00839	HNRPU_HUMAN	HNRNPU	825	Homo sapiens	1:Experimental evidence at protein level	Heterogeneous nuclear ribonucleoprotein U	1.0	0.999	23	188	188	188	8	5	5	31	59	80	8	5	5	31	59	80	8	5	5	31	59	80	212409.62	300045.0	124922.85	1744829.0	3776653.8	4326931.0	151082.52	196768.11	81472.414	630948.94	1027795.94	1415329.6	
sp|Q01469|FABP5_HUMAN	Q01469	FABP5_HUMAN	FABP5	135	Homo sapiens	1:Experimental evidence at protein level	Fatty acid-binding protein 5	0.9999	0.9952	2	6	6	6	0	1	2	0	1	2	0	1	2	0	1	2	0	1	2	0	1	2	0.0	28083.527	55490.527	0.0	122381.17	50900.33	0.0	28083.527	55490.527	0.0	122381.17	37645.22	
sp|Q01518|CAP1_HUMAN	Q01518	CAP1_HUMAN	CAP1	475	Homo sapiens	1:Experimental evidence at protein level	Adenylyl cyclase-associated protein 1	0.843	0.9902	1	2	2	2	0	0	0	1	0	1	0	0	0	1	0	1	0	0	0	1	0	1	0.0	0.0	0.0	22648.506	0.0	16920.973	0.0	0.0	0.0	22648.506	0.0	16920.973	
sp|Q01546|K22O_HUMAN	Q01546	K22O_HUMAN	KRT76	638	Homo sapiens	1:Experimental evidence at protein level	Keratin, type II cytoskeletal 2 oral	1.0	0.9989	17	6	6	191	1	0	0	0	0	5	1	0	0	0	0	5	30	25	43	31	24	38	35099.418	0.0	0.0	0.0	0.0	135005.44	35099.418	0.0	0.0	0.0	0.0	95814.79	
sp|Q01844|EWS_HUMAN	Q01844	EWS_HUMAN	EWSR1	656	Homo sapiens	1:Experimental evidence at protein level	RNA-binding protein EWS	1.0	0.9988	3	10	10	10	0	0	0	0	5	5	0	0	0	0	5	5	0	0	0	0	5	5	0.0	0.0	0.0	0.0	46492.938	44638.016	0.0	0.0	0.0	0.0	25049.541	18794.27	
sp|Q02413|DSG1_HUMAN	Q02413	DSG1_HUMAN	DSG1	1049	Homo sapiens	1:Experimental evidence at protein level	Desmoglein-1	1.0	0.999	11	69	69	69	13	10	13	6	14	13	13	10	13	6	14	13	13	10	13	6	14	13	356520.4	334048.0	377373.53	167762.16	402410.3	248259.42	70086.086	71479.08	78472.555	72644.69	80192.5	56857.215	
sp|Q04637|IF4G1_HUMAN	Q04637	IF4G1_HUMAN	EIF4G1	1599	Homo sapiens	1:Experimental evidence at protein level	Eukaryotic translation initiation factor 4 gamma 1	0.9793	0.9989	1	4	4	4	2	0	1	0	1	0	2	0	1	0	1	0	2	0	1	0	1	0	12287.114	0.0	13975.582	0.0	15335.26	0.0	12287.114	0.0	13975.582	0.0	15335.26	0.0	
sp|Q04695|K1C17_HUMAN	Q04695	K1C17_HUMAN	KRT17	432	Homo sapiens	1:Experimental evidence at protein level	Keratin, type I cytoskeletal 17	1.0	0.999	27	83	59	326	12	18	18	9	16	10	10	13	13	4	12	7	52	57	84	36	50	47	383154.16	730151.8	463100.88	221496.64	431538.9	277147.7	82543.27	124932.586	96223.59	64404.027	83423.06	60811.332	
sp|Q04837|SSBP_HUMAN	Q04837	SSBP_HUMAN	SSBP1	148	Homo sapiens	1:Experimental evidence at protein level	Single-stranded DNA-binding protein, mitochondrial	1.0	0.999	5	13	13	13	0	0	0	3	7	3	0	0	0	3	7	3	0	0	0	3	7	3	0.0	0.0	0.0	113021.875	234950.92	140381.47	0.0	0.0	0.0	64174.246	93735.97	89589.97	
sp|Q06830|PRDX1_HUMAN	Q06830	PRDX1_HUMAN	PRDX1	199	Homo sapiens	1:Experimental evidence at protein level	Peroxiredoxin-1	1.0	0.9988	6	42	21	42	7	4	6	8	5	12	3	1	3	5	2	7	7	4	6	8	5	12	196225.0	194650.42	302961.9	196142.31	225076.36	305488.97	77898.78	78376.734	111573.555	105935.625	123169.375	130468.01	
sp|Q07283|TRHY_HUMAN	Q07283	TRHY_HUMAN	TCHH	1943	Homo sapiens	1:Experimental evidence at protein level	Trichohyalin	0.5516	0.9587	1	1	1	1	0	0	0	0	0	1	0	0	0	0	0	1	0	0	0	0	0	1	0.0	0.0	0.0	0.0	0.0	5582.6973	0.0	0.0	0.0	0.0	0.0	0.0	
sp|Q07955|SRSF1_HUMAN	Q07955	SRSF1_HUMAN	SRSF1	248	Homo sapiens	1:Experimental evidence at protein level	Serine/arginine-rich splicing factor 1	1.0	0.9871	3	5	5	5	0	0	0	1	1	3	0	0	0	1	1	3	0	0	0	1	1	3	0.0	0.0	0.0	27751.668	24600.395	32973.38	0.0	0.0	0.0	27751.668	24600.395	24289.111	
sp|Q08188|TGM3_HUMAN	Q08188	TGM3_HUMAN	TGM3	693	Homo sapiens	1:Experimental evidence at protein level	Protein-glutamine gamma-glutamyltransferase E	1.0	0.999	8	56	56	56	10	10	12	9	6	9	10	10	12	9	6	9	10	10	12	9	6	9	316084.72	316042.38	424447.9	167786.38	265056.12	361883.44	85927.22	93169.34	99940.73	70677.266	75559.06	99523.95	
sp|Q08379|GOGA2_HUMAN	Q08379	GOGA2_HUMAN	GOLGA2	1002	Homo sapiens	1:Experimental evidence at protein level	Golgin subfamily A member 2	0.9579	0.9977	1	2	2	2	1	0	1	0	0	0	1	0	1	0	0	0	1	0	1	0	0	0	4576.54	0.0	6855.1953	0.0	0.0	0.0	4576.54	0.0	6855.1953	0.0	0.0	0.0	
sp|Q08554|DSC1_HUMAN	Q08554	DSC1_HUMAN	DSC1	894	Homo sapiens	1:Experimental evidence at protein level	Desmocollin-1	1.0	0.999	3	42	42	42	13	8	8	4	5	4	13	8	8	4	5	4	13	8	8	4	5	4	199039.12	184297.38	243980.12	120583.85	210645.16	157634.83	87809.305	121647.73	83130.63	78607.7	95461.07	98626.28	
sp|Q09028|RBBP4_HUMAN	Q09028	RBBP4_HUMAN	RBBP4	425	Homo sapiens	1:Experimental evidence at protein level	Histone-binding protein RBBP4	1.0	0.999	6	39	12	39	5	4	7	7	5	11	1	2	1	2	2	4	5	4	7	7	5	11	210939.83	142625.02	235094.47	230543.38	227695.25	244520.5	116164.72	97362.41	135639.92	114389.88	138757.03	114286.305	
sp|Q10589|BST2_HUMAN	Q10589	BST2_HUMAN	BST2	180	Homo sapiens	1:Experimental evidence at protein level	Bone marrow stromal antigen 2	0.8175	0.9883	1	2	2	2	1	0	0	0	1	0	1	0	0	0	1	0	1	0	0	0	1	0	19535.363	0.0	0.0	0.0	17898.629	0.0	19535.363	0.0	0.0	0.0	17898.629	0.0	
sp|Q12797|ASPH_HUMAN	Q12797	ASPH_HUMAN	ASPH	758	Homo sapiens	1:Experimental evidence at protein level	Aspartyl/asparaginyl beta-hydroxylase	0.9953	0.9846	1	1	1	1	0	0	0	0	1	0	0	0	0	0	1	0	0	0	0	0	1	0	0.0	0.0	0.0	0.0	18888.172	0.0	0.0	0.0	0.0	0.0	0.0	0.0	
sp|Q12802|AKP13_HUMAN	Q12802	AKP13_HUMAN	AKAP13	2813	Homo sapiens	1:Experimental evidence at protein level	A-kinase anchor protein 13	0.9729	0.9985	1	4	4	4	2	0	0	1	0	1	2	0	0	1	0	1	2	0	0	1	0	1	14398.057	0.0	0.0	9683.096	0.0	18806.463	14398.057	0.0	0.0	9683.096	0.0	18806.463	
sp|Q12830|BPTF_HUMAN	Q12830	BPTF_HUMAN	BPTF	3046	Homo sapiens	1:Experimental evidence at protein level	Nucleosome-remodeling factor subunit BPTF	1.0	0.9754	2	2	2	2	1	0	0	0	0	1	1	0	0	0	0	1	1	0	0	0	0	1	13279.746	0.0	0.0	0.0	0.0	28378.354	0.0	0.0	0.0	0.0	0.0	0.0	
sp|Q12874|SF3A3_HUMAN	Q12874	SF3A3_HUMAN	SF3A3	501	Homo sapiens	1:Experimental evidence at protein level	Splicing factor 3A subunit 3	0.786	0.9858	1	4	4	4	0	0	1	0	2	1	0	0	1	0	2	1	0	0	1	0	2	1	0.0	0.0	16602.68	0.0	23653.111	19646.738	0.0	0.0	16602.68	0.0	23653.111	19646.738	
sp|Q12904|AIMP1_HUMAN	Q12904	AIMP1_HUMAN	AIMP1	312	Homo sapiens	1:Experimental evidence at protein level	Aminoacyl tRNA synthase complex-interacting multifunctional protein 1	1.0	0.999	5	16	16	16	0	1	1	1	7	6	0	1	1	1	7	6	0	1	1	1	7	6	0.0	38053.227	42291.19	31228.283	165886.66	142320.88	0.0	35428.906	39374.6	51499.484	49035.934	48624.938	
sp|Q12906|ILF3_HUMAN	Q12906	ILF3_HUMAN	ILF3	894	Homo sapiens	1:Experimental evidence at protein level	Interleukin enhancer-binding factor 3	1.0	0.9989	2	3	3	3	0	0	0	0	1	2	0	0	0	0	1	2	0	0	0	0	1	2	0.0	0.0	0.0	0.0	12455.968	40232.11	0.0	0.0	0.0	0.0	12455.968	25023.994	
sp|Q13085|ACACA_HUMAN	Q13085	ACACA_HUMAN	ACACA	2346	Homo sapiens	1:Experimental evidence at protein level	Acetyl-CoA carboxylase 1	1.0	0.999	19	82	76	82	27	10	15	7	11	12	24	9	14	7	11	11	27	10	15	7	11	12	919728.5	469480.34	521888.1	303754.66	333200.88	505636.62	165659.48	137685.95	127350.22	114776.36	106018.7	125268.7	
sp|Q13112|CAF1B_HUMAN	Q13112	CAF1B_HUMAN	CHAF1B	559	Homo sapiens	1:Experimental evidence at protein level	Chromatin assembly factor 1 subunit B	1.0	0.9986	2	10	10	10	2	4	1	1	0	2	2	4	1	1	0	2	2	4	1	1	0	2	24374.8	29710.29	11507.48	12737.082	0.0	19291.688	11696.395	15530.572	14223.725	15743.563	0.0	10131.799	
sp|Q13155|AIMP2_HUMAN	Q13155	AIMP2_HUMAN	AIMP2	320	Homo sapiens	1:Experimental evidence at protein level	Aminoacyl tRNA synthase complex-interacting multifunctional protein 2	0.9815	0.999	1	8	8	8	1	1	2	2	1	1	1	1	2	2	1	1	1	1	2	2	1	1	42744.164	50325.05	40372.63	61175.79	56633.816	61438.89	42744.164	50325.05	40372.63	61175.79	56633.816	61438.89	
sp|Q13206|DDX10_HUMAN	Q13206	DDX10_HUMAN	DDX10	875	Homo sapiens	1:Experimental evidence at protein level	Probable ATP-dependent RNA helicase DDX10	0.9315	0.9961	1	4	4	4	1	1	1	0	0	1	1	1	1	0	0	1	1	1	1	0	0	1	62490.242	55034.723	45285.93	0.0	67275.69	67502.75	62490.242	55034.723	45285.93	0.0	67275.69	67502.75	
sp|Q13263|TIF1B_HUMAN	Q13263	TIF1B_HUMAN	TRIM28	835	Homo sapiens	1:Experimental evidence at protein level	Transcription intermediary factor 1-beta	1.0	0.999	2	2	2	2	0	0	0	0	1	1	0	0	0	0	1	1	0	0	0	0	1	1	0.0	0.0	0.0	0.0	8053.53	12070.428	0.0	0.0	0.0	0.0	0.0	0.0	
sp|Q13347|EIF3I_HUMAN	Q13347	EIF3I_HUMAN	EIF3I	325	Homo sapiens	1:Experimental evidence at protein level	Eukaryotic translation initiation factor 3 subunit I	0.9268	0.9958	1	6	6	6	1	1	1	2	0	1	1	1	1	2	0	1	1	1	1	2	0	1	19330.365	19536.484	14528.775	17964.64	0.0	17022.256	19330.365	19536.484	14528.775	17964.64	0.0	17022.256	
sp|Q13435|SF3B2_HUMAN	Q13435	SF3B2_HUMAN	SF3B2	895	Homo sapiens	1:Experimental evidence at protein level	Splicing factor 3B subunit 2	0.9991	0.9954	1	5	5	5	1	1	2	0	1	0	1	1	2	0	1	0	1	1	2	0	1	0	34524.05	62769.86	37538.523	0.0	44723.84	0.0	34524.05	62769.86	37538.523	0.0	44723.84	0.0	
sp|Q13576|IQGA2_HUMAN	Q13576	IQGA2_HUMAN	IQGAP2	1575	Homo sapiens	1:Experimental evidence at protein level	Ras GTPase-activating-like protein IQGAP2	1.0	0.9849	2	5	5	5	0	0	1	0	1	3	0	0	1	0	1	3	0	0	1	0	1	3	0.0	0.0	0.0	0.0	26622.7	67529.89	0.0	0.0	0.0	0.0	26622.7	36026.094	
sp|Q13601|KRR1_HUMAN	Q13601	KRR1_HUMAN	KRR1	381	Homo sapiens	1:Experimental evidence at protein level	KRR1 small subunit processome component homolog	0.8898	0.9935	1	3	3	3	1	0	0	0	1	1	1	0	0	0	1	1	1	0	0	0	1	1	17212.168	0.0	0.0	0.0	21350.98	17214.94	17212.168	0.0	0.0	0.0	21350.98	17214.94	
sp|Q13769|THOC5_HUMAN	Q13769	THOC5_HUMAN	THOC5	683	Homo sapiens	1:Experimental evidence at protein level	THO complex subunit 5	1.0	0.9972	4	24	24	24	4	3	3	5	3	6	4	3	3	5	3	6	4	3	3	5	3	6	46063.883	43338.195	43778.01	58959.016	64621.75	86224.85	18270.209	31109.637	30932.473	26639.068	28866.762	31045.473	
sp|Q13835|PKP1_HUMAN	Q13835	PKP1_HUMAN	PKP1	747	Homo sapiens	1:Experimental evidence at protein level	Plakophilin-1	1.0	0.999	4	9	9	9	2	2	2	0	0	3	2	2	2	0	0	3	2	2	2	0	0	3	53541.504	97639.57	91846.914	0.0	0.0	58253.996	53541.504	77866.54	73339.66	0.0	0.0	49336.527	
sp|Q13867|BLMH_HUMAN	Q13867	BLMH_HUMAN	BLMH	455	Homo sapiens	1:Experimental evidence at protein level	Bleomycin hydrolase	0.9965	0.9989	1	8	8	8	1	1	1	3	1	1	1	1	1	3	1	1	1	1	1	3	1	1	73406.96	59161.74	80354.86	42723.004	36194.152	64278.406	73406.96	59161.74	80354.86	42723.004	36194.152	64278.406	
sp|Q14152|EIF3A_HUMAN	Q14152	EIF3A_HUMAN	EIF3A	1382	Homo sapiens	1:Experimental evidence at protein level	Eukaryotic translation initiation factor 3 subunit A	0.933	0.9962	1	3	3	3	0	1	1	1	0	0	0	1	1	1	0	0	0	1	1	1	0	0	0.0	30372.58	23238.705	29834.184	0.0	0.0	0.0	30372.58	23238.705	29834.184	0.0	0.0	
sp|Q14241|ELOA1_HUMAN	Q14241	ELOA1_HUMAN	ELOA	772	Homo sapiens	1:Experimental evidence at protein level	Elongin-A	1.0	0.9989	3	25	25	25	5	5	2	6	2	5	5	5	2	6	2	5	5	5	2	6	2	5	84912.89	59961.895	66070.664	69175.69	93340.07	89539.7	57049.383	40190.207	42917.984	47629.965	59954.87	55037.406	
sp|Q14532|K1H2_HUMAN	Q14532	K1H2_HUMAN	KRT32	448	Homo sapiens	1:Experimental evidence at protein level	Keratin, type I cuticular Ha2	0.9699	0.9764	4	1	0	32	0	1	0	0	0	0	0	0	0	0	0	0	4	4	15	3	3	3	0.0	35409.484	0.0	0.0	0.0	0.0	0.0	0.0	0.0	0.0	0.0	0.0	
sp|Q14554|PDIA5_HUMAN	Q14554	PDIA5_HUMAN	PDIA5	519	Homo sapiens	1:Experimental evidence at protein level	Protein disulfide-isomerase A5	0.9515	0.9973	1	5	5	5	0	1	0	2	0	2	0	1	0	2	0	2	0	1	0	2	0	2	0.0	16146.161	0.0	28613.857	0.0	17358.389	0.0	16146.161	0.0	28613.857	0.0	17358.389	
sp|Q14684|RRP1B_HUMAN	Q14684	RRP1B_HUMAN	RRP1B	758	Homo sapiens	1:Experimental evidence at protein level	Ribosomal RNA processing protein 1 homolog B	1.0	0.999	5	22	22	22	2	3	5	3	4	5	2	3	5	3	4	5	2	3	5	3	4	5	80062.555	76835.516	105840.836	88133.47	55241.1	121481.22	48995.652	43687.234	37883.613	48912.13	31580.121	45621.87	
sp|Q14839|CHD4_HUMAN	Q14839	CHD4_HUMAN	CHD4	1912	Homo sapiens	1:Experimental evidence at protein level	ATP-dependent chromatin remodeler CHD4	1.0	0.9825	2	7	7	7	1	3	0	2	0	1	1	3	0	2	0	1	1	3	0	2	0	1	0.0	64701.105	0.0	30301.252	0.0	20796.068	0.0	32964.305	0.0	30301.252	0.0	20796.068	
sp|Q14980|NUMA1_HUMAN	Q14980	NUMA1_HUMAN	NUMA1	2115	Homo sapiens	1:Experimental evidence at protein level	Nuclear mitotic apparatus protein 1	1.0	0.9989	6	20	20	20	5	3	3	3	2	4	5	3	3	3	2	4	5	3	3	3	2	4	34487.285	31531.635	31034.672	24531.441	18867.934	37706.926	13781.503	17104.338	17970.688	11287.716	17643.04	15546.598	
sp|Q14CB8|RHG19_HUMAN	Q14CB8	RHG19_HUMAN	ARHGAP19	494	Homo sapiens	1:Experimental evidence at protein level	Rho GTPase-activating protein 19	0.7523	0.9828	1	2	2	2	0	1	0	1	0	0	0	1	0	1	0	0	0	1	0	1	0	0	0.0	15586.106	0.0	13826.372	0.0	0.0	0.0	15586.106	0.0	13826.372	0.0	0.0	
sp|Q14CN4|K2C72_HUMAN	Q14CN4	K2C72_HUMAN	KRT72	511	Homo sapiens	1:Experimental evidence at protein level	Keratin, type II cytoskeletal 72	0.9994	0.9989	7	17	2	46	2	4	3	0	4	4	0	0	0	0	1	1	6	5	13	5	8	9	58381.625	94907.54	89020.39	0.0	77102.17	88247.66	58381.625	94907.54	89020.39	0.0	77102.17	72250.7	
sp|Q15020|SART3_HUMAN	Q15020	SART3_HUMAN	SART3	963	Homo sapiens	1:Experimental evidence at protein level	Spliceosome associated factor 3, U4/U6 recycling protein	0.9815	0.999	1	1	1	1	0	0	0	0	0	1	0	0	0	0	0	1	0	0	0	0	0	1	0.0	0.0	0.0	0.0	0.0	9647.602	0.0	0.0	0.0	0.0	0.0	0.0	
sp|Q15046|SYK_HUMAN	Q15046	SYK_HUMAN	KARS1	597	Homo sapiens	1:Experimental evidence at protein level	Lysine--tRNA ligase	1.0	0.999	13	80	80	80	9	13	12	12	14	20	9	13	12	12	14	20	9	13	12	12	14	20	376776.25	261722.73	360835.12	359903.62	508467.75	655545.0	94509.41	74094.17	88126.41	93895.49	106026.36	111355.805	
sp|Q15291|RBBP5_HUMAN	Q15291	RBBP5_HUMAN	RBBP5	538	Homo sapiens	1:Experimental evidence at protein level	Retinoblastoma-binding protein 5	0.8943	0.9938	1	2	2	2	0	1	0	1	0	0	0	1	0	1	0	0	0	1	0	1	0	0	0.0	58555.83	0.0	129204.14	0.0	0.0	0.0	58555.83	0.0	129204.14	0.0	0.0	
sp|Q15323|K1H1_HUMAN	Q15323	K1H1_HUMAN	KRT31	416	Homo sapiens	1:Experimental evidence at protein level	Keratin, type I cuticular Ha1	1.0	0.9985	7	10	2	39	0	0	10	0	0	0	0	0	2	0	0	0	4	3	23	3	3	3	0.0	0.0	299872.12	0.0	0.0	0.0	0.0	0.0	0.0	0.0	0.0	0.0	
sp|Q15370|ELOB_HUMAN	Q15370	ELOB_HUMAN	ELOB	118	Homo sapiens	1:Experimental evidence at protein level	Elongin-B	0.5674	0.9612	1	2	2	2	0	0	1	0	1	0	0	0	1	0	1	0	0	0	1	0	1	0	0.0	0.0	11309.472	0.0	14043.376	0.0	0.0	0.0	11309.472	0.0	14043.376	0.0	
sp|Q15397|PUM3_HUMAN	Q15397	PUM3_HUMAN	PUM3	648	Homo sapiens	1:Experimental evidence at protein level	Pumilio homolog 3	0.999	0.9966	1	3	3	3	0	1	1	0	0	1	0	1	1	0	0	1	0	1	1	0	0	1	0.0	27822.68	34348.96	0.0	0.0	26265.66	0.0	27822.68	34348.96	0.0	0.0	26265.66	
sp|Q15398|DLGP5_HUMAN	Q15398	DLGP5_HUMAN	DLGAP5	846	Homo sapiens	1:Experimental evidence at protein level	Disks large-associated protein 5	0.6298	0.9698	1	8	8	8	1	1	3	1	1	1	1	1	3	1	1	1	1	1	3	1	1	1	22627.07	29551.195	30630.248	29734.91	24499.787	26519.104	22627.07	29551.195	30630.248	29734.91	24499.787	26519.104	
sp|Q15428|SF3A2_HUMAN	Q15428	SF3A2_HUMAN	SF3A2	464	Homo sapiens	1:Experimental evidence at protein level	Splicing factor 3A subunit 2	0.9755	0.9987	1	6	6	6	0	1	0	1	3	1	0	1	0	1	3	1	0	1	0	1	3	1	0.0	4554.678	0.0	5101.2793	6775.9077	3360.1492	0.0	4554.678	0.0	5101.2793	6775.9077	3360.1492	
sp|Q15437|SC23B_HUMAN	Q15437	SC23B_HUMAN	SEC23B	767	Homo sapiens	1:Experimental evidence at protein level	Protein transport protein Sec23B	0.9138	0.995	1	1	1	1	0	0	0	0	0	1	0	0	0	0	0	1	0	0	0	0	0	1	0.0	0.0	0.0	0.0	0.0	7306.675	0.0	0.0	0.0	0.0	0.0	0.0	
sp|Q15517|CDSN_HUMAN	Q15517	CDSN_HUMAN	CDSN	529	Homo sapiens	1:Experimental evidence at protein level	Corneodesmosin	0.9998	0.9976	1	11	11	11	0	2	2	1	1	5	0	2	2	1	1	5	0	2	2	1	1	5	0.0	18148.65	13748.473	10346.064	14856.604	22651.602	0.0	18148.65	13748.473	10346.064	14856.604	15178.869	
sp|Q15528|MED22_HUMAN	Q15528	MED22_HUMAN	MED22	200	Homo sapiens	1:Experimental evidence at protein level	Mediator of RNA polymerase II transcription subunit 22	0.8769	0.9926	1	5	5	5	1	1	0	1	0	2	1	1	0	1	0	2	1	1	0	1	0	2	27847.818	0.0	0.0	25038.926	0.0	19144.299	27847.818	0.0	0.0	25038.926	0.0	19144.299	
sp|Q15645|PCH2_HUMAN	Q15645	PCH2_HUMAN	TRIP13	432	Homo sapiens	1:Experimental evidence at protein level	Pachytene checkpoint protein 2 homolog	0.6076	0.9669	1	12	12	12	4	2	2	1	2	1	4	2	2	1	2	1	4	2	2	1	2	1	33089.188	30925.305	30358.268	28303.852	33556.594	21133.562	33089.188	30925.305	30358.268	28303.852	33556.594	21133.562	
sp|Q15648|MED1_HUMAN	Q15648	MED1_HUMAN	MED1	1581	Homo sapiens	1:Experimental evidence at protein level	Mediator of RNA polymerase II transcription subunit 1	1.0	0.9975	2	10	10	10	2	2	2	2	0	2	2	2	2	2	0	2	2	2	2	2	0	2	19115.389	28757.258	36607.54	26085.973	0.0	28596.703	21817.746	15389.804	19622.57	12986.648	0.0	15599.985	
sp|Q16637|SMN_HUMAN	Q16637	SMN_HUMAN	SMN1	294	Homo sapiens	1:Experimental evidence at protein level	Survival motor neuron protein	1.0	0.999	2	41	41	41	8	11	8	4	7	3	8	11	8	4	7	3	8	11	8	4	7	3	433643.7	429865.56	282473.62	317179.16	278869.56	219400.19	226827.33	211526.64	151572.84	171315.5	147069.81	126173.79	
sp|Q16666|IF16_HUMAN	Q16666	IF16_HUMAN	IFI16	785	Homo sapiens	1:Experimental evidence at protein level	Gamma-interferon-inducible protein 16	1.0	0.999	24	307	295	307	54	47	51	42	60	53	51	47	49	41	57	50	54	47	51	42	60	53	721756.06	546504.6	691475.3	772280.2	695794.7	941417.56	93771.08	93156.39	91880.55	107222.68	118592.56	110193.914	
sp|Q1KMD3|HNRL2_HUMAN	Q1KMD3	HNRL2_HUMAN	HNRNPUL2	747	Homo sapiens	1:Experimental evidence at protein level	Heterogeneous nuclear ribonucleoprotein U-like protein 2	0.6297	0.9698	1	1	1	1	0	0	0	0	0	1	0	0	0	0	0	1	0	0	0	0	0	1	0.0	0.0	0.0	0.0	0.0	11307.013	0.0	0.0	0.0	0.0	0.0	0.0	
sp|Q2TBE0|C19L2_HUMAN	Q2TBE0	C19L2_HUMAN	CWF19L2	894	Homo sapiens	1:Experimental evidence at protein level	CWF19-like protein 2	0.9965	0.9696	2	4	4	4	0	0	1	2	0	1	0	0	1	2	0	1	0	0	1	2	0	1	0.0	0.0	20249.262	11185.49	0.0	8213.508	0.0	0.0	0.0	11185.49	0.0	8213.508	
sp|Q32MZ4|LRRF1_HUMAN	Q32MZ4	LRRF1_HUMAN	LRRFIP1	808	Homo sapiens	1:Experimental evidence at protein level	Leucine-rich repeat flightless-interacting protein 1	0.7102	0.9788	1	1	1	1	1	0	0	0	0	0	1	0	0	0	0	0	1	0	0	0	0	0	13690.77	0.0	0.0	0.0	0.0	0.0	0.0	0.0	0.0	0.0	0.0	0.0	
sp|Q3YEC7|RABL6_HUMAN	Q3YEC7	RABL6_HUMAN	RABL6	729	Homo sapiens	1:Experimental evidence at protein level	Rab-like protein 6	1.0	0.999	6	48	48	48	6	10	9	8	8	7	6	10	9	8	8	7	6	10	9	8	8	7	230127.97	229385.61	246118.81	239744.1	188069.73	248583.39	75395.52	78260.09	85969.94	96409.64	74657.22	74512.88	
sp|Q53QZ3|RHG15_HUMAN	Q53QZ3	RHG15_HUMAN	ARHGAP15	475	Homo sapiens	1:Experimental evidence at protein level	Rho GTPase-activating protein 15	0.9813	0.999	1	1	1	1	0	0	0	0	0	1	0	0	0	0	0	1	0	0	0	0	0	1	0.0	0.0	0.0	0.0	0.0	9710.904	0.0	0.0	0.0	0.0	0.0	0.0	
sp|Q562R1|ACTBL_HUMAN	Q562R1	ACTBL_HUMAN	ACTBL2	376	Homo sapiens	1:Experimental evidence at protein level	Beta-actin-like protein 2	1.0	0.9987	6	3	3	87	2	0	0	0	0	1	2	0	0	0	0	1	19	11	18	5	10	24	20085.033	0.0	0.0	0.0	0.0	23993.799	0.0	0.0	0.0	0.0	0.0	0.0	
sp|Q5D862|FILA2_HUMAN	Q5D862	FILA2_HUMAN	FLG2	2391	Homo sapiens	1:Experimental evidence at protein level	Filaggrin-2	1.0	0.999	7	38	38	38	3	6	7	5	8	9	3	6	7	5	8	9	3	6	7	5	8	9	40473.777	45660.645	102186.984	67031.734	95077.86	61822.855	23058.34	26427.586	35359.004	23417.938	30280.357	24302.82	
sp|Q5SSJ5|HP1B3_HUMAN	Q5SSJ5	HP1B3_HUMAN	HP1BP3	553	Homo sapiens	1:Experimental evidence at protein level	Heterochromatin protein 1-binding protein 3	1.0	0.999	6	30	30	30	7	2	4	4	5	8	7	2	4	4	5	8	7	2	4	4	5	8	267759.47	126618.8	170769.6	166490.11	156656.56	298655.47	151778.17	99570.46	112376.73	108031.63	125505.04	131460.58	
sp|Q5T3I0|GPTC4_HUMAN	Q5T3I0	GPTC4_HUMAN	GPATCH4	446	Homo sapiens	1:Experimental evidence at protein level	G patch domain-containing protein 4	0.7742	0.9848	1	5	5	5	0	1	1	1	1	1	0	1	1	1	1	1	0	1	1	1	1	1	0.0	22003.914	12692.914	16482.166	13153.866	11020.303	0.0	22003.914	12692.914	16482.166	13153.866	11020.303	
sp|Q5T749|KPRP_HUMAN	Q5T749	KPRP_HUMAN	KPRP	579	Homo sapiens	1:Experimental evidence at protein level	Keratinocyte proline-rich protein	1.0	0.9973	3	17	17	17	4	2	8	0	1	2	4	2	8	0	1	2	4	2	8	0	1	2	142404.52	65297.22	171460.1	0.0	43669.465	96025.45	54473.766	70290.37	71042.94	0.0	47008.78	48123.586	
sp|Q5T9A4|ATD3B_HUMAN	Q5T9A4	ATD3B_HUMAN	ATAD3B	648	Homo sapiens	1:Experimental evidence at protein level	ATPase family AAA domain-containing protein 3B	0.9993	0.9959	2	9	0	9	2	1	1	2	1	2	0	0	0	0	0	0	2	1	1	2	1	2	15217.157	57855.227	12647.827	23844.303	14493.308	18918.273	15217.157	57855.227	12647.827	23844.303	14493.308	11762.156	
sp|Q5XKE5|K2C79_HUMAN	Q5XKE5	K2C79_HUMAN	KRT79	535	Homo sapiens	1:Experimental evidence at protein level	Keratin, type II cytoskeletal 79	1.0	0.9848	11	7	7	120	0	3	2	0	2	0	0	3	2	0	2	0	15	19	28	20	16	22	0.0	49987.996	43114.945	0.0	27142.645	0.0	0.0	35109.48	28112.264	0.0	17969.615	0.0	
sp|Q6I9Y2|THOC7_HUMAN	Q6I9Y2	THOC7_HUMAN	THOC7	204	Homo sapiens	1:Experimental evidence at protein level	THO complex subunit 7	1.0	0.9979	3	10	10	10	1	2	3	2	1	1	1	2	3	2	1	1	1	2	3	2	1	1	27435.021	33953.13	47419.07	29834.965	7951.1973	25450.697	27435.021	33953.13	30756.096	29834.965	0.0	25450.697	
sp|Q6KB66|K2C80_HUMAN	Q6KB66	K2C80_HUMAN	KRT80	452	Homo sapiens	1:Experimental evidence at protein level	Keratin, type II cytoskeletal 80	1.0	0.9989	8	35	35	55	4	5	6	7	7	6	4	5	6	7	7	6	9	8	10	9	9	10	103876.87	170888.06	239523.7	115988.7	161127.56	83287.69	44566.95	65541.8	63508.05	42571.59	47301.58	46602.45	
sp|Q6P1L8|RM14_HUMAN	Q6P1L8	RM14_HUMAN	MRPL14	145	Homo sapiens	1:Experimental evidence at protein level	Large ribosomal subunit protein uL14m	0.577	0.9626	1	1	1	1	0	0	0	0	0	1	0	0	0	0	0	1	0	0	0	0	0	1	0.0	0.0	0.0	0.0	0.0	19265.25	0.0	0.0	0.0	0.0	0.0	0.0	
sp|Q6P4A8|LYLAP_HUMAN	Q6P4A8	LYLAP_HUMAN	PLBD1	553	Homo sapiens	1:Experimental evidence at protein level	Lysosomal leucine aminopeptidase	0.7343	0.9812	1	2	2	2	0	1	0	0	0	1	0	1	0	0	0	1	0	1	0	0	0	1	0.0	16082.374	0.0	0.0	0.0	6060.2793	0.0	16082.374	0.0	0.0	0.0	6060.2793	
sp|Q6P4R8|NFRKB_HUMAN	Q6P4R8	NFRKB_HUMAN	NFRKB	1299	Homo sapiens	1:Experimental evidence at protein level	Nuclear factor related to kappa-B-binding protein	1.0	0.999	4	16	16	16	6	0	4	0	2	4	6	0	4	0	2	4	6	0	4	0	2	4	73993.25	0.0	37903.758	0.0	9102.296	47529.984	19377.146	0.0	16954.352	0.0	20603.896	27063.68	
sp|Q6PCB5|RSBNL_HUMAN	Q6PCB5	RSBNL_HUMAN	RSBN1L	846	Homo sapiens	1:Experimental evidence at protein level	Lysine-specific demethylase RSBN1L	1.0	0.999	4	29	29	29	3	5	9	5	4	3	3	5	9	5	4	3	3	5	9	5	4	3	109148.81	113505.67	139456.14	88988.94	71537.29	94893.56	75334.41	68186.0	66842.48	50239.707	56428.58	54162.914	
sp|Q6PI98|IN80C_HUMAN	Q6PI98	IN80C_HUMAN	INO80C	192	Homo sapiens	1:Experimental evidence at protein level	INO80 complex subunit C	0.9814	0.999	1	8	8	8	1	3	1	1	1	1	1	3	1	1	1	1	1	3	1	1	1	1	94342.234	106118.164	86766.68	119499.37	120489.305	94629.195	94342.234	106118.164	86766.68	119499.37	120489.305	94629.195	
sp|Q6Y7W6|GGYF2_HUMAN	Q6Y7W6	GGYF2_HUMAN	GIGYF2	1299	Homo sapiens	1:Experimental evidence at protein level	GRB10-interacting GYF protein 2	0.98	0.9989	1	8	8	8	2	1	1	2	1	1	2	1	1	2	1	1	2	1	1	2	1	1	29248.88	23520.51	24519.7	23585.32	34284.64	24519.686	29248.88	23520.51	24519.7	23585.32	34284.64	24519.686	
sp|Q6ZNB6|NFXL1_HUMAN	Q6ZNB6	NFXL1_HUMAN	NFXL1	911	Homo sapiens	1:Experimental evidence at protein level	NF-X1-type zinc finger protein NFXL1	0.5518	0.9587	1	1	1	1	1	0	0	0	0	0	1	0	0	0	0	0	1	0	0	0	0	0	35056.91	0.0	0.0	0.0	0.0	0.0	0.0	0.0	0.0	0.0	0.0	0.0	
sp|Q6ZVX7|FBX50_HUMAN	Q6ZVX7	FBX50_HUMAN	NCCRP1	275	Homo sapiens	1:Experimental evidence at protein level	F-box only protein 50	1.0	0.999	2	5	5	5	1	1	1	0	0	2	1	1	1	0	0	2	1	1	1	0	0	2	31184.49	44193.74	50991.73	0.0	0.0	60650.957	41647.543	59021.67	68100.53	0.0	0.0	19372.574	
sp|Q7KZF4|SND1_HUMAN	Q7KZF4	SND1_HUMAN	SND1	910	Homo sapiens	1:Experimental evidence at protein level	Staphylococcal nuclease domain-containing protein 1	0.9998	0.999	1	5	5	5	1	0	0	3	1	0	1	0	0	3	1	0	1	0	0	3	1	0	50257.3	0.0	0.0	91447.195	57139.062	0.0	50257.3	0.0	0.0	91447.195	57139.062	0.0	
sp|Q7L0Y3|TM10C_HUMAN	Q7L0Y3	TM10C_HUMAN	TRMT10C	403	Homo sapiens	1:Experimental evidence at protein level	tRNA methyltransferase 10 homolog C	1.0	0.9988	5	5	5	5	1	2	0	0	0	2	1	2	0	0	0	2	1	2	0	0	0	2	3268.675	43293.53	0.0	0.0	0.0	29276.746	0.0	0.0	0.0	0.0	0.0	0.0	
sp|Q7L2H7|EIF3M_HUMAN	Q7L2H7	EIF3M_HUMAN	EIF3M	374	Homo sapiens	1:Experimental evidence at protein level	Eukaryotic translation initiation factor 3 subunit M	0.9815	0.999	1	8	8	8	1	1	1	2	2	1	1	1	1	2	2	1	1	1	1	2	2	1	63076.03	42643.82	47009.1	68001.484	62688.54	52227.156	63076.03	42643.82	47009.1	68001.484	62688.54	52227.156	
sp|Q7Z794|K2C1B_HUMAN	Q7Z794	K2C1B_HUMAN	KRT77	578	Homo sapiens	1:Experimental evidence at protein level	Keratin, type II cytoskeletal 1b	1.0	0.9989	14	66	66	146	11	7	23	8	11	6	11	7	23	8	11	6	22	16	45	22	21	20	319326.8	502474.72	798824.3	298340.97	452948.72	317316.06	167915.39	191161.42	288175.28	150853.22	220480.38	163793.11	
sp|Q7Z7C8|TAF8_HUMAN	Q7Z7C8	TAF8_HUMAN	TAF8	310	Homo sapiens	1:Experimental evidence at protein level	Transcription initiation factor TFIID subunit 8	0.9814	0.999	1	11	11	11	3	1	1	4	1	1	3	1	1	4	1	1	3	1	1	4	1	1	42308.56	62755.066	44286.543	53567.574	44170.63	36119.863	42308.56	62755.066	44286.543	53567.574	44170.63	36119.863	
sp|Q86U86|PB1_HUMAN	Q86U86	PB1_HUMAN	PBRM1	1689	Homo sapiens	1:Experimental evidence at protein level	Protein polybromo-1	0.9988	0.9818	2	3	3	3	2	0	0	0	0	1	2	0	0	0	0	1	2	0	0	0	0	1	59200.688	0.0	0.0	0.0	0.0	48353.617	51554.824	0.0	0.0	0.0	0.0	48353.617	
sp|Q86UE4|LYRIC_HUMAN	Q86UE4	LYRIC_HUMAN	MTDH	582	Homo sapiens	1:Experimental evidence at protein level	Protein LYRIC	1.0	0.999	15	189	189	189	30	30	27	29	29	44	30	30	27	29	29	44	30	30	27	29	29	44	1834950.0	1894441.5	1567949.4	1795425.2	1800610.6	1975670.6	650427.56	769099.9	638228.1	679164.6	716813.75	802085.4	
sp|Q86UP2|KTN1_HUMAN	Q86UP2	KTN1_HUMAN	KTN1	1357	Homo sapiens	1:Experimental evidence at protein level	Kinectin	1.0	0.999	41	229	229	229	38	18	37	33	45	58	38	18	37	33	45	58	38	18	37	33	45	58	857942.44	530181.4	994952.9	802795.9	1079971.0	1270349.5	163133.2	148944.38	162836.81	167095.75	196633.88	182957.4	
sp|Q86UW6|N4BP2_HUMAN	Q86UW6	N4BP2_HUMAN	N4BP2	1770	Homo sapiens	1:Experimental evidence at protein level	NEDD4-binding protein 2	0.8364	0.9897	1	10	10	10	3	4	2	1	0	0	3	4	2	1	0	0	3	4	2	1	0	0	13576.842	13891.704	15696.35	12609.235	0.0	0.0	13576.842	13891.704	15696.35	12609.235	0.0	0.0	
sp|Q86UX7|URP2_HUMAN	Q86UX7	URP2_HUMAN	FERMT3	667	Homo sapiens	1:Experimental evidence at protein level	Fermitin family homolog 3	0.9798	0.9989	1	4	4	4	0	1	0	0	0	3	0	1	0	0	0	3	0	1	0	0	0	3	0.0	13864.524	0.0	0.0	0.0	16116.227	0.0	13864.524	0.0	0.0	0.0	16116.227	
sp|Q86V81|THOC4_HUMAN	Q86V81	THOC4_HUMAN	ALYREF	257	Homo sapiens	1:Experimental evidence at protein level	THO complex subunit 4	1.0	0.999	4	15	15	15	2	0	0	1	6	6	2	0	0	1	6	6	2	0	0	1	6	6	0.0	0.0	0.0	27889.676	115209.7	90215.93	0.0	0.0	0.0	34379.387	38707.652	56178.242	
sp|Q86W42|THOC6_HUMAN	Q86W42	THOC6_HUMAN	THOC6	341	Homo sapiens	1:Experimental evidence at protein level	THO complex subunit 6	1.0	0.999	3	30	30	30	4	5	8	4	4	5	4	5	8	4	4	5	4	5	8	4	4	5	133769.23	157276.19	163939.61	112595.49	93591.97	159571.06	71099.78	82184.336	86637.914	72559.4	64238.613	73795.52	
sp|Q86WX3|AROS_HUMAN	Q86WX3	AROS_HUMAN	RPS19BP1	136	Homo sapiens	1:Experimental evidence at protein level	Active regulator of SIRT1	0.9377	0.9965	1	1	1	1	0	1	0	0	0	0	0	1	0	0	0	0	0	1	0	0	0	0	0.0	44978.145	0.0	0.0	0.0	0.0	0.0	0.0	0.0	0.0	0.0	0.0	
sp|Q86YP4|P66A_HUMAN	Q86YP4	P66A_HUMAN	GATAD2A	633	Homo sapiens	1:Experimental evidence at protein level	Transcriptional repressor p66-alpha	0.8306	0.9893	1	2	0	2	0	0	0	1	0	1	0	0	0	0	0	0	0	0	0	1	0	1	0.0	0.0	0.0	14015.355	0.0	20779.35	0.0	0.0	0.0	14015.355	0.0	20779.35	sp|Q8WXI9|P66B_HUMAN
sp|Q86YS7|C2CD5_HUMAN	Q86YS7	C2CD5_HUMAN	C2CD5	1000	Homo sapiens	1:Experimental evidence at protein level	C2 domain-containing protein 5	0.7235	0.9801	1	1	1	1	0	0	0	0	0	1	0	0	0	0	0	1	0	0	0	0	0	1	0.0	0.0	0.0	0.0	0.0	13499.986	0.0	0.0	0.0	0.0	0.0	0.0	
sp|Q86YZ3|HORN_HUMAN	Q86YZ3	HORN_HUMAN	HRNR	2850	Homo sapiens	1:Experimental evidence at protein level	Hornerin	1.0	0.999	23	170	170	170	41	31	29	21	23	25	41	31	29	21	23	25	41	31	29	21	23	25	793981.3	872949.1	874888.3	307335.62	424089.2	361920.78	267179.22	341235.84	358653.34	167219.25	196737.77	140565.3	
sp|Q8IWV8|UBR2_HUMAN	Q8IWV8	UBR2_HUMAN	UBR2	1755	Homo sapiens	1:Experimental evidence at protein level	E3 ubiquitin-protein ligase UBR2	0.7364	0.9814	1	1	1	1	0	0	0	0	0	1	0	0	0	0	0	1	0	0	0	0	0	1	0.0	0.0	0.0	0.0	0.0	23940.785	0.0	0.0	0.0	0.0	0.0	0.0	
sp|Q8IWZ3|ANKH1_HUMAN	Q8IWZ3	ANKH1_HUMAN	ANKHD1	2542	Homo sapiens	1:Experimental evidence at protein level	Ankyrin repeat and KH domain-containing protein 1	0.9579	0.9512	3	4	4	25	1	0	1	1	1	0	1	0	1	1	1	0	5	2	4	3	4	7	15049.066	0.0	32895.883	12632.229	11201.139	0.0	15049.066	0.0	32895.883	12632.229	11201.139	0.0	
sp|Q8IY37|DHX37_HUMAN	Q8IY37	DHX37_HUMAN	DHX37	1157	Homo sapiens	1:Experimental evidence at protein level	Probable ATP-dependent RNA helicase DHX37	1.0	0.9839	2	4	4	4	0	0	2	1	0	1	0	0	2	1	0	1	0	0	2	1	0	1	0.0	0.0	25396.719	0.0	0.0	0.0	0.0	0.0	0.0	0.0	0.0	0.0	
sp|Q8N1N4|K2C78_HUMAN	Q8N1N4	K2C78_HUMAN	KRT78	520	Homo sapiens	1:Experimental evidence at protein level	Keratin, type II cytoskeletal 78	1.0	0.999	11	51	51	62	5	12	15	4	7	8	5	12	15	4	7	8	5	13	18	6	8	12	231548.17	386865.75	509310.4	160871.52	247271.12	319202.84	90238.28	124453.6	118843.945	72824.28	80694.76	101723.98	
sp|Q8NCA5|FA98A_HUMAN	Q8NCA5	FA98A_HUMAN	FAM98A	518	Homo sapiens	1:Experimental evidence at protein level	Protein FAM98A	0.9808	0.999	1	3	3	3	0	0	0	0	0	3	0	0	0	0	0	3	0	0	0	0	0	3	0.0	0.0	0.0	0.0	0.0	20427.91	0.0	0.0	0.0	0.0	0.0	0.0	
sp|Q8ND56|LS14A_HUMAN	Q8ND56	LS14A_HUMAN	LSM14A	463	Homo sapiens	1:Experimental evidence at protein level	Protein LSM14 homolog A	0.9956	0.9487	2	3	3	3	0	0	0	0	1	2	0	0	0	0	1	2	0	0	0	0	1	2	0.0	0.0	0.0	0.0	40502.57	59791.25	0.0	0.0	0.0	0.0	40502.57	47181.99	
sp|Q8NE71|ABCF1_HUMAN	Q8NE71	ABCF1_HUMAN	ABCF1	845	Homo sapiens	1:Experimental evidence at protein level	ATP-binding cassette sub-family F member 1	1.0	0.999	22	192	188	192	36	22	33	28	31	42	36	21	31	28	31	41	36	22	33	28	31	42	1582305.9	1352704.1	1394776.2	1451152.9	1274904.5	1853145.4	327347.34	284550.03	289366.7	345556.78	272595.06	340389.28	
sp|Q8NHQ9|DDX55_HUMAN	Q8NHQ9	DDX55_HUMAN	DDX55	600	Homo sapiens	1:Experimental evidence at protein level	ATP-dependent RNA helicase DDX55	0.9998	0.999	1	5	5	5	2	1	1	0	0	1	2	1	1	0	0	1	2	1	1	0	0	1	20018.389	19656.717	15715.221	0.0	0.0	16441.582	20018.389	19656.717	15715.221	0.0	0.0	16441.582	
sp|Q8NI27|THOC2_HUMAN	Q8NI27	THOC2_HUMAN	THOC2	1593	Homo sapiens	1:Experimental evidence at protein level	THO complex subunit 2	1.0	0.9989	4	23	23	23	2	4	3	4	5	5	2	4	3	4	5	5	2	4	3	4	5	5	62501.875	74033.13	109288.19	88470.734	76547.5	116167.08	44721.85	38988.94	41222.94	34477.848	32334.924	37194.633	
sp|Q8TA86|RP9_HUMAN	Q8TA86	RP9_HUMAN	RP9	221	Homo sapiens	1:Experimental evidence at protein level	Retinitis pigmentosa 9 protein	0.9553	0.9975	1	2	2	2	0	0	2	0	0	0	0	0	2	0	0	0	0	0	2	0	0	0	0.0	0.0	25640.188	0.0	0.0	0.0	0.0	0.0	0.0	0.0	0.0	0.0	
sp|Q8TBX8|PI42C_HUMAN	Q8TBX8	PI42C_HUMAN	PIP4K2C	421	Homo sapiens	1:Experimental evidence at protein level	Phosphatidylinositol 5-phosphate 4-kinase type-2 gamma	1.0	0.999	4	33	33	33	8	3	1	4	2	15	8	3	1	4	2	15	8	3	1	4	2	15	148379.11	45616.188	32012.912	72877.19	37037.375	141449.03	35828.15	35397.6	32163.145	38882.355	37211.188	41686.05	
sp|Q8TCJ2|STT3B_HUMAN	Q8TCJ2	STT3B_HUMAN	STT3B	826	Homo sapiens	1:Experimental evidence at protein level	Dolichyl-diphosphooligosaccharide--protein glycosyltransferase subunit STT3B	1.0	0.999	5	37	37	37	8	4	6	6	3	10	8	4	6	6	3	10	8	4	6	6	3	10	171964.61	90283.77	137073.22	97091.08	59985.652	68406.88	73672.945	41873.617	41962.69	49059.707	33282.387	37819.797	
sp|Q8TF42|UBS3B_HUMAN	Q8TF42	UBS3B_HUMAN	UBASH3B	649	Homo sapiens	1:Experimental evidence at protein level	Ubiquitin-associated and SH3 domain-containing protein B	0.8743	0.9924	1	5	5	5	2	1	0	0	0	2	2	1	0	0	0	2	2	1	0	0	0	2	34915.035	32906.29	0.0	0.0	0.0	34915.04	34915.035	32906.29	0.0	0.0	0.0	34915.04	
sp|Q8WU90|ZC3HF_HUMAN	Q8WU90	ZC3HF_HUMAN	ZC3H15	426	Homo sapiens	1:Experimental evidence at protein level	Zinc finger CCCH domain-containing protein 15	1.0	0.9989	3	4	4	4	0	0	0	0	1	3	0	0	0	0	1	3	0	0	0	0	1	3	0.0	0.0	0.0	0.0	25723.572	32956.504	0.0	0.0	0.0	0.0	0.0	0.0	
sp|Q8WVV4|POF1B_HUMAN	Q8WVV4	POF1B_HUMAN	POF1B	589	Homo sapiens	1:Experimental evidence at protein level	Protein POF1B	0.8053	0.9874	1	3	3	3	0	1	1	0	0	1	0	1	1	0	0	1	0	1	1	0	0	1	0.0	29326.34	18745.854	0.0	0.0	12896.207	0.0	29326.34	18745.854	0.0	0.0	12896.207	
sp|Q8WY36|BBX_HUMAN	Q8WY36	BBX_HUMAN	BBX	941	Homo sapiens	1:Experimental evidence at protein level	HMG box transcription factor BBX	1.0	0.9839	2	5	5	5	1	1	1	1	1	0	1	1	1	1	1	0	1	1	1	1	1	0	27320.322	29308.963	31452.707	28268.55	29048.07	0.0	27320.322	0.0	31452.707	28268.55	29048.07	0.0	
sp|Q92522|H1X_HUMAN	Q92522	H1X_HUMAN	H1-10	213	Homo sapiens	1:Experimental evidence at protein level	Histone H1.10	1.0	0.999	3	25	25	25	4	2	4	2	6	7	4	2	4	2	6	7	4	2	4	2	6	7	211437.4	131550.44	159919.47	175176.25	263909.44	313902.94	119471.34	72616.555	90561.0	99127.08	149073.38	145028.7	
sp|Q92572|AP3S1_HUMAN	Q92572	AP3S1_HUMAN	AP3S1	193	Homo sapiens	1:Experimental evidence at protein level	AP-3 complex subunit sigma-1	1.0	0.9985	3	22	22	22	5	3	3	4	4	3	5	3	3	4	4	3	5	3	3	4	4	3	102495.52	93411.734	80217.35	112268.04	81351.586	73049.875	83168.914	76761.86	80217.35	90730.91	81351.586	61597.93	
sp|Q92620|PRP16_HUMAN	Q92620	PRP16_HUMAN	DHX38	1227	Homo sapiens	1:Experimental evidence at protein level	Pre-mRNA-splicing factor ATP-dependent RNA helicase PRP16	0.9422	0.9968	1	6	6	6	1	1	1	1	1	1	1	1	1	1	1	1	1	1	1	1	1	1	16974.926	17244.285	17970.145	13349.493	11326.769	14482.566	16974.926	17244.285	17970.145	13349.493	11326.769	14482.566	
sp|Q92820|GGH_HUMAN	Q92820	GGH_HUMAN	GGH	318	Homo sapiens	1:Experimental evidence at protein level	Gamma-glutamyl hydrolase	0.7428	0.982	1	1	1	1	0	1	0	0	0	0	0	1	0	0	0	0	0	1	0	0	0	0	0.0	28547.777	0.0	0.0	0.0	0.0	0.0	0.0	0.0	0.0	0.0	0.0	
sp|Q92841|DDX17_HUMAN	Q92841	DDX17_HUMAN	DDX17	729	Homo sapiens	1:Experimental evidence at protein level	Probable ATP-dependent RNA helicase DDX17	1.0	0.999	5	19	19	33	3	4	4	2	3	3	3	4	4	2	3	3	6	8	5	4	4	6	67798.69	40916.535	36337.145	37802.543	60562.785	66137.17	43113.773	40916.535	36337.145	37802.543	39033.535	39557.016	
sp|Q92922|SMRC1_HUMAN	Q92922	SMRC1_HUMAN	SMARCC1	1105	Homo sapiens	1:Experimental evidence at protein level	SWI/SNF complex subunit SMARCC1	1.0	0.999	2	20	19	20	4	3	3	4	5	1	4	2	3	4	5	1	4	3	3	4	5	1	226652.47	169170.94	125316.68	138571.31	155979.4	130137.586	189000.39	102141.63	115328.1	107296.625	150070.39	130137.586	
sp|Q92974|ARHG2_HUMAN	Q92974	ARHG2_HUMAN	ARHGEF2	986	Homo sapiens	1:Experimental evidence at protein level	Rho guanine nucleotide exchange factor 2	0.695	0.9773	1	5	5	5	0	1	1	1	1	1	0	1	1	1	1	1	0	1	1	1	1	1	0.0	17136.404	22021.318	25875.895	0.0	14614.371	0.0	17136.404	22021.318	25875.895	0.0	14614.371	
sp|Q969Q0|RL36L_HUMAN	Q969Q0	RL36L_HUMAN	RPL36AL	106	Homo sapiens	1:Experimental evidence at protein level	Ribosomal protein eL42-like	1.0	0.9946	3	11	7	11	2	2	2	1	3	1	1	1	1	1	3	0	2	2	2	1	3	1	29187.387	40566.305	36559.434	16885.775	19209.629	18217.08	14748.4375	20809.086	19147.857	19016.68	21633.793	17279.9	
sp|Q96A33|CCD47_HUMAN	Q96A33	CCD47_HUMAN	CCDC47	483	Homo sapiens	1:Experimental evidence at protein level	PAT complex subunit CCDC47	0.9998	0.999	2	15	15	15	1	0	4	3	4	3	1	0	4	3	4	3	1	0	4	3	4	3	31114.172	0.0	31482.992	28208.861	27353.05	46502.258	31114.172	0.0	31482.992	28208.861	27353.05	44934.082	
sp|Q96A72|MGN2_HUMAN	Q96A72	MGN2_HUMAN	MAGOHB	148	Homo sapiens	1:Experimental evidence at protein level	Protein mago nashi homolog 2	0.6408	0.9711	1	1	1	1	0	0	0	1	0	0	0	0	0	1	0	0	0	0	0	1	0	0	0.0	0.0	0.0	10904.539	0.0	0.0	0.0	0.0	0.0	0.0	0.0	0.0	
sp|Q96AG4|LRC59_HUMAN	Q96AG4	LRC59_HUMAN	LRRC59	307	Homo sapiens	1:Experimental evidence at protein level	Leucine-rich repeat-containing protein 59	1.0	0.9989	5	30	30	30	4	3	6	6	5	6	4	3	6	6	5	6	4	3	6	6	5	6	107385.37	96654.44	104346.06	141321.38	133642.86	147697.19	72380.336	87476.11	70219.03	88657.984	84961.89	80022.39	
sp|Q96C57|CSTOS_HUMAN	Q96C57	CSTOS_HUMAN	CUSTOS	262	Homo sapiens	1:Experimental evidence at protein level	Protein CUSTOS	0.9998	0.9955	2	10	10	10	2	1	2	2	1	2	2	1	2	2	1	2	2	1	2	2	1	2	27318.73	31967.547	37615.42	28423.598	24239.29	30915.002	25073.35	31967.547	37615.42	28423.598	24239.29	30915.002	
sp|Q96CT7|CC124_HUMAN	Q96CT7	CC124_HUMAN	CCDC124	223	Homo sapiens	1:Experimental evidence at protein level	Coiled-coil domain-containing protein 124	1.0	0.9981	3	10	10	10	1	0	0	3	3	3	1	0	0	3	3	3	1	0	0	3	3	3	39305.363	0.0	0.0	87599.23	83116.195	82967.1	36473.074	0.0	0.0	79952.28	58043.098	45929.582	
sp|Q96CW1|AP2M1_HUMAN	Q96CW1	AP2M1_HUMAN	AP2M1	435	Homo sapiens	1:Experimental evidence at protein level	AP-2 complex subunit mu	0.9897	0.9635	1	7	7	7	2	1	2	0	1	1	2	1	2	0	1	1	2	1	2	0	1	1	48571.152	55561.473	61176.855	0.0	33736.76	27587.533	48571.152	55561.473	61176.855	0.0	33736.76	27587.533	
sp|Q96DA0|PAUF_HUMAN	Q96DA0	PAUF_HUMAN	ZG16B	172	Homo sapiens	1:Experimental evidence at protein level	Pancreatic adenocarcinoma up-regulated factor	1.0	0.999	2	4	4	4	0	0	0	0	0	4	0	0	0	0	0	4	0	0	0	0	0	4	0.0	0.0	0.0	0.0	0.0	83045.445	0.0	0.0	0.0	0.0	0.0	0.0	
sp|Q96EY1|DNJA3_HUMAN	Q96EY1	DNJA3_HUMAN	DNAJA3	480	Homo sapiens	1:Experimental evidence at protein level	DnaJ homolog subfamily A member 3, mitochondrial	0.941	0.9967	1	1	1	1	0	0	0	0	0	1	0	0	0	0	0	1	0	0	0	0	0	1	0.0	0.0	0.0	0.0	0.0	14655.285	0.0	0.0	0.0	0.0	0.0	0.0	
sp|Q96F07|CYFP2_HUMAN	Q96F07	CYFP2_HUMAN	CYFIP2	1278	Homo sapiens	1:Experimental evidence at protein level	Cytoplasmic FMR1-interacting protein 2	0.9943	0.9984	1	1	1	1	1	0	0	0	0	0	1	0	0	0	0	0	1	0	0	0	0	0	8139.68	0.0	0.0	0.0	0.0	0.0	0.0	0.0	0.0	0.0	0.0	0.0	
sp|Q96FV9|THOC1_HUMAN	Q96FV9	THOC1_HUMAN	THOC1	657	Homo sapiens	1:Experimental evidence at protein level	THO complex subunit 1	1.0	0.999	9	69	69	69	16	10	16	6	7	14	16	10	16	6	7	14	16	10	16	6	7	14	386671.1	301718.25	255165.9	220843.61	249212.28	314180.88	78512.695	78961.14	76020.266	75985.195	68912.56	61084.617	
sp|Q96GA3|LTV1_HUMAN	Q96GA3	LTV1_HUMAN	LTV1	475	Homo sapiens	1:Experimental evidence at protein level	Protein LTV1 homolog	1.0	0.9989	2	11	11	11	1	3	2	2	1	2	1	3	2	2	1	2	1	3	2	2	1	2	33466.04	37770.055	36432.26	74832.16	37320.844	30820.877	33466.04	37770.055	36432.26	47019.113	37320.844	30820.877	
sp|Q96GM5|SMRD1_HUMAN	Q96GM5	SMRD1_HUMAN	SMARCD1	515	Homo sapiens	1:Experimental evidence at protein level	SWI/SNF-related matrix-associated actin-dependent regulator of chromatin subfamily D member 1	0.995	0.98	1	2	2	2	1	0	1	0	0	0	1	0	1	0	0	0	1	0	1	0	0	0	27458.682	0.0	12773.183	0.0	0.0	0.0	27458.682	0.0	12773.183	0.0	0.0	0.0	
sp|Q96GQ7|DDX27_HUMAN	Q96GQ7	DDX27_HUMAN	DDX27	765	Homo sapiens	1:Experimental evidence at protein level	Probable ATP-dependent RNA helicase DDX27	1.0	0.999	3	30	30	30	9	4	5	2	7	3	9	4	5	2	7	3	9	4	5	2	7	3	106513.89	82926.1	84675.7	72425.99	50803.062	65116.133	51116.273	48308.75	39764.668	42681.883	30674.205	39981.35	
sp|Q96HR8|NAF1_HUMAN	Q96HR8	NAF1_HUMAN	NAF1	494	Homo sapiens	1:Experimental evidence at protein level	H/ACA ribonucleoprotein complex non-core subunit NAF1	0.9813	0.999	1	2	2	2	1	0	0	0	0	1	1	0	0	0	0	1	1	0	0	0	0	1	4546.977	0.0	0.0	0.0	0.0	8655.753	4546.977	0.0	0.0	0.0	0.0	8655.753	
sp|Q96HS1|PGAM5_HUMAN	Q96HS1	PGAM5_HUMAN	PGAM5	289	Homo sapiens	1:Experimental evidence at protein level	Serine/threonine-protein phosphatase PGAM5, mitochondrial	1.0	0.9966	6	18	18	18	4	2	2	3	2	5	4	2	2	3	2	5	4	2	2	3	2	5	103165.79	75902.96	72240.9	56259.055	40381.824	111354.1	48962.797	62442.03	40765.34	37644.14	42893.754	34730.09	
sp|Q96HU8|DIRA2_HUMAN	Q96HU8	DIRA2_HUMAN	DIRAS2	199	Homo sapiens	1:Experimental evidence at protein level	GTP-binding protein Di-Ras2	0.9299	0.996	1	10	10	10	1	1	2	2	1	3	1	1	2	2	1	3	1	1	2	2	1	3	40078.09	35452.527	29836.104	43826.516	56179.98	33597.047	40078.09	35452.527	29836.104	43826.516	56179.98	33597.047	
sp|Q96J01|THOC3_HUMAN	Q96J01	THOC3_HUMAN	THOC3	351	Homo sapiens	1:Experimental evidence at protein level	THO complex subunit 3	0.9999	0.9976	2	7	7	7	3	0	3	0	0	1	3	0	3	0	0	1	3	0	3	0	0	1	41731.69	0.0	55077.414	0.0	0.0	40613.652	27922.533	0.0	36833.43	0.0	0.0	40613.652	
sp|Q96P63|SPB12_HUMAN	Q96P63	SPB12_HUMAN	SERPINB12	405	Homo sapiens	1:Experimental evidence at protein level	Serpin B12	1.0	0.999	5	74	74	74	17	10	11	7	15	14	17	10	11	7	15	14	17	10	11	7	15	14	127337.58	181989.11	218605.77	137790.45	139150.92	130003.37	42703.184	73971.91	73472.98	48624.21	56338.61	45067.688	
sp|Q96PK6|RBM14_HUMAN	Q96PK6	RBM14_HUMAN	RBM14	669	Homo sapiens	1:Experimental evidence at protein level	RNA-binding protein 14	1.0	0.9974	2	12	12	12	1	4	2	1	2	2	1	4	2	1	2	2	1	4	2	1	2	2	23832.25	46665.785	32126.785	44777.258	42877.03	51221.15	23832.25	37930.625	32126.785	44777.258	35126.26	31420.209	
sp|Q96PZ2|F111A_HUMAN	Q96PZ2	F111A_HUMAN	FAM111A	611	Homo sapiens	1:Experimental evidence at protein level	Serine protease FAM111A	0.9967	0.999	1	8	8	8	2	1	4	0	0	1	2	1	4	0	0	1	2	1	4	0	0	1	32161.01	17623.52	22873.365	0.0	0.0	27912.967	32161.01	17623.52	22873.365	0.0	0.0	27912.967	
sp|Q96Q89|KI20B_HUMAN	Q96Q89	KI20B_HUMAN	KIF20B	1820	Homo sapiens	1:Experimental evidence at protein level	Kinesin-like protein KIF20B	0.7904	0.9861	1	1	1	1	1	0	0	0	0	0	1	0	0	0	0	0	1	0	0	0	0	0	16264.464	0.0	0.0	0.0	0.0	0.0	0.0	0.0	0.0	0.0	0.0	0.0	
sp|Q96QA5|GSDMA_HUMAN	Q96QA5	GSDMA_HUMAN	GSDMA	445	Homo sapiens	1:Experimental evidence at protein level	Gasdermin-A	1.0	0.9923	2	14	14	14	2	3	4	2	0	3	2	3	4	2	0	3	2	3	4	2	0	3	40430.133	42218.406	74096.375	31331.98	0.0	23806.074	23852.832	24893.91	29776.332	18333.924	0.0	12350.993	
sp|Q96RN5|MED15_HUMAN	Q96RN5	MED15_HUMAN	MED15	788	Homo sapiens	1:Experimental evidence at protein level	Mediator of RNA polymerase II transcription subunit 15	0.8805	0.9929	1	2	2	2	0	1	0	0	0	1	0	1	0	0	0	1	0	1	0	0	0	1	0.0	22355.324	0.0	0.0	0.0	28793.076	0.0	22355.324	0.0	0.0	0.0	28793.076	
sp|Q96SB4|SRPK1_HUMAN	Q96SB4	SRPK1_HUMAN	SRPK1	655	Homo sapiens	1:Experimental evidence at protein level	SRSF protein kinase 1	1.0	0.9986	3	13	11	13	5	1	0	2	2	3	5	1	0	0	2	3	5	1	0	2	2	3	56797.094	19169.828	0.0	25595.125	12634.006	13902.09	21364.363	23502.781	0.0	0.0	15489.668	17044.377	
sp|Q99442|SEC62_HUMAN	Q99442	SEC62_HUMAN	SEC62	399	Homo sapiens	1:Experimental evidence at protein level	Translocation protein SEC62	0.868	0.992	1	2	2	2	0	0	0	0	0	2	0	0	0	0	0	2	0	0	0	0	0	2	0.0	0.0	0.0	0.0	0.0	6395.8906	0.0	0.0	0.0	0.0	0.0	0.0	
sp|Q99456|K1C12_HUMAN	Q99456	K1C12_HUMAN	KRT12	494	Homo sapiens	1:Experimental evidence at protein level	Keratin, type I cytoskeletal 12	1.0	0.9885	3	9	9	41	1	1	3	2	0	2	1	1	3	2	0	2	6	4	17	4	3	7	14282.342	10364.396	14871.842	9990.272	0.0	3565.04	14282.342	10364.396	14871.842	9990.272	0.0	3565.04	
sp|Q99459|CDC5L_HUMAN	Q99459	CDC5L_HUMAN	CDC5L	802	Homo sapiens	1:Experimental evidence at protein level	Cell division cycle 5-like protein	1.0	0.999	7	33	33	33	9	4	3	3	7	7	9	4	3	3	7	7	9	4	3	3	7	7	170960.27	110816.805	97300.695	131395.39	123950.54	138370.39	61478.9	54630.316	54013.85	63656.2	67297.18	57141.824	
sp|Q99623|PHB2_HUMAN	Q99623	PHB2_HUMAN	PHB2	299	Homo sapiens	1:Experimental evidence at protein level	Prohibitin-2	0.9787	0.9988	1	1	1	1	1	0	0	0	0	0	1	0	0	0	0	0	1	0	0	0	0	0	17192.8	0.0	0.0	0.0	0.0	0.0	0.0	0.0	0.0	0.0	0.0	0.0	
sp|Q9BQA1|MEP50_HUMAN	Q9BQA1	MEP50_HUMAN	WDR77	342	Homo sapiens	1:Experimental evidence at protein level	Methylosome protein WDR77	0.486	0.9469	1	6	6	6	1	1	1	0	1	2	1	1	1	0	1	2	1	1	1	0	1	2	15000.824	21413.254	18068.629	0.0	12835.751	12341.038	15000.824	21413.254	18068.629	0.0	12835.751	12341.038	
sp|Q9BQG0|MBB1A_HUMAN	Q9BQG0	MBB1A_HUMAN	MYBBP1A	1328	Homo sapiens	1:Experimental evidence at protein level	Myb-binding protein 1A	0.5071	0.951	1	1	1	1	0	0	0	1	0	0	0	0	0	1	0	0	0	0	0	1	0	0	0.0	0.0	0.0	24380.104	0.0	0.0	0.0	0.0	0.0	0.0	0.0	0.0	
sp|Q9BRR8|GPTC1_HUMAN	Q9BRR8	GPTC1_HUMAN	GPATCH1	931	Homo sapiens	1:Experimental evidence at protein level	G patch domain-containing protein 1	0.7691	0.9843	1	2	2	2	0	1	0	0	0	1	0	1	0	0	0	1	0	1	0	0	0	1	0.0	12864.057	0.0	0.0	0.0	8140.338	0.0	12864.057	0.0	0.0	0.0	8140.338	
sp|Q9BRS2|RIOK1_HUMAN	Q9BRS2	RIOK1_HUMAN	RIOK1	568	Homo sapiens	1:Experimental evidence at protein level	Serine/threonine-protein kinase RIO1	1.0	0.9895	3	4	4	4	0	2	0	0	0	2	0	2	0	0	0	2	0	2	0	0	0	2	0.0	31745.03	0.0	0.0	0.0	21541.799	0.0	0.0	0.0	0.0	0.0	0.0	
sp|Q9BRT6|LLPH_HUMAN	Q9BRT6	LLPH_HUMAN	LLPH	129	Homo sapiens	1:Experimental evidence at protein level	Protein LLP homolog	0.8747	0.9925	1	3	3	3	1	0	1	0	0	1	1	0	1	0	0	1	1	0	1	0	0	1	7575.6636	0.0	10787.884	0.0	0.0	6047.8975	7575.6636	0.0	10787.884	0.0	0.0	6047.8975	
sp|Q9BU76|MMTA2_HUMAN	Q9BU76	MMTA2_HUMAN	MMTAG2	263	Homo sapiens	1:Experimental evidence at protein level	Multiple myeloma tumor-associated protein 2	0.9789	0.9989	1	10	10	10	1	3	0	1	1	4	1	3	0	1	1	4	1	3	0	1	1	4	12859.931	14917.166	0.0	12319.437	13182.594	12859.925	12859.931	14917.166	0.0	12319.437	13182.594	12859.925	
sp|Q9BVP2|GNL3_HUMAN	Q9BVP2	GNL3_HUMAN	GNL3	549	Homo sapiens	1:Experimental evidence at protein level	Guanine nucleotide-binding protein-like 3	0.9789	0.9989	1	6	6	6	1	0	0	0	2	3	1	0	0	0	2	3	1	0	0	0	2	3	25302.14	0.0	0.0	0.0	12806.205	21316.764	25302.14	0.0	0.0	0.0	12806.205	21316.764	
sp|Q9BXS6|NUSAP_HUMAN	Q9BXS6	NUSAP_HUMAN	NUSAP1	441	Homo sapiens	1:Experimental evidence at protein level	Nucleolar and spindle-associated protein 1	0.7835	0.9856	1	1	1	1	1	0	0	0	0	0	1	0	0	0	0	0	1	0	0	0	0	0	16487.152	0.0	0.0	0.0	0.0	0.0	0.0	0.0	0.0	0.0	0.0	0.0	
sp|Q9BY77|PDIP3_HUMAN	Q9BY77	PDIP3_HUMAN	POLDIP3	421	Homo sapiens	1:Experimental evidence at protein level	Polymerase delta-interacting protein 3	1.0	0.999	3	17	17	17	1	0	1	3	6	6	1	0	1	3	6	6	1	0	1	3	6	6	12377.876	0.0	18855.047	50762.977	80173.55	58111.434	17258.906	0.0	26290.252	28223.322	45070.63	22902.332	
sp|Q9BYG3|MK67I_HUMAN	Q9BYG3	MK67I_HUMAN	NIFK	293	Homo sapiens	1:Experimental evidence at protein level	MKI67 FHA domain-interacting nucleolar phosphoprotein	1.0	0.999	2	15	15	15	3	3	2	2	2	3	3	3	2	2	2	3	3	3	2	2	2	3	63767.504	41306.668	49874.375	20736.383	64937.297	19350.885	47879.117	49656.56	35641.254	24928.115	23350.883	23262.549	
sp|Q9BZE4|GTPB4_HUMAN	Q9BZE4	GTPB4_HUMAN	GTPBP4	634	Homo sapiens	1:Experimental evidence at protein level	GTP-binding protein 4	0.8805	0.9929	1	1	1	1	0	0	0	0	0	1	0	0	0	0	0	1	0	0	0	0	0	1	0.0	0.0	0.0	0.0	0.0	17165.164	0.0	0.0	0.0	0.0	0.0	0.0	
sp|Q9BZF1|OSBL8_HUMAN	Q9BZF1	OSBL8_HUMAN	OSBPL8	889	Homo sapiens	1:Experimental evidence at protein level	Oxysterol-binding protein-related protein 8	0.9998	0.9964	2	3	3	3	1	1	0	0	0	1	1	1	0	0	0	1	1	1	0	0	0	1	28520.236	42644.074	0.0	0.0	0.0	14559.752	28520.236	0.0	0.0	0.0	0.0	14559.752	
sp|Q9BZK7|TBL1R_HUMAN	Q9BZK7	TBL1R_HUMAN	TBL1XR1	514	Homo sapiens	1:Experimental evidence at protein level	F-box-like/WD repeat-containing protein TBL1XR1	0.9798	0.9989	1	2	2	2	1	0	0	0	1	0	1	0	0	0	1	0	1	0	0	0	1	0	23499.514	0.0	0.0	0.0	23711.842	0.0	23499.514	0.0	0.0	0.0	23711.842	0.0	
sp|Q9C075|K1C23_HUMAN	Q9C075	K1C23_HUMAN	KRT23	422	Homo sapiens	1:Experimental evidence at protein level	Keratin, type I cytoskeletal 23	1.0	0.9988	3	7	7	23	2	1	2	0	1	1	2	1	2	0	1	1	3	3	6	4	4	3	83607.19	32860.23	74904.54	0.0	78468.95	11234.824	45013.9	51042.277	43877.38	0.0	70288.875	0.0	
sp|Q9GZR7|DDX24_HUMAN	Q9GZR7	DDX24_HUMAN	DDX24	859	Homo sapiens	1:Experimental evidence at protein level	ATP-dependent RNA helicase DDX24	1.0	0.9984	4	17	17	17	5	2	3	1	3	3	5	2	3	1	3	3	5	2	3	1	3	3	106047.8	48174.984	56648.89	75948.586	50917.914	31203.977	42413.875	27321.512	32420.805	43986.78	25880.717	31634.385	
sp|Q9GZS1|RPA49_HUMAN	Q9GZS1	RPA49_HUMAN	POLR1E	419	Homo sapiens	1:Experimental evidence at protein level	DNA-directed RNA polymerase I subunit RPA49	1.0	0.9984	5	28	28	28	4	6	4	4	4	6	4	6	4	4	4	6	4	6	4	4	4	6	193057.19	188144.05	132366.14	148154.98	150179.81	146136.5	72841.76	72977.03	74783.47	56698.383	61117.703	61564.69	
sp|Q9H0A0|NAT10_HUMAN	Q9H0A0	NAT10_HUMAN	NAT10	1025	Homo sapiens	1:Experimental evidence at protein level	RNA cytidine acetyltransferase	1.0	0.999	12	73	73	73	16	7	15	7	13	15	16	7	15	7	13	15	16	7	15	7	13	15	283128.12	180286.64	209816.7	120060.234	199401.2	213647.89	40399.49	40997.875	44303.695	34778.008	34198.64	33832.35	
sp|Q9H0U3|MAGT1_HUMAN	Q9H0U3	MAGT1_HUMAN	MAGT1	335	Homo sapiens	1:Experimental evidence at protein level	Dolichyl-diphosphooligosaccharide--protein glycosyltransferase subunit MAGT1	1.0	0.991	3	5	5	5	1	1	1	1	0	1	1	1	1	1	0	1	1	1	1	1	0	1	24450.424	0.0	18241.11	20253.768	0.0	13224.342	0.0	0.0	0.0	20253.768	0.0	13224.342	
sp|Q9H195|MUC3B_HUMAN	Q9H195	MUC3B_HUMAN	MUC3B	13477	Homo sapiens	1:Experimental evidence at protein level	Mucin-3B	0.9938	0.9686	1	1	1	1	0	0	1	0	0	0	0	0	1	0	0	0	0	0	1	0	0	0	0.0	0.0	14190.862	0.0	0.0	0.0	0.0	0.0	0.0	0.0	0.0	0.0	
sp|Q9H299|SH3L3_HUMAN	Q9H299	SH3L3_HUMAN	SH3BGRL3	93	Homo sapiens	1:Experimental evidence at protein level	SH3 domain-binding glutamic acid-rich-like protein 3	0.6968	0.9775	1	2	2	2	1	0	0	0	0	1	1	0	0	0	0	1	1	0	0	0	0	1	0.0	0.0	0.0	0.0	0.0	9893.328	0.0	0.0	0.0	0.0	0.0	0.0	
sp|Q9H2W6|RM46_HUMAN	Q9H2W6	RM46_HUMAN	MRPL46	279	Homo sapiens	1:Experimental evidence at protein level	Large ribosomal subunit protein mL46	0.9069	0.9946	1	4	4	4	2	1	0	1	0	0	2	1	0	1	0	0	2	1	0	1	0	0	36227.438	80373.18	0.0	0.0	0.0	0.0	36227.438	80373.18	0.0	0.0	0.0	0.0	
sp|Q9H6F5|CCD86_HUMAN	Q9H6F5	CCD86_HUMAN	CCDC86	360	Homo sapiens	1:Experimental evidence at protein level	Coiled-coil domain-containing protein 86	1.0	0.9981	3	7	7	7	1	3	0	1	1	1	1	3	0	1	1	1	1	3	0	1	1	1	152269.98	224468.52	0.0	146232.56	162105.9	114998.125	152269.98	192912.8	0.0	129282.164	147035.27	81253.07	
sp|Q9H7Z3|NRDE2_HUMAN	Q9H7Z3	NRDE2_HUMAN	NRDE2	1164	Homo sapiens	1:Experimental evidence at protein level	Nuclear exosome regulator NRDE2	0.9815	0.999	1	7	7	7	2	1	1	1	1	1	2	1	1	1	1	1	2	1	1	1	1	1	31983.13	18488.979	28459.012	32614.176	27969.334	23152.432	31983.13	18488.979	28459.012	32614.176	27969.334	23152.432	
sp|Q9H944|MED20_HUMAN	Q9H944	MED20_HUMAN	MED20	212	Homo sapiens	1:Experimental evidence at protein level	Mediator of RNA polymerase II transcription subunit 20	0.9515	0.9973	1	4	4	4	1	0	1	0	0	2	1	0	1	0	0	2	1	0	1	0	0	2	21867.467	0.0	20432.178	0.0	0.0	13307.829	21867.467	0.0	20432.178	0.0	0.0	13307.829	
sp|Q9H9Y6|RPA2_HUMAN	Q9H9Y6	RPA2_HUMAN	POLR1B	1135	Homo sapiens	1:Experimental evidence at protein level	DNA-directed RNA polymerase I subunit RPA2	1.0	0.9985	4	11	11	11	4	2	3	1	0	1	4	2	3	1	0	1	4	2	3	1	0	1	58505.875	36912.074	68735.36	9463.449	0.0	18861.502	20807.26	41562.426	24465.418	10655.698	0.0	25675.451	
sp|Q9HCC0|MCCB_HUMAN	Q9HCC0	MCCB_HUMAN	MCCC2	563	Homo sapiens	1:Experimental evidence at protein level	Methylcrotonoyl-CoA carboxylase beta chain, mitochondrial	1.0	0.999	5	29	29	29	6	4	6	2	2	9	6	4	6	2	2	9	6	4	6	2	2	9	184809.52	98766.7	108390.33	110152.69	74300.01	134158.61	86230.68	65735.14	55863.74	65274.52	48995.65	70666.16	
sp|Q9HCY8|S10AE_HUMAN	Q9HCY8	S10AE_HUMAN	S100A14	104	Homo sapiens	1:Experimental evidence at protein level	Protein S100-A14	0.9808	0.999	1	5	5	5	0	2	1	0	0	2	0	2	1	0	0	2	0	2	1	0	0	2	0.0	21381.91	15823.516	0.0	0.0	16381.056	0.0	21381.91	15823.516	0.0	0.0	16381.056	
sp|Q9NPD3|EXOS4_HUMAN	Q9NPD3	EXOS4_HUMAN	EXOSC4	245	Homo sapiens	1:Experimental evidence at protein level	Exosome complex component RRP41	0.9808	0.999	1	7	7	7	1	1	1	1	2	1	1	1	1	1	2	1	1	1	1	1	2	1	52133.977	58474.926	46770.812	93678.93	70559.71	74978.14	52133.977	58474.926	46770.812	93678.93	70559.71	74978.14	
sp|Q9NQT5|EXOS3_HUMAN	Q9NQT5	EXOS3_HUMAN	EXOSC3	275	Homo sapiens	1:Experimental evidence at protein level	Exosome complex component RRP40	0.9814	0.999	1	7	7	7	1	2	1	1	1	1	1	2	1	1	1	1	1	2	1	1	1	1	60520.86	73243.945	78093.85	101842.31	71056.43	64706.55	60520.86	73243.945	78093.85	101842.31	71056.43	64706.55	
sp|Q9NS69|TOM22_HUMAN	Q9NS69	TOM22_HUMAN	TOMM22	142	Homo sapiens	1:Experimental evidence at protein level	Mitochondrial import receptor subunit TOM22 homolog	0.9814	0.999	1	3	3	3	0	0	0	0	0	3	0	0	0	0	0	3	0	0	0	0	0	3	0.0	0.0	0.0	0.0	0.0	37739.516	0.0	0.0	0.0	0.0	0.0	0.0	
sp|Q9NSJ1|Z355P_HUMAN	Q9NSJ1	Z355P_HUMAN	ZNF355P	428	Homo sapiens	5:Protein uncertain	Putative zinc finger protein 355P	0.5236	0.954	1	2	2	2	0	0	1	0	0	1	0	0	1	0	0	1	0	0	1	0	0	1	0.0	0.0	2439968.5	0.0	0.0	3037046.2	0.0	0.0	2439968.5	0.0	0.0	3037046.2	
sp|Q9NV31|IMP3_HUMAN	Q9NV31	IMP3_HUMAN	IMP3	184	Homo sapiens	1:Experimental evidence at protein level	U3 small nucleolar ribonucleoprotein protein IMP3	0.8364	0.9897	1	1	1	1	1	0	0	0	0	0	1	0	0	0	0	0	1	0	0	0	0	0	9936.5205	0.0	0.0	0.0	0.0	0.0	0.0	0.0	0.0	0.0	0.0	0.0	
sp|Q9NVN8|GNL3L_HUMAN	Q9NVN8	GNL3L_HUMAN	GNL3L	582	Homo sapiens	1:Experimental evidence at protein level	Guanine nucleotide-binding protein-like 3-like protein	0.9325	0.9962	1	1	1	1	0	0	0	0	0	1	0	0	0	0	0	1	0	0	0	0	0	1	0.0	0.0	0.0	0.0	0.0	9447.669	0.0	0.0	0.0	0.0	0.0	0.0	
sp|Q9NVP1|DDX18_HUMAN	Q9NVP1	DDX18_HUMAN	DDX18	670	Homo sapiens	1:Experimental evidence at protein level	ATP-dependent RNA helicase DDX18	1.0	0.9939	2	2	2	2	0	0	0	0	0	2	0	0	0	0	0	2	0	0	0	0	0	2	0.0	0.0	0.0	0.0	0.0	72865.23	0.0	0.0	0.0	0.0	0.0	0.0	
sp|Q9NVU7|SDA1_HUMAN	Q9NVU7	SDA1_HUMAN	SDAD1	687	Homo sapiens	1:Experimental evidence at protein level	Protein SDA1 homolog	0.6036	0.9664	1	3	3	3	1	0	0	0	1	1	1	0	0	0	1	1	1	0	0	0	1	1	20994.191	0.0	0.0	0.0	27967.557	23796.615	20994.191	0.0	0.0	0.0	27967.557	23796.615	
sp|Q9NWQ8|PHAG1_HUMAN	Q9NWQ8	PHAG1_HUMAN	PAG1	432	Homo sapiens	1:Experimental evidence at protein level	Phosphoprotein associated with glycosphingolipid-enriched microdomains 1	1.0	0.9922	3	5	5	5	1	1	0	0	0	3	1	1	0	0	0	3	1	1	0	0	0	3	35519.72	0.0	0.0	0.0	0.0	22443.424	0.0	0.0	0.0	0.0	0.0	0.0	
sp|Q9NWT1|PK1IP_HUMAN	Q9NWT1	PK1IP_HUMAN	PAK1IP1	392	Homo sapiens	1:Experimental evidence at protein level	p21-activated protein kinase-interacting protein 1	0.6472	0.9719	1	2	2	2	0	0	2	0	0	0	0	0	2	0	0	0	0	0	2	0	0	0	0.0	0.0	24834.549	0.0	0.0	0.0	0.0	0.0	0.0	0.0	0.0	0.0	
sp|Q9NX24|NHP2_HUMAN	Q9NX24	NHP2_HUMAN	NHP2	153	Homo sapiens	1:Experimental evidence at protein level	H/ACA ribonucleoprotein complex subunit 2	1.0	0.999	1	16	16	16	3	6	3	1	1	2	3	6	3	1	1	2	3	6	3	1	1	2	32792.82	91669.016	75677.44	39310.195	36160.11	31218.652	36279.582	38384.816	39253.14	43489.926	40004.902	34538.035	
sp|Q9NXV6|CARF_HUMAN	Q9NXV6	CARF_HUMAN	CDKN2AIP	580	Homo sapiens	1:Experimental evidence at protein level	CDKN2A-interacting protein	0.9804	0.9989	1	1	1	1	0	0	0	0	0	1	0	0	0	0	0	1	0	0	0	0	0	1	0.0	0.0	0.0	0.0	0.0	13372.622	0.0	0.0	0.0	0.0	0.0	0.0	
sp|Q9NY12|GAR1_HUMAN	Q9NY12	GAR1_HUMAN	GAR1	217	Homo sapiens	1:Experimental evidence at protein level	H/ACA ribonucleoprotein complex subunit 1	1.0	0.9974	3	11	11	11	0	1	0	4	4	2	0	1	0	4	4	2	0	1	0	4	4	2	0.0	18979.45	0.0	40885.52	35498.863	37307.066	0.0	0.0	0.0	29635.078	25285.48	37307.066	
sp|Q9NZT1|CALL5_HUMAN	Q9NZT1	CALL5_HUMAN	CALML5	146	Homo sapiens	1:Experimental evidence at protein level	Calmodulin-like protein 5	1.0	0.9979	3	17	17	17	3	1	4	3	2	4	3	1	4	3	2	4	3	1	4	3	2	4	46969.59	29810.889	114510.75	74102.83	64323.773	165196.1	33129.97	30707.297	45909.33	51663.957	66257.98	69493.516	
sp|Q9P013|CWC15_HUMAN	Q9P013	CWC15_HUMAN	CWC15	229	Homo sapiens	1:Experimental evidence at protein level	Spliceosome-associated protein CWC15 homolog	0.7431	0.982	1	2	2	2	0	1	0	0	0	1	0	1	0	0	0	1	0	1	0	0	0	1	0.0	52749.957	0.0	0.0	0.0	39307.125	0.0	52749.957	0.0	0.0	0.0	39307.125	
sp|Q9P086|MED11_HUMAN	Q9P086	MED11_HUMAN	MED11	117	Homo sapiens	1:Experimental evidence at protein level	Mediator of RNA polymerase II transcription subunit 11	0.8419	0.9901	1	1	1	1	0	0	1	0	0	0	0	0	1	0	0	0	0	0	1	0	0	0	0.0	0.0	37889.375	0.0	0.0	0.0	0.0	0.0	0.0	0.0	0.0	0.0	
sp|Q9P258|RCC2_HUMAN	Q9P258	RCC2_HUMAN	RCC2	522	Homo sapiens	1:Experimental evidence at protein level	Protein RCC2	0.9997	0.9975	2	6	6	6	1	1	2	0	0	2	1	1	2	0	0	2	1	1	2	0	0	2	35716.543	32876.19	42407.39	0.0	0.0	27567.47	38144.086	35110.688	19683.963	0.0	0.0	29441.148	
sp|Q9P2E7|PCD10_HUMAN	Q9P2E7	PCD10_HUMAN	PCDH10	1040	Homo sapiens	1:Experimental evidence at protein level	Protocadherin-10	0.9756	0.9987	1	6	6	6	3	0	0	1	0	2	3	0	0	1	0	2	3	0	0	1	0	2	10832.172	0.0	0.0	5559.9556	0.0	9630.735	10832.172	0.0	0.0	5559.9556	0.0	9630.735	
sp|Q9P2E9|RRBP1_HUMAN	Q9P2E9	RRBP1_HUMAN	RRBP1	1410	Homo sapiens	1:Experimental evidence at protein level	Ribosome-binding protein 1	1.0	0.999	54	606	593	606	105	92	96	95	89	129	101	91	95	92	87	127	105	92	96	95	89	129	4715207.5	4558544.0	4204930.5	4655863.5	4096782.5	4745977.0	314530.97	305877.38	298056.75	332010.2	284081.84	311016.0	
sp|Q9P2J5|SYLC_HUMAN	Q9P2J5	SYLC_HUMAN	LARS1	1176	Homo sapiens	1:Experimental evidence at protein level	Leucine--tRNA ligase, cytoplasmic	0.951	0.9973	1	4	4	4	0	0	1	1	0	2	0	0	1	1	0	2	0	0	1	1	0	2	0.0	0.0	16858.012	15032.241	0.0	13602.994	0.0	0.0	16858.012	15032.241	0.0	13602.994	
sp|Q9UG63|ABCF2_HUMAN	Q9UG63	ABCF2_HUMAN	ABCF2	623	Homo sapiens	1:Experimental evidence at protein level	ATP-binding cassette sub-family F member 2	0.9333	0.9962	1	3	3	3	1	0	0	0	0	2	1	0	0	0	0	2	1	0	0	0	0	2	17336.092	0.0	0.0	0.0	0.0	11187.746	17336.092	0.0	0.0	0.0	0.0	11187.746	
sp|Q9UHB9|SRP68_HUMAN	Q9UHB9	SRP68_HUMAN	SRP68	627	Homo sapiens	1:Experimental evidence at protein level	Signal recognition particle subunit SRP68	1.0	0.999	6	25	25	25	5	5	0	3	3	9	5	5	0	3	3	9	5	5	0	3	3	9	58576.695	21141.2	0.0	73089.13	97931.516	99422.8	45446.844	25088.223	0.0	34420.09	55924.973	29459.102	
sp|Q9UHI6|DDX20_HUMAN	Q9UHI6	DDX20_HUMAN	DDX20	824	Homo sapiens	1:Experimental evidence at protein level	Probable ATP-dependent RNA helicase DDX20	1.0	0.9989	2	10	10	10	4	1	1	1	0	3	4	1	1	1	0	3	4	1	1	1	0	3	30323.2	18342.068	18394.664	26349.426	0.0	28493.977	20848.215	38805.49	12646.947	55746.293	0.0	14785.324	
sp|Q9UHQ9|NB5R1_HUMAN	Q9UHQ9	NB5R1_HUMAN	CYB5R1	305	Homo sapiens	1:Experimental evidence at protein level	NADH-cytochrome b5 reductase 1	0.5229	0.9539	1	1	1	1	1	0	0	0	0	0	1	0	0	0	0	0	1	0	0	0	0	0	0.0	0.0	0.0	0.0	0.0	0.0	0.0	0.0	0.0	0.0	0.0	0.0	
sp|Q9UI10|EI2BD_HUMAN	Q9UI10	EI2BD_HUMAN	EIF2B4	523	Homo sapiens	1:Experimental evidence at protein level	Translation initiation factor eIF2B subunit delta	1.0	0.9986	3	5	5	5	0	0	0	0	1	4	0	0	0	0	1	4	0	0	0	0	1	4	0.0	0.0	0.0	0.0	21028.209	59988.387	0.0	0.0	0.0	0.0	21028.209	28232.701	
sp|Q9UL25|RAB21_HUMAN	Q9UL25	RAB21_HUMAN	RAB21	225	Homo sapiens	1:Experimental evidence at protein level	Ras-related protein Rab-21	0.9814	0.999	1	8	8	8	1	2	2	1	2	0	1	2	2	1	2	0	1	2	2	1	2	0	15772.0	15517.537	20243.512	10905.174	10496.721	0.0	15772.0	15517.537	20243.512	10905.174	10496.721	0.0	
sp|Q9ULG1|INO80_HUMAN	Q9ULG1	INO80_HUMAN	INO80	1556	Homo sapiens	1:Experimental evidence at protein level	Chromatin-remodeling ATPase INO80	1.0	0.9987	3	11	11	11	3	2	3	1	0	2	3	2	3	1	0	2	3	2	3	1	0	2	59846.273	50437.766	48951.16	24732.06	0.0	49599.465	26024.75	30924.54	29983.434	24732.06	0.0	30407.24	
sp|Q9UMS4|PRP19_HUMAN	Q9UMS4	PRP19_HUMAN	PRPF19	504	Homo sapiens	1:Experimental evidence at protein level	Pre-mRNA-processing factor 19	1.0	0.999	8	38	38	38	14	5	7	4	2	6	14	5	7	4	2	6	14	5	7	4	2	6	2467154.8	103515.98	2062723.0	84821.13	59803.61	116724.57	186228.94	164358.55	170114.14	185161.62	153649.53	112172.44	
sp|Q9UNX3|RL26L_HUMAN	Q9UNX3	RL26L_HUMAN	RPL26L1	145	Homo sapiens	1:Experimental evidence at protein level	Ribosomal protein uL24-like	1.0	0.9981	16	24	24	153	4	3	2	6	3	6	4	3	2	6	3	6	21	20	25	26	24	37	80364.484	114678.19	120668.984	163073.7	79680.56	98210.39	84349.88	93080.56	76628.02	79695.22	49971.68	41603.215	
sp|Q9UPW5|CBPC1_HUMAN	Q9UPW5	CBPC1_HUMAN	AGTPBP1	1226	Homo sapiens	1:Experimental evidence at protein level	Cytosolic carboxypeptidase 1	1.0	0.9977	4	27	27	27	5	9	2	3	1	7	5	9	2	3	1	7	5	9	2	3	1	7	16869.746	33891.598	33629.414	22694.89	16075.735	21829.168	12706.224	18079.959	17721.42	12155.298	15623.108	11720.792	
sp|Q9Y230|RUVB2_HUMAN	Q9Y230	RUVB2_HUMAN	RUVBL2	463	Homo sapiens	1:Experimental evidence at protein level	RuvB-like 2	1.0	0.999	9	56	56	56	7	7	5	11	9	17	7	7	5	11	9	17	7	7	5	11	9	17	252449.48	269269.97	166805.7	340243.16	232312.45	368755.06	56161.824	63672.973	59356.293	72877.79	66295.875	60077.133	
sp|Q9Y241|HIG1A_HUMAN	Q9Y241	HIG1A_HUMAN	HIGD1A	93	Homo sapiens	1:Experimental evidence at protein level	HIG1 domain family member 1A, mitochondrial	0.6044	0.9665	1	2	2	2	0	0	0	0	0	2	0	0	0	0	0	2	0	0	0	0	0	2	0.0	0.0	0.0	0.0	0.0	18903.508	0.0	0.0	0.0	0.0	0.0	0.0	
sp|Q9Y262|EIF3L_HUMAN	Q9Y262	EIF3L_HUMAN	EIF3L	564	Homo sapiens	1:Experimental evidence at protein level	Eukaryotic translation initiation factor 3 subunit L	1.0	0.999	3	9	9	9	4	0	3	0	1	1	4	0	3	0	1	1	4	0	3	0	1	1	35416.223	0.0	36742.598	0.0	19571.928	13256.3955	16074.8955	0.0	18270.836	0.0	26974.152	18270.045	
sp|Q9Y265|RUVB1_HUMAN	Q9Y265	RUVB1_HUMAN	RUVBL1	456	Homo sapiens	1:Experimental evidence at protein level	RuvB-like 1	1.0	0.999	6	23	23	23	3	2	3	5	5	5	3	2	3	5	5	5	3	2	3	5	5	5	68614.88	49922.42	64483.758	110062.125	111219.75	75126.71	26279.934	31731.85	27451.162	33476.945	29074.484	35096.13	
sp|Q9Y285|SYFA_HUMAN	Q9Y285	SYFA_HUMAN	FARSA	508	Homo sapiens	1:Experimental evidence at protein level	Phenylalanine--tRNA ligase alpha subunit	1.0	0.999	3	12	12	12	2	0	1	3	4	2	2	0	1	3	4	2	2	0	1	3	4	2	49803.66	0.0	25527.285	102959.28	85242.67	38542.62	22355.521	0.0	27201.996	70732.266	64888.918	29726.521	
sp|Q9Y294|ASF1A_HUMAN	Q9Y294	ASF1A_HUMAN	ASF1A	204	Homo sapiens	1:Experimental evidence at protein level	Histone chaperone ASF1A	0.8444	0.9903	1	3	3	3	0	1	0	0	1	1	0	1	0	0	1	1	0	1	0	0	1	1	0.0	18883.498	0.0	0.0	22075.814	25814.031	0.0	18883.498	0.0	0.0	22075.814	25814.031	
sp|Q9Y295|DRG1_HUMAN	Q9Y295	DRG1_HUMAN	DRG1	367	Homo sapiens	1:Experimental evidence at protein level	Developmentally-regulated GTP-binding protein 1	0.9986	0.9824	1	3	3	3	0	0	0	0	1	2	0	0	0	0	1	2	0	0	0	0	1	2	0.0	0.0	0.0	0.0	23715.908	51982.75	0.0	0.0	0.0	0.0	31516.072	24975.127	
sp|Q9Y2R4|DDX52_HUMAN	Q9Y2R4	DDX52_HUMAN	DDX52	599	Homo sapiens	1:Experimental evidence at protein level	Probable ATP-dependent RNA helicase DDX52	0.9998	0.9978	2	11	11	11	3	1	3	2	1	1	3	1	3	2	1	1	3	1	3	2	1	1	122535.49	63512.55	69957.0	50761.457	44633.582	72135.164	96875.05	63512.55	53763.71	50761.457	44633.582	72135.164	
sp|Q9Y2U8|MAN1_HUMAN	Q9Y2U8	MAN1_HUMAN	LEMD3	911	Homo sapiens	1:Experimental evidence at protein level	Inner nuclear membrane protein Man1	0.9317	0.9961	1	2	2	2	1	0	0	0	0	1	1	0	0	0	0	1	1	0	0	0	0	1	12308.023	0.0	0.0	0.0	0.0	7512.0786	12308.023	0.0	0.0	0.0	0.0	7512.0786	
sp|Q9Y2X3|NOP58_HUMAN	Q9Y2X3	NOP58_HUMAN	NOP58	529	Homo sapiens	1:Experimental evidence at protein level	Nucleolar protein 58	1.0	0.999	2	11	11	11	0	4	3	1	2	1	0	4	3	1	2	1	0	4	3	1	2	1	0.0	73903.32	19869.277	54801.79	21161.945	13242.026	0.0	29616.787	27255.102	31026.742	29028.281	18164.363	
sp|Q9Y2Z0|SGT1_HUMAN	Q9Y2Z0	SGT1_HUMAN	SUGT1	365	Homo sapiens	1:Experimental evidence at protein level	Protein SGT1 homolog	0.8693	0.9921	1	1	1	1	0	0	1	0	0	0	0	0	1	0	0	0	0	0	1	0	0	0	0.0	0.0	23582.98	0.0	0.0	0.0	0.0	0.0	0.0	0.0	0.0	0.0	
sp|Q9Y3C1|NOP16_HUMAN	Q9Y3C1	NOP16_HUMAN	NOP16	178	Homo sapiens	1:Experimental evidence at protein level	Nucleolar protein 16	1.0	0.9989	3	7	7	7	1	1	0	2	0	3	1	1	0	2	0	3	1	1	0	2	0	3	20311.049	28265.42	0.0	52538.758	0.0	26595.186	20311.049	28265.42	0.0	34488.293	0.0	19305.502	
sp|Q9Y3C7|MED31_HUMAN	Q9Y3C7	MED31_HUMAN	MED31	131	Homo sapiens	1:Experimental evidence at protein level	Mediator of RNA polymerase II transcription subunit 31	1.0	0.9988	1	4	4	4	1	1	1	0	1	0	1	1	1	0	1	0	1	1	1	0	1	0	39891.414	24098.559	46011.08	0.0	46432.42	0.0	39891.414	0.0	46011.08	0.0	46432.42	0.0	
sp|Q9Y421|FA32A_HUMAN	Q9Y421	FA32A_HUMAN	FAM32A	112	Homo sapiens	1:Experimental evidence at protein level	Protein FAM32A	0.9998	0.9938	2	6	6	6	0	0	2	0	3	1	0	0	2	0	3	1	0	0	2	0	3	1	0.0	0.0	34447.043	0.0	60070.62	29806.805	0.0	0.0	34447.043	0.0	38755.15	29806.805	
sp|Q9Y5J9|TIM8B_HUMAN	Q9Y5J9	TIM8B_HUMAN	TIMM8B	83	Homo sapiens	1:Experimental evidence at protein level	Mitochondrial import inner membrane translocase subunit Tim8 B	0.9734	0.9986	1	2	2	2	1	0	0	0	0	1	1	0	0	0	0	1	1	0	0	0	0	1	73398.92	0.0	0.0	0.0	0.0	25827.242	73398.92	0.0	0.0	0.0	0.0	25827.242	
sp|Q9Y5Z7|HCFC2_HUMAN	Q9Y5Z7	HCFC2_HUMAN	HCFC2	792	Homo sapiens	1:Experimental evidence at protein level	Host cell factor 2	0.7817	0.9854	1	11	11	11	3	0	2	3	2	1	3	0	2	3	2	1	3	0	2	3	2	1	17231.098	0.0	19713.307	23630.557	17519.451	0.0	17231.098	0.0	19713.307	23630.557	17519.451	0.0	
