"pathway","pval","padj","log2err","ES","NES","size","leadingEdge","Collection","Enriched_in"
"GOBP_AMINO_ACID_METABOLIC_PROCESS",3.0760034535511e-15,1.12643246469041e-11,1.00731795687447,-0.730264654818124,-2.51897596965768,90,"NARS2;KARS1;RARS1;QARS1;AIMP1;IARS1;DARS1;EEF1E1;DBT;MARS1;EPRS1;PCCA;MCCC2;PCCB;AIMP2;TARS3;FARS2;MCCC1;SARS2;NARS1;LARS1;PLOD1;GCDH;FARSA","GOBP","Sial_rPAL"
"GOBP_AMINO_ACID_ACTIVATION",4.50862284914562e-12,8.25528843678563e-09,0.887074988399873,-0.857528575913984,-2.49396159283694,34,"NARS2;KARS1;RARS1;QARS1;AIMP1;IARS1;DARS1;EEF1E1;MARS1;EPRS1;AIMP2;TARS3;FARS2;SARS2;NARS1;LARS1","GOBP","Sial_rPAL"
"GOBP_TRNA_METABOLIC_PROCESS",8.34058587663271e-10,1.01810751600763e-06,0.801215574617779,-0.614027314809469,-2.18643909012532,115,"NARS2;KARS1;RARS1;QARS1;AIMP1;IARS1;DARS1;EEF1E1;MARS1;EPRS1;SSB;PUS1;AIMP2;TRMT10A;TARS3;TRMT6;FARS2;TRMT61A;SARS2;GRSF1;NARS1;GTF3C2;LARS1;TRMT1;NSUN2;DUS3L;PUS3;DUS2;TRMT10C;TRMT1L;TRPT1;POLR3D;POLR3A;FARSA;PUSL1;MTFMT;TP53RK;METTL8;DUS1L;TRMT5;TSEN54;ALKBH8;GTF3C5;HSD17B10;GTF3C3;TYW3;POLR2F;GTF3C1","GOBP","Sial_rPAL"
"GOBP_FORMATION_OF_CYTOPLASMIC_TRANSLATION_INITIATION_COMPLEX",1.59715433096894e-09,1.46219479000207e-06,0.788186810800237,0.931130801819863,2.33939675569425,14,"EIF3C;EIF3A;EIF3M;EIF3B;EIF3F;EIF3I;EIF3L;EIF3G;EIF3E;EIF3H;EIF3D;EIF3K","GOBP","rPAL"
"GOBP_MUSCLE_CONTRACTION",6.62820860299766e-09,4.85449998083548e-06,0.761460801445585,0.585348363317829,2.26773119927602,101,"RAP1GDS1;RPL4;RPLP0;RPL12;RPL35A;RPL10A;RPL34;RPL7A;RPL7;RPL6;TMOD3;GSN;RPL30;RPL27A;CDK5;RPL5;RPL27;RPL8;RPL14;FLNA;TMOD2;MYH11;RPL36;GPD1L;RPLP1;RPL32;RPL18;SNTB1;RPL23;ACTC1;RPL18A;TPM4;SRSF1;TPM3;MTOR;PABPN1;RPLP2;STUB1;RPL13A;ATP2B4;SETD3;RPL21","GOBP","rPAL"
"GOBP_STRESS_GRANULE_ASSEMBLY",4.42735466232524e-08,2.70216212890584e-05,0.719512826338911,-0.864790335136201,-2.22313121286641,20,"EIF2S1;CIRBP;LSM14A;YTHDF1;DDX6;PRRC2C;CAPRIN1;G3BP2;YTHDF2","GOBP","Sial_rPAL"
"GOBP_REGULATION_OF_MYOBLAST_DIFFERENTIATION",7.19632187297433e-08,3.76470438554743e-05,0.704975715167238,0.831566078861929,2.24752998616202,20,"SMARCA2;SMARCD1;ARID2;PBRM1;SMARCC2;SMARCD2;ACTL6A;BRD7;SMARCB1;SMARCE1;SMARCA4;SMARCC1","GOBP","rPAL"
"GOBP_VESICLE_MEDIATED_TRANSPORT_IN_SYNAPSE",1.96415908786321e-07,8.99093822469383e-05,0.690132458796796,0.619956298328758,2.20049850432614,67,"EPS15;AAK1;EPS15L1;AP2S1;AP2A2;AP2B1;AP2M1;AP2A1;NUMB;ITSN2;STON2;NECAP1;DTNBP1;CDK5;CLTA;AP3M2;SNAP29;EFR3A","GOBP","rPAL"
"GOBP_POSITIVE_REGULATION_OF_MYOBLAST_DIFFERENTIATION",2.2981131080026e-07,9.35076689056169e-05,0.690132458796796,0.846981487652448,2.23737167721731,19,"SMARCA2;SMARCD1;ARID2;PBRM1;SMARCC2;SMARCD2;ACTL6A;BRD7;SMARCB1;SMARCE1;SMARCA4;SMARCC1","GOBP","rPAL"
"GOBP_REGULATION_OF_SYNCYTIUM_FORMATION_BY_PLASMA_MEMBRANE_FUSION",2.91858725305414e-07,0.000106878665206843,0.674962860011025,0.682253044197931,2.26395532994772,47,"RPL4;RPLP0;RPL12;RPL35A;RPL10A;RPL34;RPL7A;RPL7;RPL6;RPL30;RPL27A;RPL5;RPL27;RPL8;RPL14;RPL36;RPLP1;RPL32;RPL18;RPL23;RPL18A","GOBP","rPAL"
"GOBP_MYOBLAST_FUSION",3.55152169809822e-07,0.00011305979451779,0.674962860011025,0.660160546046886,2.19935453740726,50,"RPL4;RPLP0;RPL12;RPL35A;RPL10A;RPL34;RPL7A;RPL7;RPL6;RPL30;RPL27A;RPL5;RPL27;RPL8;RPL14;RPL36;RPLP1;RPL32;RPL18;RPL23;RPL18A","GOBP","rPAL"
"GOBP_POSTSYNAPTIC_NEUROTRANSMITTER_RECEPTOR_INTERNALIZATION",3.70485399839837e-07,0.00011305979451779,0.674962860011025,0.8837914051877,2.22046004918497,14,"EPS15;AP2S1;AP2A2;AP2B1;AP2M1;AP2A1;NUMB","GOBP","rPAL"
"GOBP_ENDOCYTOSIS",5.00154010224943e-07,0.000132303704064148,0.659444398037935,0.458336256889482,1.9184768478857,184,"EPS15;AAK1;EPS15L1;CLINT1;AP2S1;AP2A2;EEA1;AP2B1;REPS1;AP2M1;AP2A1;NUMB;ITSN2;STON2;RALBP1;NECAP2;BMP2K;NECAP1;CLTC;LYN;DTNBP1;GSN;CDK5;MKLN1;CLTA;SCAMP1;UBE3A;AP3M2;MYO18A;BCR;MYO1G;MTMR2;LMBRD1;RACK1;HMMR;TBC1D24;B2M","GOBP","rPAL"
"GOBP_NEGATIVE_REGULATION_OF_SYNCYTIUM_FORMATION_BY_PLASMA_MEMBRANE_FUSION",5.05803347050267e-07,0.000132303704064148,0.659444398037935,0.695627224000263,2.26305767673022,42,"RPL4;RPLP0;RPL12;RPL35A;RPL10A;RPL34;RPL7A;RPL7;RPL6;RPL30;RPL27A;RPL5;RPL27;RPL8;RPL14;RPL36;RPLP1;RPL32;RPL18;RPL23;RPL18A","GOBP","rPAL"
"GOBP_POSITIVE_REGULATION_OF_CYTOPLASMIC_TRANSLATION",5.9572749751232e-07,0.000145436939726008,0.659444398037935,-0.921037415902985,-2.10263484714675,12,"HNRNPD;SYNCRIP;DHX36;HNRNPU;YBX3;YBX1;DHX9;PAIP1","GOBP","Sial_rPAL"
"GOBP_SYNCYTIUM_FORMATION",7.88983771364036e-07,0.000180578660670944,0.659444398037935,0.662424314389261,2.20785117567248,52,"RPL4;RPLP0;RPL12;RPL35A;RPL10A;RPL34;RPL7A;RPL7;RPL6;CD109;RPL30;RPL27A;RPL5;RPL27;RPL8;RPL14;RPL36;RPLP1;RPL32;RPL18;RPL23;RPL18A","GOBP","rPAL"
"GOBP_MUSCLE_SYSTEM_PROCESS",1.09924829920762e-06,0.000236791015982253,0.643551836150722,0.507562187441525,2.00191297583065,119,"RAP1GDS1;RPL4;RPLP0;RPL12;RPL35A;RPL10A;RPL34;RPL7A;RPL7;RPL6;TMOD3;GSN;RPL30;RPL27A;CDK5;RPL5;RPL27;RPL8;RPL14;FLNA;TMOD2;MYH11;RPL36;GPD1L;RPLP1;RPL32;RPL18;SNTB1;RPL23;ACTC1;RPL18A;TPM4;SRSF1;TPM3;MTOR;PABPN1;RPLP2;STUB1;RPL13A;ATP2B4;SETD3;RPL21;GLRX3;ANXA6;RPL28;RPL9;RPL15;ACTA1;RPL29;HDAC2","GOBP","rPAL"
"GOBP_STRIATED_MUSCLE_CONTRACTION",1.66941809524649e-06,0.000339633836932925,0.643551836150722,0.586962804842751,2.13221172536529,73,"RPL4;RPLP0;RPL12;RPL35A;RPL10A;RPL34;RPL7A;RPL7;RPL6;GSN;RPL30;RPL27A;RPL5;RPL27;RPL8;RPL14;FLNA;RPL36;GPD1L;RPLP1;RPL32;RPL18;RPL23;ACTC1;RPL18A","GOBP","rPAL"
"GOBP_REGULATION_OF_CYTOPLASMIC_TRANSLATION",2.09878860061852e-06,0.000389505888312842,0.627256739718528,-0.793858845503071,-2.14570622169768,24,"EPRS1;HNRNPD;SYNCRIP;DHX36;HNRNPU;YBX3;YBX1;YTHDF2;ALKBH3;DHX9;PAIP1;PKP1","GOBP","Sial_rPAL"
"GOBP_TRNA_MODIFICATION",2.2274775271586e-06,0.000389505888312842,0.627256739718528,-0.708412390847888,-2.09348100571549,38,"SSB;PUS1;TRMT10A;TRMT6;TRMT61A;TRMT1;NSUN2;DUS3L;PUS3;DUS2;TRMT10C;TRMT1L;PUSL1;MTFMT;METTL8;DUS1L;TRMT5;ALKBH8;HSD17B10;TYW3","GOBP","Sial_rPAL"
"GOBP_REGULATION_OF_NUCLEOTIDE_EXCISION_REPAIR",2.23364927759958e-06,0.000389505888312842,0.627256739718528,0.790586501935434,2.19799760324248,22,"SMARCA2;SMARCD1;ARID2;PBRM1;SMARCC2;SMARCD2;ACTL6A;BRD7;SMARCB1;SMARCE1;SMARCA4;SMARCC1","GOBP","rPAL"
"GOBP_IMPORT_INTO_CELL",3.77132437829951e-06,0.000615616383800182,0.627256739718528,0.417552276740891,1.77373239405222,204,"EPS15;AAK1;EPS15L1;CLINT1;AP2S1;AP2A2;EEA1;AP2B1;REPS1;AP2M1;AP2A1;NUMB;ITSN2;SLC43A1;STON2;RALBP1;NECAP2;BMP2K;NECAP1;CLTC;LYN;DTNBP1;GSN;CDK5;MKLN1;CLTA;SCAMP1;UBE3A;AP3M2;MYO18A;BCR;MYO1G;MTMR2;LMBRD1;RACK1;HMMR;TBC1D24;B2M","GOBP","rPAL"
"GOBP_CRD_MEDIATED_MRNA_STABILIZATION",4.15168321658945e-06,0.000615616383800182,0.610526878385931,-0.934537686445232,-1.98659477266664,9,"IGF2BP2;HNRNPD;SYNCRIP;HNRNPU;YBX1;DHX9;PAIP1","GOBP","Sial_rPAL"
"GOBP_VESICLE_MEDIATED_TRANSPORT",4.19529450242182e-06,0.000615616383800182,0.610526878385931,0.356302338282804,1.61854036670643,382,"EPS15;AAK1;EPS15L1;CLINT1;AP2S1;AP2A2;EEA1;STX7;AP2B1;REPS1;AP2M1;AP2A1;NUMB;ITSN2;TMED2;STON2;RALBP1;AP1B1;C2CD5;NECAP2;BMP2K;RAB35;NECAP1;CLTC;LYN;DTNBP1;GSN;PSD4;VPS33A;CDK5;MKLN1;SEC13;CLTA;STX10;SCAMP1;SEC16A;CLNK;UBE3A;AP3M2;VAPB;SNAP29;RAB11FIP1;MYO18A;VTA1;EFR3A;HMGXB4;BCR;MYO1G;MTMR2;VAPA;TRIM27;CHMP6;RAB6A;EXOC6;LMBRD1;RACK1;HMMR;TBC1D24;VPS4A;B2M;PIP4K2A","GOBP","rPAL"
"GOBP_TRANSLATION",4.20273336837918e-06,0.000615616383800182,0.610526878385931,-0.399623355438326,-1.64587115629374,418,"NARS2;KARS1;RARS1;QARS1;AIMP1;IARS1;DARS1;EIF2S1;EEF1E1;IGF2BP2;MARS1;CIRBP;EPRS1;SSB;LSM14A;HNRNPD;MRPL11;YTHDF1;SYNCRIP;EIF2S3;EIF2S2;AIMP2;DHX36;TARS3;DDX6;FARS2;LSM14B;HNRNPU;CAPRIN1;YBX3;PURA;ILF3;NCL;SARS2;YBX1;MTG2;NARS1;RRBP1;CSNK2A1;YTHDF2;CYFIP1;LARS1;ANKZF1;MRPL54;RBM3;DUS3L;MRPL9;MRPL46;GTPBP1;TRMT10C;METAP1;METTL17;XRN1;EIF2S3B;PYM1;ALKBH3;PURB;DHX9;SLBP;NSUN5;TRIM71;SRP9;PAIP1;EIF2B4;HSPB1;MRPL1;FARSA;DNAJC1;MRPL40;EEF1D;MTFMT;EIF1;MSI2;TP53RK;PKP1;DHX57;MTIF2;DHX33;KHDRBS1;METTL8;MRPL45;CHCHD1;POLDIP3;RPS6KB2;RPS7;SKIC8","GOBP","Sial_rPAL"
"GOBP_RNA_MODIFICATION",4.67942896339374e-06,0.000659079571690303,0.610526878385931,-0.579478481188604,-1.9875730627994,88,"SSB;SYNCRIP;PUS1;TRMT10A;TRMT6;HNRNPAB;TRMT61A;MRM1;TRMT1;NSUN2;DUS3L;PUS3;SNRPE;DUS2;EMG1;TRMT10C;DIMT1;ADAR;NSUN5;TRMT1L;MRM3;ADARB1;PUSL1;MTFMT;BUD23;METTL8;DUS1L;TFB1M;TRMT5;APOBEC3C;ALKBH8;METTL16;HSD17B10;SPOUT1;NSUN4;PUS7L;SNRPD2;TYW3;SNRPD3;MEPCE;RBM15B;SNRPF;WDR4;LARP7;SNRPD1","GOBP","Sial_rPAL"
"GOBP_CLATHRIN_DEPENDENT_ENDOCYTOSIS",5.10219764538917e-06,0.000692009176941301,0.610526878385931,0.804228403593445,2.12443586836932,19,"AAK1;AP2S1;AP2A2;AP2B1;AP2M1;AP2A1;ITSN2;STON2;BMP2K;CLTC;CLTA","GOBP","rPAL"
"GOBP_RECEPTOR_MEDIATED_ENDOCYTOSIS",6.00018443097766e-06,0.000784738406651435,0.610526878385931,0.574281588282074,2.04575354843731,69,"EPS15;AAK1;AP2S1;AP2A2;AP2B1;AP2M1;AP2A1;NUMB;ITSN2;STON2;RALBP1;BMP2K;CLTC;DTNBP1;MKLN1;CLTA","GOBP","rPAL"
"GOBP_PRESYNAPTIC_ENDOCYTOSIS",8.16679082541213e-06,0.00103126855181583,0.593325476396405,0.69522507221887,2.13953809693792,35,"AAK1;EPS15L1;AP2S1;AP2A2;AP2B1;AP2M1;AP2A1;ITSN2;STON2;NECAP1;CDK5;CLTA;AP3M2","GOBP","rPAL"
"GOBP_REGULATION_OF_TRANSLATION",2.20424633346646e-05,0.00269065002438472,0.575610261071129,-0.44506842815032,-1.70926749144525,208,"EIF2S1;IGF2BP2;CIRBP;EPRS1;SSB;LSM14A;HNRNPD;YTHDF1;SYNCRIP;EIF2S3;EIF2S2;DHX36;DDX6;LSM14B;HNRNPU;CAPRIN1;YBX3;PURA;ILF3;NCL;YBX1;MTG2;CSNK2A1;YTHDF2;CYFIP1;RBM3;DUS3L;TRMT10C;METAP1;XRN1;PYM1;ALKBH3;PURB;DHX9;NSUN5;TRIM71;SRP9;PAIP1;EIF2B4;HSPB1;MRPL1;DNAJC1;EIF1;MSI2;PKP1;DHX57;KHDRBS1;METTL8;POLDIP3;RPS6KB2","GOBP","Sial_rPAL"
"GOBP_REGULATION_OF_POSTSYNAPTIC_MEMBRANE_NEUROTRANSMITTER_RECEPTOR_LEVELS",2.98695419820447e-05,0.00352846008833057,0.575610261071129,0.671246906868086,2.03935193221114,33,"EPS15;AP2S1;AP2A2;AP2B1;AP2M1;AP2A1;NUMB","GOBP","rPAL"
"GOBP_MYOTUBE_DIFFERENTIATION",4.07851626532868e-05,0.00455393731952485,0.557332238758646,0.552976350695526,1.94773906039684,65,"RPL4;RPLP0;RPL12;RPL35A;RPL10A;RPL34;RPL7A;RPL7;RPL6;PLD3;RPL30;RPL27A;RPL5;RPL27;RPL8;RPL14;RPL36;RPLP1;RPL32;RPL18;RPL23;RPL18A","GOBP","rPAL"
"GOBP_TRNA_PROCESSING",4.10376656319826e-05,0.00455393731952485,0.557332238758646,-0.589640097833618,-1.94304122696149,65,"KARS1;SSB;PUS1;TRMT10A;TRMT6;FARS2;TRMT61A;GRSF1;TRMT1;NSUN2;DUS3L;PUS3;DUS2;TRMT10C;TRMT1L;TRPT1;PUSL1;MTFMT;TP53RK;METTL8;DUS1L;TRMT5;TSEN54;ALKBH8;HSD17B10","GOBP","Sial_rPAL"
"GOBP_G0_TO_G1_TRANSITION",5.55570867363938e-05,0.00598382504790218,0.557332238758646,0.745428113163562,2.07244773609464,22,"SMARCA2;SMARCD1;ARID2;PBRM1;SMARCC2;SMARCD2;ACTL6A;BRD7;SMARCB1;SMARCE1;SMARCA4;SMARCC1","GOBP","rPAL"
"GOBP_REGULATION_OF_STEM_CELL_POPULATION_MAINTENANCE",7.45707616308702e-05,0.00749906049072409,0.538434096309916,0.601601192409022,1.96817723465804,45,"SMARCA2;BICRA;SMARCD1;BRD9;BICRAL;ACTL6A;DCAF5;SMARCB1;SMARCE1;BRMS1L;SMARCA4;SMARCC1;SIN3A;ARID4B;CUL4B;TAF6L;CNOT1;OGT;SAP130;BCL7C;RBBP4;PHF10;RBBP7;DDB1","GOBP","rPAL"
"GOBP_POSITIVE_REGULATION_OF_STEM_CELL_POPULATION_MAINTENANCE",7.65446136647894e-05,0.00749906049072409,0.538434096309916,0.665511757117061,1.99119326486039,31,"SMARCA2;BICRA;SMARCD1;BRD9;BICRAL;ACTL6A;SMARCB1;SMARCE1;BRMS1L;SMARCA4;SMARCC1;SIN3A;ARID4B;OGT;SAP130;BCL7C;RBBP4;PHF10;RBBP7;REST;BRMS1;HDAC2","GOBP","rPAL"
"GOBP_SYNAPTIC_VESICLE_RECYCLING",7.71218590191329e-05,0.00749906049072409,0.538434096309916,0.656979468877149,2.02183819131049,35,"EPS15L1;AP2S1;AP2A2;AP2B1;AP2M1;AP2A1;ITSN2;STON2;CDK5;CLTA;AP3M2","GOBP","rPAL"
"GOBP_RRNA_PROCESSING",7.78165752723964e-05,0.00749906049072409,0.538434096309916,0.394090830619859,1.65620928814422,195,"EIF4A3;RIOK1;NOP2;EXOSC10;PRMT5;EBNA1BP2;RPL35A;RPP38;RBM34;RPL7A;RPL7;WDR77;PELP1;EXOSC4;BMS1;EXOSC8;BRIX1;BOP1;RPS16;NOL11;EXOSC7;WBP11;NOP56;PIH1D1;RPP40;EXOSC9;RPL5;RPL27;FTSJ3;EXOSC5;RPL14;TENT4B;UTP6;POP4;MPHOSPH10;DDX27;NOL10;NHP2;WDR75;POP7;AATF;EXOSC2;WDR12;C1D;NVL;RPP30;NAT10;EXOSC3;NOP58;EXOSC6;LAS1L","GOBP","rPAL"
"GOBP_U4_SNRNA_3_END_PROCESSING",8.34440890416543e-05,0.00783518600180867,0.538434096309916,0.895518499218343,1.89698337296596,8,"EXOSC4;EXOSC8;EXOSC7;EXOSC9;EXOSC5;EXOSC2;EXOSC3;EXOSC6","GOBP","rPAL"
"GOBP_NEGATIVE_REGULATION_OF_TRANSLATION",8.59780173433856e-05,0.00787128748778696,0.538434096309916,-0.560049548072138,-1.87209024830574,73,"EIF2S1;IGF2BP2;CIRBP;EPRS1;LSM14A;SYNCRIP;DHX36;DDX6;CAPRIN1;PURA;ILF3;NCL;YBX1;CSNK2A1;CYFIP1;XRN1;ALKBH3;PURB;TRIM71;SRP9","GOBP","Sial_rPAL"
"GOBP_CYTOPLASMIC_TRANSLATION",9.23085605080487e-05,0.0082447304531823,0.538434096309916,0.423008794161626,1.72811530702728,147,"EIF3C;EIF3A;EIF3M;EIF3B;RPL4;RPLP0;EIF3F;RPL12;EIF3I;EIF3L;RPL35A;DHX29;EIF3G;EIF3E;EIF4G1;RPL10A;RPL34;RPSA;EIF3H;RPL7A;RPL7;RPL6;RPL30;RPS3;RPS16;RPL27A;RPL5;EIF3D;RPL27;RPS5;RPS20;RPL8;RPL14;EIF3K;RPS12;RPL36;RPLP1;RPL32;RPL18;SH3BGRL;RPL23;RACK1;EIF2B5;RPL18A;EIF2B1;RPS10;NCBP1","GOBP","rPAL"
"GOBP_MATURATION_OF_5_8S_RRNA",0.000130620449425528,0.011290982396945,0.518848077743792,0.622837816777199,1.98034413320779,38,"EXOSC10;PELP1;EXOSC4;EXOSC8;BOP1;EXOSC7;RPP40;EXOSC9;FTSJ3;EXOSC2;WDR12;C1D;EXOSC3;LAS1L;RCL1;EIF6;NOL9","GOBP","rPAL"
"GOBP_RECEPTOR_INTERNALIZATION",0.000132581169598208,0.011290982396945,0.518848077743792,0.600879229100279,1.96223891170129,44,"EPS15;AP2S1;AP2A2;AP2B1;AP2M1;AP2A1;NUMB;CLTC;DTNBP1;MKLN1","GOBP","rPAL"
"GOBP_REGULATION_OF_CIRCADIAN_RHYTHM",0.000145704523827843,0.0121265901422173,0.518848077743792,-0.652529668153379,-1.92985775859674,39,"NONO;SFPQ;HNRNPD;HDAC3;PARP1;SRRD;PSPC1","GOBP","Sial_rPAL"
"GOBP_CLATHRIN_COAT_ASSEMBLY",0.000198268301203297,0.0161346337556994,0.518848077743792,0.885311397366772,1.87536159461576,8,"EPS15;CLINT1;AP2S1;AP2B1;CLTC;CLTA","GOBP","rPAL"
"GOBP_MUSCLE_STRUCTURE_DEVELOPMENT",0.000211043791275052,0.0168009209488965,0.518848077743792,0.392724391190086,1.64899793293905,186,"RPL4;RPLP0;HIRA;RPL12;SMARCA2;RPL35A;RPL10A;SMARCD1;PHOX2B;RPL34;ARID2;PBRM1;RPL7A;RPL7;RPL6;PLD3;TMOD3;SMARCC2;SMARCD2;ACTL6A;RPL30;RPL27A;BRD7;CDK5;SMARCB1;SMARCE1;RPL5;RPL27;NEGR1;RPL8;RPL14;PAXBP1;ASF1A;SMARCA4;TMOD2;SMARCC1;MYH11;RPL36;TCF7L2;RPLP1;RPL32;RPL18;FLNB;VRK3;RPL23;ACTC1;RPL18A","GOBP","rPAL"
"GOBP_TRNA_METHYLATION",0.000242838970226425,0.0187391299344654,0.518848077743792,-0.765816148351468,-1.94116019221279,19,"TRMT10A;TRMT6;TRMT61A;TRMT1;NSUN2;TRMT10C;TRMT1L;METTL8;TRMT5;ALKBH8;HSD17B10;TYW3","GOBP","Sial_rPAL"
"GOBP_NUCLEIC_ACID_CATABOLIC_PROCESS",0.000245624859872839,0.0187391299344654,0.49849310876659,-0.412521623754178,-1.59227480320478,216,"MRTO4;IGF2BP2;CIRBP;SSB;HNRNPD;ALYREF;YTHDF1;RBM26;SYNCRIP;ZC3HAV1;DHX36;DDX6;LSM14B;FUS;HNRNPU;HNRNPAB;RC3H1;CAPRIN1;YBX3;RC3H2;GRSF1;YBX1;DDX5;YTHDF2;EXOG;NSUN2;SND1;SNRPE;GTPBP1;WDR82;ZC3H4;HNRNPA0;XRN1;PYM1;DHX9;TRIM71;RBM27;PAIP1;FEN1;ERI1;NRDE2;PKP1;MTPAP;DDX49;PRR5L;TUT7;SKIC8;FAM76B;METTL16","GOBP","Sial_rPAL"
"GOBP_PROTEIN_DNA_COMPLEX_ORGANIZATION",0.000252524825178718,0.0188723655062135,0.49849310876659,0.431810727436392,1.71674419958931,124,"UBN1;HIRA;SMARCD1;ARID2;MED26;GRWD1;SMARCC2;SMARCD2;CABIN1;MED17;MED24;UBN2;SMARCB1;SMARCE1;MED25;MED14;MED16;ASF1A;SMARCA4;HMBOX1;CHAF1B;SMARCC1;SSRP1;BAZ2A;RPL23;TAF6L;MED15;DAXX;MED11;TAF7;GTF2H5;TSPYL2;GTF2B;RBBP4;MED22;MED19;MED27;TAF9;NAP1L1;TAF3;MED7;MED4;MED20;MACROH2A1;MED1;SETD2;TCF4;NAP1L4;MED28;MED6","GOBP","rPAL"
"GOBP_RIBONUCLEOPROTEIN_COMPLEX_BIOGENESIS",0.000261030282494955,0.0191178578899305,0.49849310876659,0.311303902108758,1.42288072038534,403,"EIF3C;EIF4A3;RIOK1;EIF3A;EIF3M;NOP2;EIF3B;RPLP0;EIF3F;EXOSC10;PRMT5;EBNA1BP2;EIF3I;SF3A1;EIF3L;RPL35A;DHX29;EIF3G;EIF3E;RPSA;EIF3H;RPP38;RBM34;RPL7A;RPL7;GRWD1;WDR77;PELP1;COIL;NOC2L;EXOSC4;BMS1;EXOSC8;XAB2;BRIX1;BOP1;RPS16;NOL11;EXOSC7;WBP11;NOP56;PIH1D1;AFG2A;EFTUD2;RPP40;EXOSC9;RPL5;SRSF9;EIF3D;RPL27;FTSJ3;RPS5;EXOSC5;RPL14;TENT4B;UTP6;POP4;MPHOSPH10;DDX27;NOL10;ISY1;SURF6;NHP2;EIF3K;WDR75;POP7;AATF;RPS12;NIP7;EXOSC2;WDR12;C1D;SNRNP25;NVL;RPP30;SF3A3;NAT10;EXOSC3;NOP58;PDCD7;CRNKL1;EXOSC6;LAS1L","GOBP","rPAL"
"GOBP_BRANCHED_CHAIN_AMINO_ACID_METABOLIC_PROCESS",0.000303832459707382,0.0216380183471002,0.49849310876659,-0.816117182001443,-1.88857365966376,13,"DBT;PCCA;MCCC2;PCCB;MCCC1","GOBP","Sial_rPAL"
"GOBP_NUCLEOBASE_CONTAINING_COMPOUND_CATABOLIC_PROCESS",0.000307257497009615,0.0216380183471002,0.49849310876659,-0.393429855364725,-1.56105577766827,270,"MRTO4;IGF2BP2;CIRBP;SSB;HNRNPD;ALYREF;YTHDF1;RBM26;SYNCRIP;ZC3HAV1;DHX36;DDX6;LSM14B;FUS;HNRNPU;HNRNPAB;RC3H1;CAPRIN1;YBX3;RC3H2;ARL2;GRSF1;YBX1;DDX5;YTHDF2;EXOG;NT5C2;NSUN2;SND1;SNRPE;GTPBP1;WDR82;ZC3H4;HNRNPA0;XRN1;PYM1;DHX9;TRIM71;RBM27;PAIP1;FEN1;ERI1;FOXK2;NRDE2;PKP1;MTPAP;RPTOR;DDX49;PRR5L;TUT7;SKIC8;ZBTB7A;FAM76B;METTL16","GOBP","Sial_rPAL"
"GOBP_PROTEIN_DNA_COMPLEX_DISASSEMBLY",0.000355025237382367,0.0245302343263062,0.49849310876659,0.754678999078163,1.92731393269131,16,"SMARCD1;ARID2;GRWD1;SMARCC2;SMARCD2;SMARCB1;SMARCE1;SMARCA4;SMARCC1;SSRP1;RPL23","GOBP","rPAL"
"GOBP_RNA_METHYLATION",0.000367733697988069,0.0249377926302279,0.49849310876659,-0.587223651554224,-1.87070355115409,52,"TRMT10A;TRMT6;TRMT61A;MRM1;TRMT1;NSUN2;SNRPE;EMG1;TRMT10C;DIMT1;NSUN5;TRMT1L;MRM3;BUD23;METTL8;TFB1M;TRMT5;ALKBH8;METTL16;HSD17B10;SPOUT1;NSUN4;SNRPD2;TYW3;SNRPD3;MEPCE;RBM15B;SNRPF;WDR4;LARP7;SNRPD1;RNMT","GOBP","Sial_rPAL"
"GOBP_VIRAL_TRANSLATIONAL_TERMINATION_REINITIATION",0.000390793541989622,0.0260197445593817,0.49849310876659,0.946888831033585,1.78454359349492,5,"EIF3A;EIF3B;EIF3L;EIF3G;EIF3D","GOBP","rPAL"
"GOBP_REGULATION_OF_OXIDATIVE_STRESS_INDUCED_INTRINSIC_APOPTOTIC_SIGNALING_PATHWAY",0.000418884991336044,0.0272702117974128,0.49849310876659,-0.798323778909985,-1.91037472835137,15,"NONO;SFPQ;PARP1;HSPB1","GOBP","Sial_rPAL"
"GOBP_POSITIVE_REGULATION_OF_HEMOPOIESIS",0.000424468070030729,0.0272702117974128,0.49849310876659,0.508580872855141,1.78964176948709,63,"SMARCA2;ACIN1;SMARCD1;RIPK1;ARID2;PBRM1;SMARCC2;SMARCD2;ACTL6A;BRD7;INPP5D;SMARCB1;SMARCE1;RUNX1;HCLS1;SMARCA4;SMARCC1;PCID2;IL21","GOBP","rPAL"
"GOBP_INTRINSIC_APOPTOTIC_SIGNALING_PATHWAY_IN_RESPONSE_TO_OXIDATIVE_STRESS",0.000438083380191733,0.0276596782458987,0.49849310876659,-0.694108752583707,-1.90115473692391,26,"NONO;SFPQ;PARP1;STK24;HSPB1","GOBP","Sial_rPAL"
"GOBP_POSITIVE_REGULATION_OF_CELL_DEVELOPMENT",0.000454532261737972,0.0282118159743128,0.49849310876659,0.439167784393673,1.70708268712191,109,"PRMT5;SMARCA2;SRRT;NUMB;SPEN;ACIN1;SMARCD1;RIPK1;ARID2;PBRM1;SMARCC2;SMARCD2;LYN;ACTL6A;BRD7;INPP5D;SMARCB1;SMARCE1;RUNX1;SNW1;HCLS1;SMARCA4;ADD1;SMARCC1;PCID2;IL21","GOBP","rPAL"
"GOBP_POST_TRANSCRIPTIONAL_REGULATION_OF_GENE_EXPRESSION",0.000533141958756415,0.0325394308827665,0.477270815362862,-0.386380658188901,-1.55102778033284,292,"EIF2S1;IGF2BP2;CIRBP;EPRS1;SSB;LSM14A;HNRNPD;YTHDF1;SYNCRIP;EIF2S3;EIF2S2;DHX36;DDX6;LSM14B;FUS;HNRNPU;RC3H1;CAPRIN1;YBX3;PURA;ILF3;NCL;RC3H2;YBX1;STAU1;MTG2;CSNK2A1;YTHDF2;CYFIP1;NSUN2;RBM3;DUS3L;HNRNPA0;TRMT10C;METAP1;XRN1;ADAR;PYM1;ALKBH3;PURB;DHX9;NSUN5;TRIM71;SRP9;PAIP1;EIF2B4;HSPB1;MRPL1;DNAJC1;EIF1;MSI2;NRDE2;PKP1;DDX49;DHX57;KHDRBS1;METTL8;TUT7;POLDIP3;RPS6KB2;FAM76B;METTL16","GOBP","Sial_rPAL"
"GOBP_NUCLEOSOME_ORGANIZATION",0.00056472398855334,0.0335878082464402,0.477270815362862,0.502582646415787,1.76853465132425,63,"UBN1;HIRA;SMARCD1;ARID2;GRWD1;SMARCC2;SMARCD2;CABIN1;UBN2;SMARCB1;SMARCE1;ASF1A;SMARCA4;CHAF1B;SMARCC1;SSRP1","GOBP","rPAL"
"GOBP_RIBOSOME_BIOGENESIS",0.00057424237338902,0.0335878082464402,0.477270815362862,0.342844670018448,1.50303834730547,268,"EIF4A3;RIOK1;NOP2;RPLP0;EXOSC10;PRMT5;EBNA1BP2;RPL35A;DHX29;RPSA;RPP38;RBM34;RPL7A;RPL7;GRWD1;WDR77;PELP1;NOC2L;EXOSC4;BMS1;EXOSC8;BRIX1;BOP1;RPS16;NOL11;EXOSC7;WBP11;NOP56;PIH1D1;AFG2A;RPP40;EXOSC9;RPL5;RPL27;FTSJ3;RPS5;EXOSC5;RPL14;TENT4B;UTP6;POP4;MPHOSPH10;DDX27;NOL10;SURF6;NHP2;WDR75;POP7;AATF;RPS12;NIP7;EXOSC2;WDR12;C1D;NVL;RPP30;NAT10;EXOSC3;NOP58;EXOSC6;LAS1L","GOBP","rPAL"
"GOBP_NEGATIVE_REGULATION_OF_NUCLEAR_TRANSCRIBED_MRNA_CATABOLIC_PROCESS_DEADENYLATION_DEPENDENT_DECAY",0.000577835040831712,0.0335878082464402,0.477270815362862,-0.861567931935437,-1.8314792166281,9,"HNRNPD;SYNCRIP;HNRNPU;YBX1;DHX9;PAIP1","GOBP","Sial_rPAL"
"GOBP_NEGATIVE_REGULATION_OF_DEVELOPMENTAL_PROCESS",0.000760443807407891,0.0435116441051203,0.477270815362862,0.339935752833163,1.47437601949952,240,"RPL4;RPLP0;PRMT5;RPL12;SMARCA2;RPL35A;RPL10A;BICRA;SMARCD1;PHOX2B;RPL34;RPL7A;RPL7;RPL6;BRD9;WDR77;GPS2;BICRAL;LYN;ACTL6A;DTNBP1;RPL30;RPL27A;LIMD1;INPP5D;CDK5;RPL5;RPL27;RUNX1;ANKRD26;NEGR1;RPL8;RPL14;BRMS1L;SMARCA4;SMARCC1;PCID2;CARM1;RPL36;SIN3A;RPLP1;BCR;ARID4B;RPL32;RPL18;STK4;RPL23;CUL4B;EMILIN1;PCM1;RPL18A;B2M","GOBP","rPAL"
"GOBP_MITOCHONDRIAL_RNA_METABOLIC_PROCESS",0.000847487220279377,0.0477461261640473,0.477270815362862,-0.61979633816725,-1.7946551429226,33,"PUS1;SARS2;GRSF1;TFAM;TRMT10C;KANSL1;TEFM;MTPAP;METTL8;TFB1M;TRMT5;HSD17B10;THAP11;NSUN4","GOBP","Sial_rPAL"
"GOBP_REGULATION_OF_VESICLE_MEDIATED_TRANSPORT",0.00089510157927311,0.0492316462269573,0.477270815362862,0.396804601204843,1.58983336844629,130,"AAK1;AP2S1;AP2B1;AP2M1;AP2A1;NUMB;STON2;C2CD5;BMP2K;LYN;DTNBP1;CDK5;MKLN1;SEC13;MYO18A;BCR;MTMR2;CHMP6;RACK1;VPS4A;B2M","GOBP","rPAL"
"GOBP_MAINTENANCE_OF_CELL_NUMBER",0.000900742844676718,0.0492316462269573,0.477270815362862,0.445589936670312,1.68234362262339,91,"SMARCA2;SRRT;BICRA;SMARCD1;GNL3;BRD9;BICRAL;ACTL6A;MED17;MED24;DCAF5;SMARCB1;SMARCE1;MED14;BRMS1L;SMARCA4;SMARCC1;SIN3A;ARID4B;CUL4B;TAF6L;PCM1;MED15;CNOT1;OGT;LEO1;SAP130;BCL7C;RBBP4;PHF10;RBBP7;DDB1;MED27;MED7;REST;MED28;NKAP;BRMS1;MED6;HDAC2","GOBP","rPAL"
"GOBP_DNA_TEMPLATED_TRANSCRIPTION_TERMINATION",0.000930124422517136,0.049487122016025,0.477270815362862,-0.608368749393553,-1.79925175575155,39,"SCAF4;WDR82;ZC3H4;DHX9;POLR1E;PPP1R10;POLR3H;POLR3D;MAZ;SCAF8;POLR3A;PCF11;POLR3E;POLR1B;POLR3B;SMN1;POLR2F;PRR3;POLR3F;POLR2K;POLR1F","GOBP","Sial_rPAL"
"GOBP_STRIATED_MUSCLE_CELL_DIFFERENTIATION",0.000932444407183431,0.049487122016025,0.477270815362862,0.451527599448749,1.71694798403687,95,"RPL4;RPLP0;RPL12;RPL35A;RPL10A;RPL34;RPL7A;RPL7;RPL6;PLD3;TMOD3;RPL30;RPL27A;RPL5;RPL27;RPL8;RPL14;TMOD2;MYH11;RPL36;RPLP1;RPL32;RPL18;RPL23;ACTC1;RPL18A;CCNB1;MTOR;RPLP2;CASP3;ACTG1;RPL13A","GOBP","rPAL"
"GOBP_MITOCHONDRIAL_GENE_EXPRESSION",0.000986708265128069,0.0504499268194111,0.45505986738723,-0.4770901910325,-1.65473595481646,94,"MRPL11;PUS1;SARS2;MTG2;MRPL54;MRPL9;MRPL46;TFAM;TRMT10C;MRPL1;MRPL40;KANSL1;TEFM;MTPAP;MTIF2;METTL8;TFB1M;MRPL45;TRMT5;CHCHD1;HSD17B10;THAP11;GADD45GIP1;MRPL48;MRPL39;MTRFR;MRPS21;MRPL41;DDX3X","GOBP","Sial_rPAL"
"GOBP_LYMPH_NODE_DEVELOPMENT",0.000989851674278877,0.0504499268194111,0.45505986738723,-0.927846709360337,-1.72969530326119,5,"TOX;RC3H1;RC3H2","GOBP","Sial_rPAL"
"GOBP_MRNA_CATABOLIC_PROCESS",0.00100181517108059,0.0504499268194111,0.45505986738723,-0.412043079699557,-1.54411288297607,166,"MRTO4;IGF2BP2;CIRBP;SSB;HNRNPD;ALYREF;YTHDF1;SYNCRIP;ZC3HAV1;DHX36;DDX6;LSM14B;FUS;HNRNPU;HNRNPAB;RC3H1;CAPRIN1;YBX3;RC3H2;YBX1;DDX5;YTHDF2;SND1;SNRPE;GTPBP1;HNRNPA0;XRN1;PYM1;DHX9;TRIM71","GOBP","Sial_rPAL"
"GOBP_VESICLE_ORGANIZATION",0.00101905142035855,0.0504499268194111,0.45505986738723,0.420791344857386,1.64050214942809,111,"EPS15;EEA1;STX7;AP2M1;TMED2;AP1B1;C2CD5;DTNBP1;VPS33A;FBXO5;SEC13;STX10;USP8;SEC16A;AP3M2;VAPB;SNAP29;MYO18A;VTA1;VAPA;CHMP6;VPS4A;PIP4K2A","GOBP","rPAL"
"GOBP_MYOBLAST_DIFFERENTIATION",0.00102223065853109,0.0504499268194111,0.45505986738723,0.635782680457605,1.88441617097399,30,"SMARCA2;SMARCD1;ARID2;PBRM1;SMARCC2;SMARCD2;ACTL6A;BRD7;SMARCB1;SMARCE1;SMARCA4;SMARCC1;TCF7L2","GOBP","rPAL"
"GOBP_NEGATIVE_REGULATION_OF_DNA_TEMPLATED_TRANSCRIPTION_ELONGATION",0.00103324536085632,0.0504499268194111,0.45505986738723,-0.753914535955837,-1.83093292309874,16,"HNRNPU;PARP1;ZC3H8;WDR82;ZC3H4;PPP1R10","GOBP","Sial_rPAL"
"GOBP_MATURATION_OF_5_8S_RRNA_FROM_TRICISTRONIC_RRNA_TRANSCRIPT_SSU_RRNA_5_8S_RRNA_LSU_RRNA",0.00105951052417063,0.0510516781514847,0.45505986738723,0.654139763656398,1.91883701950898,28,"EXOSC10;PELP1;EXOSC8;BOP1;EXOSC7;RPP40;EXOSC9;FTSJ3;EXOSC2;WDR12;EXOSC3;LAS1L;RCL1;NOL9","GOBP","rPAL"
"GOBP_NUCLEAR_TRANSCRIBED_MRNA_CATABOLIC_PROCESS_DEADENYLATION_DEPENDENT_DECAY",0.0010888970667797,0.0517862475136009,0.45505986738723,-0.59428375344952,-1.84615638571637,48,"HNRNPD;SYNCRIP;DHX36;DDX6;HNRNPU;RC3H1;CAPRIN1;RC3H2;YBX1;XRN1;DHX9;PAIP1","GOBP","Sial_rPAL"
"GOBP_REGULATION_OF_PROTEIN_LOCALIZATION_TO_MEMBRANE",0.00112784678429592,0.0529509605652776,0.45505986738723,0.545127279906527,1.80180397626234,46,"STX7;AP2B1;AP2M1;NUMB;TMED2;CLTC;GSN;CDK5;SSH1;ZDHHC5;RACK1;VPS4A;OGT;KIF5B;CSK;ATP2C1;CRKL;ATP2B4;RHOG;SQSTM1;SPTBN1","GOBP","rPAL"
"GOBP_TRANSCRIPTION_BY_RNA_POLYMERASE_III",0.00125747161488094,0.0581853140238518,0.45505986738723,-0.586232261642753,-1.78877294261649,44,"DHX36;GTF3C2;ZC3H8;DDX21;POLR3H;POLR3D;POLR3A;DEK;ZNF143;SF3B1;RPTOR;POLR3E;GTF3C5;POLR3B;GTF3C3;MYBBP1A;POLR2F;GTF3C1;ICE2;POLR3F;POLR2K;GTF3C4;SNAPC1;POLR1C;GTF3A;CHD8","GOBP","Sial_rPAL"
"GOBP_REGULATION_OF_CELL_CYCLE_G1_S_PHASE_TRANSITION",0.00127721027735132,0.0581853140238518,0.45505986738723,0.474103847890998,1.72223823242907,73,"SMARCA2;EIF4G1;SMARCD1;ARID2;PBRM1;SMARCC2;SMARCD2;ACTL6A;BRD7;SMARCB1;SMARCE1;SMARCA4;RPA2;SMARCC1;CPAP;CRLF3;CUL4B;APC;PSMA5;CCNH","GOBP","rPAL"
"GOBP_RHYTHMIC_PROCESS",0.00128700448823921,0.0581853140238518,0.45505986738723,-0.51375967969065,-1.72837823161327,78,"NONO;SFPQ;HNRNPD;HNRNPU;HDAC3;DDX5;CSNK2A1;PARP1;SRRD;PSPC1;DHX9;SGPL1","GOBP","Sial_rPAL"
"GOBP_REGULATION_OF_ENDOCYTOSIS",0.00131381107149079,0.0586728798024301,0.45505986738723,0.47025951673594,1.71282024122305,75,"AAK1;AP2S1;AP2B1;AP2M1;AP2A1;NUMB;STON2;BMP2K;DTNBP1;MKLN1;MYO18A;BCR;MTMR2;RACK1;B2M","GOBP","rPAL"
"GOBP_NEGATIVE_REGULATION_OF_GENE_EXPRESSION",0.00139942001882566,0.0617430856498744,0.45505986738723,-0.33652251431117,-1.39999264665382,470,"MRTO4;EIF2S1;IGF2BP2;CIRBP;PC;EPRS1;SSB;LSM14A;HNRNPD;ALYREF;YTHDF1;SYNCRIP;ZC3HAV1;DHX36;DDX6;LSM14B;FUS;HNRNPU;HNRNPAB;LBR;RC3H1;HDAC3;CAPRIN1;YBX3;PURA;ILF3;NCL;RC3H2;YBX1;STAU1;DDX5;CSNK2A1;YTHDF2;CYFIP1;SPTY2D1;CSNK2A2;PTBP1;JARID2;SND1;SNRPE;GTPBP1;RBM42;HNRNPA0;BMI1;RNF2;XRN1;ADAR;PYM1;SUZ12;ALKBH3;PURB;DHX9;TRIM71;RBMX;CBX2;CHEK1;SRP9;NFKBIL1;PAIP1;CIZ1;PTPN11;HMGA2;DROSHA;PHC2;ERI1;NRDE2;MIS18BP1;MECP2;PKP1;ARRB1;MTPAP;PTBP3;PRR5L;BAZ1A;RIF1;TUT7;HNRNPA2B1;APOBEC3C;KDM2B;MTF2;SKIC8;FAM76B;METTL16;SPOUT1;SNRPD2;CENPV;NCKAP1L;DNMT1;SNIP1;SNRPD3;RPS6KA4;NBAS;DGCR8;EIF2AK2;UNK;ZNF148;RING1;HSF1;U2AF2;LSM1;TRIP12;H2AC11;YY1;EHMT1;OAS3;CSNK2B;DDX3X;L3MBTL2;PRKRA;RBM15B;SFMBT2;SNRPF;MTA1;SMG6;DIS3L;SECISBP2;SNRPD1;H2AC6;PATL1;DHX34;UHRF1;ZC3H7B","GOBP","Sial_rPAL"
"GOBP_POLY_A_DEPENDENT_SNORNA_3_END_PROCESSING",0.00147073732103434,0.0641171436860448,0.45505986738723,0.849991852697057,1.80054394535708,8,"EXOSC10;EXOSC4;EXOSC5;TENT4B;EXOSC2;EXOSC3;EXOSC6","GOBP","rPAL"
"GOBP_TRNA_SURVEILLANCE",0.00148951794072031,0.0641719376343268,0.45505986738723,0.905989583333333,1.7878656559407,6,"EXOSC10;EXOSC8;EXOSC7;EXOSC9;EXOSC2;EXOSC3","GOBP","rPAL"
"GOBP_REGULATION_OF_MRNA_CATABOLIC_PROCESS",0.00158266285927985,0.0673795796887504,0.45505986738723,-0.441812047014226,-1.5732513418877,118,"IGF2BP2;CIRBP;HNRNPD;ALYREF;YTHDF1;SYNCRIP;ZC3HAV1;DHX36;DDX6;FUS;HNRNPU;HNRNPAB;RC3H1;CAPRIN1;YBX3;RC3H2;YBX1;YTHDF2;GTPBP1;HNRNPA0;XRN1;DHX9;TRIM71;PAIP1","GOBP","Sial_rPAL"
"GOBP_RRNA_METABOLIC_PROCESS",0.00160077100844382,0.0673795796887504,0.45505986738723,0.34179095275272,1.48261185541775,229,"EIF4A3;RIOK1;NOP2;EXOSC10;PRMT5;EBNA1BP2;RPL35A;RPP38;RBM34;RPL7A;RPL7;GTF3C6;WDR77;PELP1;EXOSC4;BMS1;EXOSC8;BRIX1;BOP1;RPS16;NOL11;EXOSC7;WBP11;NOP56;PIH1D1;RPP40;EXOSC9;SMARCB1;RPL5;RPL27;FTSJ3;EXOSC5;RPL14;TENT4B;UTP6;POP4;MPHOSPH10;SMARCA4;DDX27;NOL10;NHP2;WDR75;POP7;AATF;EXOSC2;WDR12;C1D;NVL;RPP30;TOP1;NAT10;EXOSC3;NOP58;EXOSC6;LAS1L","GOBP","rPAL"
"GOBP_NUCLEOTIDE_EXCISION_REPAIR",0.00186368053877258,0.0775545242384679,0.45505986738723,0.521199660935743,1.79329367655287,57,"SMARCA2;SMARCD1;ARID2;PBRM1;SMARCC2;SMARCD2;XAB2;ACTL6A;BRD7;SMARCB1;SMARCE1;RPA1;SMARCA4;RPA2;SMARCC1;CUL4B;CCNH;GTF2H5;BCL7C;KAT7;PHF10","GOBP","rPAL"
"GOBP_MITOCHONDRIAL_RIBOSOME_ASSEMBLY",0.00201590656158446,0.0822576274910689,0.431707695803346,-0.732515234095466,-1.77896325752145,16,"DDX28;DHX30;MTG2;METTL17;MRM3;GTPBP10;TFB1M;NSUN4","GOBP","Sial_rPAL"
"GOBP_SMALL_MOLECULE_CATABOLIC_PROCESS",0.00202162383238564,0.0822576274910689,0.431707695803346,-0.464534450937531,-1.59394240430443,87,"DBT;PCCA;MCCC2;PCCB;HADHA;NAGK;HADHB;MCCC1;GCDH;FOXK2;PEX5;HSD17B10;SLC27A2;ABCD3","GOBP","Sial_rPAL"
"GOBP_POSITIVE_REGULATION_OF_LYMPHOCYTE_DIFFERENTIATION",0.00219619748237592,0.08837884813693,0.431707695803346,0.5244717177536,1.73353134454694,46,"SMARCA2;SMARCD1;ARID2;PBRM1;SMARCC2;SMARCD2;ACTL6A;BRD7;INPP5D;SMARCB1;SMARCE1;RUNX1;SMARCA4;SMARCC1;PCID2;IL21","GOBP","rPAL"
"GOBP_METHYLATION",0.00226998204608579,0.0903551549213712,0.431707695803346,-0.479076153959336,-1.64319968652848,88,"TRMT10A;TRMT6;TRMT61A;MRM1;NSD2;TRMT1;NSUN2;SNRPE;EMG1;TRMT10C;DIMT1;NSUN5;TRMT1L;MRM3;NSD3;BUD23;METTL8;METTL13;TFB1M;TRMT5;ALKBH8;METTL16;HSD17B10;SPOUT1;NSUN4;SNRPD2;DNMT1;TYW3;SNRPD3;MEPCE;TRMT2A;KMT2C;EHMT1;RBM15B;SNRPF;WDR4;LARP7;SNRPD1;NSD1;COMT;RNMT","GOBP","Sial_rPAL"
"GOBP_REGULATION_OF_NUCLEAR_TRANSCRIBED_MRNA_CATABOLIC_PROCESS_DEADENYLATION_DEPENDENT_DECAY",0.00232551194530915,0.0909424980214071,0.431707695803346,-0.719454782811627,-1.79292437517105,18,"HNRNPD;SYNCRIP;DHX36;HNRNPU;RC3H1;YBX1;DHX9;PAIP1","GOBP","Sial_rPAL"
"GOBP_ORGANIC_ACID_CATABOLIC_PROCESS",0.00235924011797752,0.0909424980214071,0.431707695803346,-0.531426103570911,-1.72563430219955,60,"DBT;PCCA;MCCC2;PCCB;HADHA;NAGK;HADHB;MCCC1","GOBP","Sial_rPAL"
"GOBP_CIRCADIAN_RHYTHM",0.00235924011797752,0.0909424980214071,0.431707695803346,-0.530657827224909,-1.72313957337964,60,"NONO;SFPQ;HNRNPD;HNRNPU;HDAC3;PARP1;SRRD;PSPC1","GOBP","Sial_rPAL"
"GOBP_MACROMOLECULE_METHYLATION",0.00264576603237973,0.100924950110152,0.431707695803346,-0.500564677945353,-1.65108857586133,66,"TRMT10A;TRMT6;TRMT61A;MRM1;TRMT1;NSUN2;SNRPE;EMG1;TRMT10C;DIMT1;NSUN5;TRMT1L;MRM3;BUD23;METTL8;TFB1M;TRMT5;ALKBH8;METTL16;HSD17B10;SPOUT1;NSUN4;SNRPD2;TYW3;SNRPD3;MEPCE;EHMT1;RBM15B;SNRPF;WDR4;LARP7;SNRPD1;RNMT","GOBP","Sial_rPAL"
"GOBP_POSITIVE_REGULATION_OF_TELOMERE_MAINTENANCE_VIA_TELOMERE_LENGTHENING",0.00276277789135756,0.104177120197907,0.431707695803346,-0.715292497736209,-1.7825517116675,18,"HNRNPD;DHX36;HNRNPA1;HNRNPA2B1","GOBP","Sial_rPAL"
"GOBP_REGULATION_OF_INNATE_IMMUNE_RESPONSE",0.00281139610694242,0.104177120197907,0.431707695803346,-0.405031243563749,-1.4978737889074,153,"NONO;SFPQ;LSM14A;TRIM25;ZC3HAV1;NAGK;YTHDF2;PARP1;PSPC1;CSNK1A1;ADAR;DHX9;POLR3D;NFKBIL1;PTPN11;BIRC2;RBM14;WASHC4;RNF34;TAX1BP1;SERPINB4;DHX33;PTPN1;XIAP;XRCC5;POLR3B;HLA-A;EIF2AK2;LATS1;POLR3F;OAS3;TMEM126A;DDX3X;OTUD4;ISG15;ARRB2;XRCC6;EIF4E2;IFI16;MAP3K7;TRAF2;TRAF3IP3;MATR3","GOBP","Sial_rPAL"
"GOBP_MEMBRANELESS_ORGANELLE_ASSEMBLY",0.00281636671206793,0.104177120197907,0.431707695803346,-0.379217511692243,-1.46197514734769,212,"MRTO4;EIF2S1;CIRBP;DDX28;LSM14A;YTHDF1;DDX6;LSM14B;FUS;PRRC2C;HNRNPU;DHX30;RC3H1;HDAC3;CAPRIN1;G3BP2;MTG2;YTHDF2;CCDC15;PSPC1;METTL17;CCDC61;MRM3;EML3;ZNF574;INCENP;GTPBP10;RBM14;CEP85;AAAS;MIS18BP1","GOBP","Sial_rPAL"
"GOBP_REGULATION_OF_PROTEIN_LOCALIZATION_TO_PLASMA_MEMBRANE",0.00286154667709337,0.104789839315159,0.431707695803346,0.569434845822794,1.75242176245664,35,"STX7;AP2M1;NUMB;TMED2;CLTC;CDK5;ZDHHC5;RACK1;VPS4A;KIF5B;CSK;ATP2C1;ATP2B4;RHOG;SQSTM1;SPTBN1","GOBP","rPAL"
"GOBP_POSITIVE_REGULATION_OF_RESPONSE_TO_EXTERNAL_STIMULUS",0.00294469833398705,0.106767181178818,0.431707695803346,-0.405043672015345,-1.50753052625885,160,"NONO;SFPQ;KARS1;LSM14A;TRIM25;ZC3HAV1;NAGK;GSDMD;PARP1;PSPC1;CSNK1A1;DHX9;POLR3D;NFKBIL1;HSPB1;PTPN11;BIRC2;RBM14;WASHC4;RNF34;TAX1BP1;DHX33;XIAP;XRCC5;POLR3B;NCKAP1L;EIF2AK2;LATS1;POLR3F;OAS3;TMEM126A;DDX3X;OTUD4;ARRB2;MAPK3;XRCC6;IFI16;MAP3K7;TRAF2;PTK2;TRAF3IP3;MATR3","GOBP","Sial_rPAL"
"GOBP_NEGATIVE_REGULATION_OF_NUCLEOBASE_CONTAINING_COMPOUND_METABOLIC_PROCESS",0.00301463256873981,0.107664712958047,0.431707695803346,-0.326422362773901,-1.36037614275817,487,"NONO;SFPQ;QARS1;IGF2BP2;CIRBP;HNRNPD;SCAF4;SYNCRIP;DHX36;FUS;HNRNPU;HNRNPAB;HDAC3;YBX3;PURA;ILF3;YBX1;DDX5;CSNK2A1;SDCBP;NSD2;NSUN2;PARP1;ZC3H8;HMGA1;DDX21;PTBP1;PIAS1;JARID2;SNRPE;WDR82;ZC3H4;RBM42;HNRNPA0;PSPC1;BMI1;RNF2;XRN1;SUZ12;PURB;HNRNPA1;DHX9;RBMX;ZMYND8;PPP1R10;CBX2;HMG20A;PAIP1;MAZ;SRSF2;MTA3;SCAF8;PATZ1;NKRF;TRPS1;HMGA2;PHC2;FOXK2;NRDE2;MECP2;PKP1;GTPBP4;KHDRBS1;RIF1;APOBEC3C;TERF2;KDM2B;MTF2;CCAR1;ZBTB7A;FAM76B;METTL16;MTDH;XRCC5;COPS2;THAP11;RBFOX2;HNRNPL;SNRPD2;MYBBP1A;DNMT1;SNIP1;TERF2IP;SNRPD3;NBAS;MEPCE;WAPL;DNAJC2;NSMCE3;NCOA5;GNL3L;ZNF148;KLF16;RING1;HSF1;U2AF2;SF1;PHF6;YY1;EHMT1;GLI2;GFI1B;ZNF451;L3MBTL2;RBM15B;SFMBT2;SNRPF;MTA1;SMG6;SECISBP2;LARP7;SNRPD1;RFX5;RMI2;NSD1;DHX34;UHRF1;DDX20;ZNF653;NDUFA13;ZBTB10;RTF1;MBD2;CGGBP1;STRAP;XRCC6;VPS72;PHF19;MEN1;H1-3;IFI16;TRAF2;EED;MSH3;DNMT3B;PHAX;TAF15;DDX54;CBX4;ZHX1;EZH2;RBX1;CHD8;ZNF512B;RBM10","GOBP","Sial_rPAL"
"GOBP_POSITIVE_REGULATION_OF_RESPONSE_TO_BIOTIC_STIMULUS",0.00302825380520995,0.107664712958047,0.431707695803346,-0.413203523725495,-1.49452720002587,130,"NONO;SFPQ;LSM14A;TRIM25;ZC3HAV1;NAGK;PARP1;PSPC1;CSNK1A1;DHX9;POLR3D;NFKBIL1;PTPN11;BIRC2;RBM14;WASHC4;RNF34;TAX1BP1;DHX33;XIAP;XRCC5;POLR3B;EIF2AK2;LATS1;POLR3F;OAS3;TMEM126A;DDX3X;OTUD4;ARRB2;XRCC6;IFI16;MAP3K7;TRAF2;TRAF3IP3;MATR3","GOBP","Sial_rPAL"
"GOBP_NEGATIVE_REGULATION_OF_PROTEIN_LOCALIZATION_TO_MEMBRANE",0.00310429081706176,0.109099780267256,0.431707695803346,0.808835146262561,1.80995918757008,9,"AP2M1;NUMB;TMED2;CLTC","GOBP","rPAL"
"GOBP_POSITIVE_REGULATION_OF_MRNA_METABOLIC_PROCESS",0.00312820232879899,0.109099780267256,0.431707695803346,-0.470612373731056,-1.62786765161229,93,"HNRNPD;YTHDF1;SYNCRIP;ZC3HAV1;DHX36;DDX6;HNRNPU;RC3H1;CAPRIN1;RC3H2;YBX1;SNRNP70;YTHDF2;GTPBP1;XRN1;DHX9;TRIM71;RBMX;PAIP1;DAZAP1","GOBP","Sial_rPAL"
"GOBP_REGULATION_OF_PROTEIN_LOCALIZATION",0.00371093607449569,0.128202338724559,0.431707695803346,0.317817221198636,1.40224681161427,272,"RAP1GDS1;EPS15;EI24;AAK1;STX7;TCAF2;AP2B1;AP2M1;NUMB;EIF4G1;TMED2;C2CD5;GNL3;RBM22;CLTC;GSN;CDK5;TRIM22;HCLS1;ITGB1BP1;SEC13;FLNA;STX10;USP8;CPAP;NVL;RAB11FIP1;GPD1L;TCF7L2;SSH1;MYO18A;SIN3A;ZDHHC5;MAVS;MCRS1;CREBBP;BYSL;APC;RACK1;PCM1;VPS4A;BTF3;OGT;KIF5B;PINX1;CHP1;MTOR;SLC16A1;RAB14;CSK;PYHIN1;KAT7;ATP2C1;CRKL","GOBP","rPAL"
"GOBP_DENDRITIC_TRANSPORT",0.00389058819616587,0.133152653965976,0.431707695803346,-0.848503812759667,-1.72112577466913,7,"SFPQ;HNRNPU;PURA;STAU1","GOBP","Sial_rPAL"
"GOBP_MUSCLE_CELL_DIFFERENTIATION",0.00407215564100855,0.138076240346049,0.407017918923954,0.379245230889087,1.499729926579,120,"RPL4;RPLP0;HIRA;RPL12;RPL35A;RPL10A;RPL34;RPL7A;RPL7;RPL6;PLD3;TMOD3;RPL30;RPL27A;RPL5;RPL27;RPL8;RPL14;ASF1A;TMOD2;MYH11;RPL36;RPLP1;RPL32;RPL18;RPL23;ACTC1;RPL18A;CCNB1;MTOR;RPLP2;CASP3;RBM4;ACTG1;RPL13A;KDM1A;SETD3;RPL21;FLII","GOBP","rPAL"
"GOBP_DEFENSE_RESPONSE_TO_OTHER_ORGANISM",0.00412214038038737,0.138488789660354,0.407017918923954,-0.349378633991368,-1.40240046189872,305,"NONO;SFPQ;IFITM1;EPRS1;LSM14A;SYNCRIP;TRIM25;ZC3HAV1;DHX36;NAGK;G3BP2;YTHDF2;GSDMD;PARP1;DDX21;IFIT5;DUS2;PSPC1;CSNK1A1;ADAR;DHX9;HMGN2;POLR3H;POLR3D;NFKBIL1;HMGB3;POLR3A;PTPN11;BIRC2;RBM14;ADARB1;WASHC4;SRPK2;RNF34;TAX1BP1;TTC4;SERPINB4;DHX33;PTPN1;APOBEC3C;IGHG1;POLR3E;XIAP;XRCC5;DMBT1;POLR3B","GOBP","Sial_rPAL"
"GOBP_REGULATION_OF_RESPONSE_TO_BIOTIC_STIMULUS",0.00424696435028896,0.141385304097802,0.407017918923954,-0.380949115341909,-1.43695799366724,177,"NONO;SFPQ;LSM14A;TRIM25;ZC3HAV1;NAGK;YTHDF2;NT5C2;PARP1;PSPC1;CSNK1A1;ADAR;DHX9;POLR3D;NFKBIL1;PTPN11;BIRC2;RBM14;WASHC4;RNF34;TAX1BP1;SERPINB4;DHX33;PTPN1;XIAP;XRCC5;POLR3B;HLA-A;EIF2AK2;LATS1;POLR3F;OAS3;HERC5;TMEM126A;DDX3X;OTUD4;ISG15;ARRB2;MAPK3;XRCC6;EIF4E2;IFI16;MAP3K7;TRAF2;TRAF3IP3;MATR3;RBX1","GOBP","Sial_rPAL"
"GOBP_ACTIVATION_OF_INNATE_IMMUNE_RESPONSE",0.0044444512873667,0.146626852381413,0.407017918923954,-0.435371225698178,-1.52125998123256,103,"NONO;SFPQ;LSM14A;TRIM25;ZC3HAV1;NAGK;PARP1;PSPC1;CSNK1A1;NFKBIL1;BIRC2;RBM14;WASHC4;RNF34;TAX1BP1;DHX33;XIAP;XRCC5;EIF2AK2;LATS1;OAS3;TMEM126A;DDX3X;OTUD4;ARRB2;XRCC6;IFI16;MAP3K7;TRAF2;TRAF3IP3;MATR3","GOBP","Sial_rPAL"
"GOBP_REGULATION_OF_FATTY_ACID_TRANSPORT",0.00449522724538755,0.146977876541153,0.407017918923954,-0.896891525708972,-1.67198853420851,5,"EPRS1;REPIN1","GOBP","Sial_rPAL"
"GOBP_OSSIFICATION",0.00462534212650518,0.149893830683734,0.407017918923954,-0.456961468914126,-1.56075444517539,84,"IARS1;IFITM1;ALYREF;SYNCRIP;DHX36;HNRNPU;DDX5;RRBP1;DDX21;SND1;ADAR;DHX9;RBMX;RSL1D1;PTPN11;TMCO1;GTPBP4;PAM16","GOBP","Sial_rPAL"
"GOBP_REGULATION_OF_KETONE_METABOLIC_PROCESS",0.00484987917490388,0.155030681123142,0.407017918923954,0.626077360876152,1.69214170466418,20,"PDPR;DCAF5;EIF6;GGCX;FABP5;PDK3;REST;ERLIN2;LONP2;KAT2B;NCOR1","GOBP","rPAL"
"GOBP_EMBRYONIC_CRANIAL_SKELETON_MORPHOGENESIS",0.0048685222089463,0.155030681123142,0.407017918923954,0.832168542004352,1.70876318684521,7,"EIF4A3","GOBP","rPAL"
"GOBP_ANGIOTENSIN_ACTIVATED_SIGNALING_PATHWAY",0.00495785040828457,0.156514208578777,0.407017918923954,0.83169488919169,1.70779059481754,7,"RAP1GDS1","GOBP","rPAL"
"GOBP_OSTEOBLAST_DIFFERENTIATION",0.00505699028039738,0.158279473562523,0.407017918923954,-0.525728271611255,-1.70070079900344,57,"IARS1;IFITM1;ALYREF;SYNCRIP;HNRNPU;DDX5;RRBP1;DDX21;SND1;ADAR;DHX9;RBMX;RSL1D1","GOBP","Sial_rPAL"
"GOBP_NEGATIVE_REGULATION_OF_NEURON_APOPTOTIC_PROCESS",0.00540631836463886,0.165965236446035,0.407017918923954,-0.611031100654121,-1.72045868321015,29,"NONO;MECP2;KDM2B;THAP11;AGAP2;KIF14;PRKCI;LCN2;CLU;MEF2C;ADNP","GOBP","Sial_rPAL"
"GOBP_POSITIVE_REGULATION_OF_PROTEIN_TARGETING_TO_MEMBRANE",0.00543851129806777,0.165965236446035,0.407017918923954,0.811737317645298,1.71950908455067,8,"TCAF2;C2CD5;CDK5;ITGB1BP1","GOBP","rPAL"
"GOBP_REGULATION_OF_PROTEIN_TARGETING_TO_MEMBRANE",0.00543851129806777,0.165965236446035,0.407017918923954,0.811737317645298,1.71950908455067,8,"TCAF2;C2CD5;CDK5;ITGB1BP1","GOBP","rPAL"
"GOBP_REGULATION_OF_SISTER_CHROMATID_SEGREGATION",0.00553876622277,0.167627784361849,0.407017918923954,0.444682802078218,1.57408442145807,66,"SMARCA2;SMARCD1;ARID2;PBRM1;SMARCC2;SMARCD2;ACTL6A;MAP3K20;BRD7;FBXO5;SMARCB1;SMARCE1;SMARCA4;SMARCC1;APC;CCNB1;BCL7C;NEK6;ZNF207;PHF10","GOBP","rPAL"
"GOBP_POSITIVE_REGULATION_OF_DEFENSE_RESPONSE",0.00622993942513323,0.187000312908507,0.407017918923954,-0.412411639957924,-1.50611359651606,140,"NONO;SFPQ;KARS1;LSM14A;TRIM25;ZC3HAV1;NAGK;GSDMD;PARP1;PSPC1;CSNK1A1;DHX9;POLR3D;NFKBIL1;BIRC2;RBM14;WASHC4;RNF34;TAX1BP1;DHX33;XIAP;XRCC5;POLR3B;EIF2AK2;LATS1;POLR3F;OAS3;TMEM126A;DDX3X;OTUD4;ARRB2;MAPK3;XRCC6;IFI16;MAP3K7;TRAF2;TRAF3IP3;MATR3","GOBP","Sial_rPAL"
"GOBP_NEGATIVE_REGULATION_OF_RNA_CATABOLIC_PROCESS",0.0071737068266739,0.213578165847804,0.407017918923954,-0.506763322914748,-1.63786519001931,56,"IGF2BP2;CIRBP;HNRNPD;SYNCRIP;DHX36;FUS;HNRNPU;HNRNPAB;YBX3;YBX1;NSUN2;HNRNPA0;DHX9;PAIP1;NRDE2;PKP1;FAM76B;METTL16","GOBP","Sial_rPAL"
"GOBP_HETEROCHROMATIN_ORGANIZATION",0.00734308903062739,0.216789694909744,0.407017918923954,-0.416270917017117,-1.45480436620822,104,"HNRNPU;LBR;HDAC3;CSNK2A1;SPTY2D1;CSNK2A2;JARID2;BMI1;RNF2;SUZ12;CBX2;CIZ1;HMGA2;PHC2;ERI1;NRDE2;MIS18BP1;MECP2;BAZ1A;RIF1;KDM2B;MTF2;CENPV;DNMT1;RING1;TRIP12;H2AC11;EHMT1;CSNK2B;L3MBTL2;RBM15B;H2AC6;UHRF1;HELLS;MBD2;PHF19;EED;CBX4;EZH2;ZNF512B","GOBP","Sial_rPAL"
"GOBP_MITOCHONDRIAL_RNA_MODIFICATION",0.00739997593220045,0.216789694909744,0.407017918923954,-0.789260394875877,-1.67777137024545,9,"PUS1;TRMT10C;METTL8;TRMT5;HSD17B10;NSUN4","GOBP","Sial_rPAL"
"GOBP_POSITIVE_REGULATION_OF_TRANSLATION",0.00754192789914666,0.218017918363737,0.407017918923954,-0.4436205662852,-1.51518851785502,84,"CIRBP;SSB;HNRNPD;YTHDF1;SYNCRIP;DHX36;HNRNPU;YBX3;YBX1;YTHDF2;RBM3;TRMT10C;PYM1;DHX9;NSUN5;PAIP1;EIF2B4;PKP1;DHX57;KHDRBS1;METTL8;POLDIP3;RPS6KB2","GOBP","Sial_rPAL"
"GOBP_TRANSCRIPTION_INITIATION_AT_RNA_POLYMERASE_III_PROMOTER",0.00763866893449951,0.218017918363737,0.407017918923954,-0.63890857644302,-1.66405386669139,21,"GTF3C2;POLR3H;POLR3D;POLR3A;POLR3E;GTF3C5;POLR3B;GTF3C3;POLR2F;GTF3C1;POLR3F;POLR2K;GTF3C4","GOBP","Sial_rPAL"
"GOBP_SNO_S_RNA_PROCESSING",0.00765941687858984,0.218017918363737,0.407017918923954,0.736011100473846,1.71159978625532,11,"EXOSC10;EXOSC4;EXOSC5;TENT4B;EXOSC2;EXOSC3;EXOSC6","GOBP","rPAL"
"GOBP_ACTIVATION_OF_IMMUNE_RESPONSE",0.00768004136234901,0.218017918363737,0.407017918923954,-0.38072732080299,-1.42639213910906,167,"NONO;SFPQ;LSM14A;TRIM25;ZC3HAV1;NAGK;RC3H1;RC3H2;PARP1;PSPC1;CSNK1A1;NFKBIL1;EIF2B4;PTPN11;BIRC2;RBM14;WASHC4;RNF34;PHPT1;TAX1BP1;PLCL2;DHX33;KHDRBS1;IGHG1;XIAP;XRCC5;NCKAP1L;HLA-A;EIF2AK2;LATS1;OAS3;TMEM126A;DDX3X;OTUD4;CBLB;ARRB2;DGKZ;XRCC6;KCNN4;IFI16;MAP3K7;TRAF2;PTK2;TRAF3IP3;MATR3","GOBP","Sial_rPAL"
"GOBP_PROTEIN_TRANSPORT",0.00786593264513478,0.221577271896027,0.380730400722792,0.284651850419012,1.30224218164791,416,"AFTPH;RAP1GDS1;EPS15;EI24;AP2S1;AP2A2;STX7;ARHGEF2;AP2B1;AP2M1;AP2A1;TMED2;AP1B1;C2CD5;NECAP2;RAB35;NECAP1;RBM22;CLTC;DTNBP1;VPS33A;CDK5;NEGR1;HCLS1;SEC13;ASF1A;FLNA;CLTA;SEC63;STX10;SCAMP1;SEC16A;KPNA2;PCID2;AP3M2;SNAP29;RAB11FIP1;MTX1;TCF7L2;MYO18A;VTA1;BCR;HPSE;MAVS;STK4;CHMP6;RAB6A;EXOC6;RPL23;NUP98;RFTN1;RACK1;PCM1;VPS4A;B2M;ACAP1;BTF3;KPNA3;IPO4;SAMM50;RABL3;TAP2;UGGT1;EXOC1;KIF5B;LAPTM5","GOBP","rPAL"
"GOBP_POSITIVE_REGULATION_OF_CELL_CELL_ADHESION",0.00795890766798193,0.222484884581296,0.380730400722792,0.406419644275917,1.48040455258804,77,"SMARCA2;SMARCD1;ARID2;PBRM1;SMARCC2;SMARCD2;LYN;ACTL6A;BRD7;SMARCB1;SMARCE1;RUNX1;SMARCA4;SMARCC1;IL21;EMILIN1;B2M;OPA1;RUNX3;MTOR;CSK;PHF10","GOBP","rPAL"
"GOBP_REGULATION_OF_LIPID_METABOLIC_PROCESS",0.00827620473915175,0.224244808809875,0.380730400722792,0.465694922776937,1.55767895490042,53,"PDPR;CHLSN;MBOAT7;GPS2;DCAF5;MTMR2;EIF6;TMX1;TBL1XR1;CHP1;GGCX;MTOR;STUB1;FABP5;MTMR1;PDK3;LACTB;MACROH2A1;NFKB1;REST;ERLIN2","GOBP","rPAL"
"GOBP_ENDOSOMAL_TRANSPORT",0.00833176338201506,0.224244808809875,0.380730400722792,0.402861774461669,1.48934323364348,84,"EPS15;EPS15L1;EEA1;REPS1;ITSN2;RAB35;CLTC;STX10;VTA1;MTMR2;TRIM27;CHMP6;RAB6A;VPS4A","GOBP","rPAL"
"GOBP_ORGANELLE_ASSEMBLY",0.00852758004711183,0.224244808809875,0.380730400722792,-0.327717657398983,-1.321902688547,322,"MRTO4;EIF2S1;CIRBP;DDX28;LSM14A;YTHDF1;DRC1;DDX6;LSM14B;FUS;PRRC2C;HNRNPU;DHX30;RC3H1;HDAC3;RAB34;CAPRIN1;G3BP2;MTG2;YTHDF2;SDCBP;USP6NL;TBC1D10C;CCDC15;PSPC1;METTL17;AP3S2;CCDC61;MRM3;AP3S1;EML3;ZNF574;INCENP;GTPBP10;RBM14;RDX;TBC1D22B;CEP85;AAAS;MIS18BP1","GOBP","Sial_rPAL"
"GOBP_MATURATION_OF_LSU_RRNA",0.00855099446402996,0.224244808809875,0.380730400722792,0.562791411122602,1.6680750649599,30,"NOP2;RBM34;RPL7A;RPL7;PELP1;BOP1;FTSJ3;WDR12;LAS1L;EIF6;NOL9","GOBP","rPAL"
"GOBP_INTRACELLULAR_MRNA_LOCALIZATION",0.00855509090323805,0.224244808809875,0.380730400722792,-0.78542180382677,-1.6696114800418,9,"DHX36;HNRNPAB;CAPRIN1;STAU1","GOBP","Sial_rPAL"
"GOBP_PROTEIN_CONTAINING_COMPLEX_DISASSEMBLY",0.00860132043260967,0.224244808809875,0.380730400722792,0.373808084947092,1.46493021795479,112,"ARHGEF2;UPF1;SMARCD1;ARID2;GRWD1;TMOD3;SMARCC2;SMARCD2;CLTC;GSN;VPS33A;SMARCB1;SMARCE1;TFIP11;CAPZA1;SMARCA4;ADD1;TMOD2;SPECC1L;SMARCC1;SSRP1;SNAP29;DSTN;VTA1;CHMP6;RPL23;APC;VPS4A","GOBP","rPAL"
"GOBP_POSITIVE_REGULATION_OF_LEUKOCYTE_CELL_CELL_ADHESION",0.00860725292871782,0.224244808809875,0.380730400722792,0.429372585396343,1.55462929822421,72,"SMARCA2;SMARCD1;ARID2;PBRM1;SMARCC2;SMARCD2;LYN;ACTL6A;BRD7;SMARCB1;SMARCE1;RUNX1;SMARCA4;SMARCC1;IL21;B2M;OPA1;RUNX3;MTOR;CSK;PHF10","GOBP","rPAL"
"GOBP_NEGATIVE_REGULATION_OF_T_HELPER_CELL_DIFFERENTIATION",0.00863750989074516,0.224244808809875,0.380730400722792,-0.845254149284379,-1.66402999324543,6,"RC3H1;RC3H2","GOBP","Sial_rPAL"
"GOBP_REGULATION_OF_NEURON_APOPTOTIC_PROCESS",0.00865513851991645,0.224244808809875,0.380730400722792,-0.523413821619413,-1.60448107369734,45,"NONO;AIMP2;HDAC3;PARP1;MECP2;SRPK2;KDM2B;THAP11;AGAP2;KIF14;MAP2K7","GOBP","Sial_rPAL"
"GOBP_SNRNA_3_END_PROCESSING",0.00865573850262646,0.224244808809875,0.380730400722792,0.708694592587634,1.73531476551972,13,"EXOSC4;EXOSC8;EXOSC7;EXOSC9;EXOSC5;EXOSC2;EXOSC3;EXOSC6","GOBP","rPAL"
"GOBP_NEGATIVE_REGULATION_OF_MUSCLE_CELL_DIFFERENTIATION",0.00869545681349051,0.224244808809875,0.380730400722792,-0.68818208116361,-1.67129716883834,16,"HDAC3;YBX1;PTBP1;MECP2;TNPO2;DNMT1;YY1;EHMT1","GOBP","Sial_rPAL"
"GOBP_MITOCHONDRIAL_LARGE_RIBOSOMAL_SUBUNIT_ASSEMBLY",0.00920688834565304,0.234806320726338,0.380730400722792,-0.780937334318535,-1.66007861281509,9,"DDX28;DHX30;MTG2;MRM3;GTPBP10;NSUN4","GOBP","Sial_rPAL"
"GOBP_TRNA_THREONYLCARBAMOYLADENOSINE_METABOLIC_PROCESS",0.00923323598705426,0.234806320726338,0.380730400722792,-0.764445022663527,-1.68233653546377,10,"PUS1;TRMT10C;TP53RK;METTL8;TRMT5;HSD17B10","GOBP","Sial_rPAL"
"GOBP_PHOSPHATIDYLGLYCEROL_METABOLIC_PROCESS",0.00936983790523755,0.23618663870711,0.380730400722792,-0.779133696187322,-1.65624452657628,9,"HADHA;MECP2;LCLAT1;LPCAT1;DNAJC19","GOBP","Sial_rPAL"
"GOBP_CYTOPLASMIC_TRANSLATIONAL_INITIATION",0.00944798057593236,0.23618663870711,0.380730400722792,0.484883928235503,1.58632915134888,45,"EIF3C;EIF3A;EIF3M;EIF3B;EIF3F;EIF3I;EIF3L;DHX29;EIF3G;EIF3E;EIF4G1;EIF3H;RPS3;EIF3D","GOBP","rPAL"
"GOBP_REGULATION_OF_RESPONSE_TO_EXTERNAL_STIMULUS",0.0094810037929943,0.23618663870711,0.380730400722792,-0.348223306293324,-1.3753832432261,264,"NONO;SFPQ;KARS1;LSM14A;YTHDF1;TRIM25;ZC3HAV1;NAGK;YTHDF2;GSDMD;NT5C2;PARP1;PSPC1;STK24;CSNK1A1;ADAR;DHX9;POLR3D;NFKBIL1;KIF21A;HSPB1;PTPN11;BIRC2;RBM14;WASHC4;DROSHA;RNF34;TAX1BP1;SERPINB4;DHX33;PTPN1;FAM76B;ANXA2;XIAP;XRCC5;POLR3B;NCKAP1L;HLA-A;EIF2AK2;LATS1;POLR3F;OAS3;HERC5;TMEM126A;DDX3X;OTUD4;SBNO1;ISG15","GOBP","Sial_rPAL"
"GOBP_REGULATION_OF_RECEPTOR_MEDIATED_ENDOCYTOSIS",0.00980843975600286,0.242692610719476,0.380730400722792,0.527364197557784,1.61430864347703,34,"AAK1;AP2M1;AP2A1;NUMB;BMP2K;DTNBP1;MKLN1","GOBP","rPAL"
"GOBP_REGULATION_OF_MRNA_METABOLIC_PROCESS",0.010111636286244,0.248147546521109,0.380730400722792,-0.361395633215717,-1.39326749907622,212,"IGF2BP2;CIRBP;HNRNPD;ALYREF;YTHDF1;SYNCRIP;ZC3HAV1;DHX36;DDX6;FUS;HNRNPU;HNRNPAB;RC3H1;CAPRIN1;YBX3;RC3H2;YBX1;DDX5;SNRNP70;YTHDF2;PTBP1;SNRPE;GTPBP1;RBM42;HNRNPA0;RBM19;XRN1;HNRNPA1;DHX9;TRIM71;RBMX;PAIP1;DAZAP1;SRSF2;PCF11;RBM14;NRDE2;SRPK2;PKP1;PRR5L;KHDRBS1;TUT7;CDK9;ZBTB7A;FAM76B;METTL16;RBPMS;RBFOX2;HNRNPL;SNRPD2;SNIP1;SNRPD3","GOBP","Sial_rPAL"
"GOBP_NEURON_APOPTOTIC_PROCESS",0.0102663055141254,0.248147546521109,0.380730400722792,-0.490079575950632,-1.58899184611546,58,"NONO;AIMP2;HDAC3;PARP1;ADARB1;MECP2;SRPK2;KDM2B;XIAP;THAP11;BID;AGAP2;KIF14;MAP2K7","GOBP","Sial_rPAL"
"GOBP_ACETYL_COA_BIOSYNTHETIC_PROCESS",0.0102715377873315,0.248147546521109,0.380730400722792,0.768161398511768,1.7189420949343,9,"PDPR","GOBP","rPAL"
"GOBP_DEVELOPMENTAL_PIGMENTATION",0.0103582174311065,0.248147546521109,0.380730400722792,0.788715161979012,1.67074108417223,8,"USP13;VPS33A","GOBP","rPAL"
"GOBP_NEGATIVE_REGULATION_OF_CELLULAR_COMPONENT_ORGANIZATION",0.0103677156247214,0.248147546521109,0.380730400722792,0.303017415207089,1.32058922330392,261,"ARHGEF2;RPL4;RPLP0;EXOSC10;RPL12;RPL35A;RPL10A;RPL34;RPL7A;RPL7;RPL6;TMOD3;DTNBP1;GSN;RPL30;HNRNPC;RPL27A;CDK5;FBXO5;RPL5;RPL27;NEGR1;RPL8;TFIP11;RPL14;CAPZA1;TENT4B;IKBKB;ITGB1BP1;ADD1;TMOD2;SPECC1L;CCP110;CARM1;RPL36;SSH1;NAT10;RPLP1;RPL32;MCRS1;MTMR2;RPL18;SSH2;RPL23;EMILIN1;PFDN2;APC;RACK1;RPL18A;B2M;TUBB4A;CCNB1;OGT;CAPZA2;OPA1;PINX1;MTOR;USP10;RPLP2;CCDC88C;ACAA2;ZNF207;CSK;RPL13A;KDM1A;CAPZB;RPL21;FLII;RTN4;EVL;PLK1;PHF23;TWF2;SPTBN1;RPL28;SPTAN1;GAK;DIP2B;GMFG;HSPA2;ATXN7;GPX1;RPL9;RPL15;PRP4K;RPL29;HDAC2","GOBP","rPAL"
"GOBP_POSITIVE_REGULATION_OF_NEURON_MIGRATION",0.0105383558417645,0.250593890211308,0.380730400722792,0.787549323666121,1.66827148036499,8,"ARHGEF2;FLNA;TBC1D24","GOBP","rPAL"
"GOBP_SPERMATID_DIFFERENTIATION",0.0106169493626998,0.250833990749721,0.380730400722792,-0.608697356007655,-1.67265105759791,27,"YTHDC2;DRC1;DDX6;STRBP;NSUN2","GOBP","Sial_rPAL"
"GOBP_POSITIVE_REGULATION_OF_INTERFERON_BETA_PRODUCTION",0.0110401378790249,0.258855233727904,0.380730400722792,-0.62831338102671,-1.63645840694812,21,"ZC3HAV1;DHX9;POLR3D;POLR3A;PTPN11;POLR3B;POLR3F;OAS3;DDX3X;ISG15","GOBP","Sial_rPAL"
"GOBP_SNO_S_RNA_METABOLIC_PROCESS",0.0111095741659487,0.258855233727904,0.380730400722792,0.714329884456978,1.69912685738459,12,"EXOSC10;EXOSC4;EXOSC5;TENT4B;EXOSC2;EXOSC3;EXOSC6","GOBP","rPAL"
"GOBP_CELLULAR_PROCESS_INVOLVED_IN_REPRODUCTION_IN_MULTICELLULAR_ORGANISM",0.011213165843578,0.258855233727904,0.380730400722792,-0.479952680859456,-1.57031048565593,63,"YTHDC2;DRC1;DDX6;LSM14B;STAU1;YTHDF2;STRBP;NSUN2;MARF1;RNF2","GOBP","Sial_rPAL"
"GOBP_NEURON_INTRINSIC_APOPTOTIC_SIGNALING_PATHWAY_IN_RESPONSE_TO_OXIDATIVE_STRESS",0.0112698235714094,0.258855233727904,0.380730400722792,-0.836926474963508,-1.64763551608653,6,"NONO;PARP1","GOBP","Sial_rPAL"
"GOBP_NEGATIVE_REGULATION_OF_ACTIN_FILAMENT_POLYMERIZATION",0.0113152924525411,0.258855233727904,0.380730400722792,0.602338205772524,1.67462754472566,22,"TMOD3;GSN;CAPZA1;ADD1;TMOD2;SSH1;SSH2;CAPZA2;CAPZB;FLII;TWF2;SPTBN1;SPTAN1;CRACD;TMSB4X","GOBP","rPAL"
"GOBP_CELLULAR_RESPONSE_TO_STARVATION",0.0114887367712394,0.258855233727904,0.380730400722792,-0.524530212424087,-1.59178490720924,43,"WDR59;EIF2S1;LARS1;STK24;HNRNPA1;MICU1;TBL2;RPTOR;MYBBP1A;EIF2AK2;JMY;COMT;MAPK3;IFI16;WRN;ATF2;PIK3R4;EHMT2;RRP8;ALB","GOBP","Sial_rPAL"
"GOBP_REGULATION_OF_FATTY_ACID_METABOLIC_PROCESS",0.0114908921121977,0.258855233727904,0.380730400722792,0.646044757070462,1.64988168872461,16,"PDPR;DCAF5;EIF6;FABP5;PDK3;ERLIN2;LONP2;KAT2B;NCOR1","GOBP","rPAL"
"GOBP_NUCLEAR_MRNA_SURVEILLANCE",0.0115219560616189,0.258855233727904,0.380730400722792,0.765507235148751,1.71300277913379,9,"EXOSC10;EXOSC4;EXOSC8;EXOSC7;EXOSC9;EXOSC5;EXOSC6","GOBP","rPAL"
"GOBP_CELLULAR_COMPONENT_ASSEMBLY_INVOLVED_IN_MORPHOGENESIS",0.0118330896540431,0.264224233616499,0.380730400722792,0.599681413866463,1.62079959015825,20,"TMOD3;TMOD2;MYH11;MTMR2;ACTC1;ACTG1;FLII;CEP78;ACTA1;MYH10;WDR1;ERCC2","GOBP","rPAL"
"GOBP_REGULATION_OF_TERMINATION_OF_DNA_TEMPLATED_TRANSCRIPTION",0.0119740468569006,0.265751270242242,0.380730400722792,-0.810208447795533,-1.64344652479545,7,"SCAF4;PPP1R10;SCAF8;PRR3","GOBP","Sial_rPAL"
"GOBP_HEMATOPOIETIC_OR_LYMPHOID_ORGAN_DEVELOPMENT",0.0121653845050344,0.268371313599012,0.380730400722792,-0.637422109458252,-1.69650216215777,23,"TOX;RC3H1;RC3H2;JARID2","GOBP","Sial_rPAL"
"GOBP_POSITIVE_REGULATION_OF_CELL_DIFFERENTIATION",0.0123239105398046,0.270240481417752,0.380730400722792,0.3300384573176,1.37277940211108,181,"ARHGEF2;PRMT5;SMARCA2;SRRT;NUMB;EIF4G1;SPEN;ACIN1;SMARCD1;PHOX2B;RIPK1;ARID2;PBRM1;SMARCC2;SMARCD2;LYN;ACTL6A;BRD7;INPP5D;FBXO5;SMARCB1;SMARCE1;RUNX1;SNW1;HCLS1;SMARCA4;ADD1;SMARCC1;PCID2;CARM1;TCF7L2;IL21;SIN3A","GOBP","rPAL"
"GOBP_RANDOM_INACTIVATION_OF_X_CHROMOSOME",0.0124658899161978,0.271726719482836,0.380730400722792,-0.761832180671142,-1.61946580616491,9,"HNRNPU;LBR;HDAC3;JARID2;SUZ12;CIZ1","GOBP","Sial_rPAL"
"GOBP_NEGATIVE_REGULATION_OF_MRNA_CATABOLIC_PROCESS",0.012873526372679,0.278951796312134,0.380730400722792,-0.509833624338698,-1.56285212044087,45,"IGF2BP2;CIRBP;HNRNPD;SYNCRIP;FUS;HNRNPU;HNRNPAB;YBX3;YBX1;HNRNPA0;DHX9;PAIP1;NRDE2;PKP1;FAM76B;METTL16;SNIP1;NBAS","GOBP","Sial_rPAL"
"GOBP_REGULATION_OF_DEFENSE_RESPONSE",0.013169240021558,0.281365387769655,0.380730400722792,-0.360023037744568,-1.39199176086151,220,"NONO;SFPQ;KARS1;LSM14A;TRIM25;ZC3HAV1;NAGK;YTHDF2;GSDMD;NT5C2;PARP1;PSPC1;CSNK1A1;ADAR;DHX9;POLR3D;NFKBIL1;PTPN11;BIRC2;RBM14;WASHC4;DROSHA;RNF34;TAX1BP1;SERPINB4;DHX33;PTPN1;FAM76B;XIAP;XRCC5;POLR3B;HLA-A;EIF2AK2;LATS1;POLR3F;OAS3;HERC5;TMEM126A;DDX3X;OTUD4;SBNO1;ISG15;ARRB2;MAPK3;XRCC6;EIF4E2;IFI16;MAP3K7;TRAF2;TRAF3IP3;MATR3;RBX1","GOBP","Sial_rPAL"
"GOBP_REGULATION_OF_IMMUNE_RESPONSE",0.0132144373203706,0.281365387769655,0.380730400722792,-0.341862778247412,-1.35373062909392,259,"NONO;SFPQ;KARS1;LSM14A;TRIM25;ZC3HAV1;NAGK;RC3H1;RC3H2;YTHDF2;NSD2;PARP1;PSPC1;CSNK1A1;ADAR;DHX9;POLR3D;NFKBIL1;EIF2B4;PTPN11;BIRC2;RBM14;WASHC4;RNF34;PHPT1;TAX1BP1;PLCL2;SERPINB4;DHX33;KHDRBS1;RIF1;PTPN1;IGHG1;XIAP;XRCC5;POLR3B;NCKAP1L;MAP2K7;HLA-A;BRD2;EIF2AK2;LATS1;ECM1;POLR3F;OAS3;TMEM126A;DDX3X;OTUD4;ISG15;CBLB;ARRB2;MAPK3;DGKZ;XRCC6;KCNN4;EIF4E2;IFI16;MAP3K7;TRAF2;PTK2;TRAF3IP3;MATR3","GOBP","Sial_rPAL"
"GOBP_MITOCHONDRIAL_TRNA_PROCESSING",0.0132806427176676,0.281365387769655,0.380730400722792,-0.759276021608514,-1.61403204752085,9,"PUS1;TRMT10C;METTL8;TRMT5;HSD17B10","GOBP","Sial_rPAL"
"GOBP_EXONUCLEOLYTIC_TRIMMING_TO_GENERATE_MATURE_3_END_OF_5_8S_RRNA_FROM_TRICISTRONIC_RRNA_TRANSCRIPT_SSU_RRNA_5_8S_RRNA_LSU_RRNA",0.0132922479749182,0.281365387769655,0.380730400722792,0.794603038491379,1.63162670996798,7,"EXOSC10;EXOSC8;EXOSC7;EXOSC9;EXOSC2;EXOSC3","GOBP","rPAL"
"GOBP_ANATOMICAL_STRUCTURE_FORMATION_INVOLVED_IN_MORPHOGENESIS",0.0137630252439658,0.28965631289312,0.380730400722792,0.300364379188487,1.30870779867791,252,"RPL4;RPLP0;RPL12;MBOAT7;RPL35A;TMED2;RPL10A;RPL34;RPL7A;RPL7;RPL6;TMOD3;WDR83;CD109;ACTL6A;RPL30;RPL27A;VPS33A;CDK5;RPL5;RPL27;RUNX1;RPL8;RPL14;ITGB1BP1;TMOD2;AGTPBP1;SPECC1L;MYH11;RPL36;RPLP1;HPSE;RPL32;MTMR2;RPL18;STK4;RPL23;EMILIN1;ACTC1;BYSL;RPL18A;TPM4;CNOT1;TNFAIP3;OPA1;ANPEP;LEO1;NECTIN1;S100A7;RPLP2;CASP3;ACTG1;CD34;RPL13A;TCOF1;AMOTL1;FGFR1;ATP2B4;RPL21;FLII;RTN4;NUP50;KLHL6;CEP78;MACROH2A1;MED1;SPTBN1;RNH1;RPL28;NAA15;ACTN1;SETD2;RALA;GPX1;RPL9;RPL15;ACTA1;VASP;RPL29;HDAC2","GOBP","rPAL"
"GOBP_NEGATIVE_REGULATION_OF_PROTEIN_POLYMERIZATION",0.014198130807211,0.297106028662896,0.380730400722792,0.562933406288387,1.65129460020387,28,"TMOD3;GSN;CAPZA1;ADD1;TMOD2;SSH1;SSH2;TUBB4A;CAPZA2;CAPZB;FLII;TWF2;SPTBN1;SPTAN1;CRACD;TMSB4X","GOBP","rPAL"
"GOBP_NEGATIVE_REGULATION_OF_SUPRAMOLECULAR_FIBER_ORGANIZATION",0.014845275212085,0.304949046381685,0.380730400722792,0.446176678317262,1.51508314301043,55,"ARHGEF2;TMOD3;GSN;CAPZA1;ADD1;TMOD2;SPECC1L;SSH1;SSH2;PFDN2;APC;TUBB4A;CAPZA2;CCDC88C;CAPZB;FLII;TWF2;SPTBN1;SPTAN1;GMFG;ATXN7;CRACD;TMSB4X","GOBP","rPAL"
"GOBP_GOLGI_TO_ENDOSOME_TRANSPORT",0.0148911039956242,0.304949046381685,0.380730400722792,0.854504094974217,1.61043171946267,5,"EPS15;AP2A1","GOBP","rPAL"
"GOBP_CYTOSOLIC_TRANSPORT",0.0148977850962923,0.304949046381685,0.380730400722792,0.483553211801215,1.55227101104462,39,"EPS15;AP2A1;CLTC;STX10;TRIM27;RAB6A;PIP4K2A;SRSF10;KIF5B;LAPTM5;RAB14","GOBP","rPAL"
"GOBP_MRNA_PROCESSING",0.0149514683004789,0.304949046381685,0.380730400722792,-0.320487310038612,-1.30403057188656,365,"NONO;SFPQ;CIRBP;ALYREF;HNRNPUL1;SYNCRIP;PUS1;DHX36;HNRNPR;TRMT6;PSIP1;HNRNPU;ZCRB1;TRMT61A;ILF3;NCL;GRSF1;YBX1;DDX5;U2AF1;SNRNP70;LUC7L;FAM32A;NSUN2;SNRPC;RBM3;MBNL1;DUS3L;FRG1;CPSF7;PTBP1;SNRPE;RBM42;HNRNPA0;RBM19;TRMT10C;GEMIN7;ADAR;HNRNPA1;DHX9;SLBP;RBMX;SART3;SART1;SNRPA;PRPF18;DAZAP1;SRSF2;PCF11;SNRPGP15;RBM14;LUC7L2;ADARB1;NRDE2;SRPK2;MTPAP;SF3B1;PTBP3;KHDRBS1;SCNM1;HNRNPA2B1;CDK9;LUC7L3;ZBTB7A;TSEN54;METTL16;SF3B3;RBPMS;RBFOX2;CDK13;HNRNPL;PUS7L;SNRPD2;CENATAC;SMN1;SNIP1;SNRPD3;CDC5L;TRMT2A;HNRNPH3;HSF1;U2AF2;SF1;LSM1;GEMIN5;HNRNPA3;DDX42;ARGLU1;CPSF6;PHF5A;RBM15B;SNRPF;C9orf78;GEMIN4;DDX47;SREK1IP1;LARP7;SNRPD1;HNRNPM;RNMT;DDX20;SF3A2;SF3B6;SF3B2;LSM8;CELF2;STRAP;PRPF3;SRPK1","GOBP","Sial_rPAL"
"GOBP_REGULATION_OF_PROTEIN_LOCALIZATION_TO_CELL_PERIPHERY",0.0149893032082751,0.304949046381685,0.380730400722792,0.47932466266908,1.59325039342518,48,"STX7;AP2M1;NUMB;EIF4G1;TMED2;CLTC;CDK5;ZDHHC5;RACK1;VPS4A;OGT;KIF5B;CSK;ATP2C1;ATP2B4;PLK1;RHOG;SQSTM1;SPTBN1","GOBP","rPAL"
"GOBP_NEGATIVE_REGULATION_OF_GROWTH",0.0152917169137423,0.309382692475825,0.380730400722792,0.485576682638209,1.5439154604658,38,"EI24;SMARCA2;BST2;CDK5;SMARCA4;CRLF3;STK4;RACK1;TSPYL2;SIPA1;RBBP7;RTN4","GOBP","rPAL"
"GOBP_NEGATIVE_REGULATION_OF_OXIDATIVE_STRESS_INDUCED_INTRINSIC_APOPTOTIC_SIGNALING_PATHWAY",0.015388606742713,0.309632296108873,0.380730400722792,-0.745329509288543,-1.64026846569882,10,"NONO;HSPB1","GOBP","Sial_rPAL"
"GOBP_TERMINATION_OF_RNA_POLYMERASE_III_TRANSCRIPTION",0.0157456791764585,0.312284262524522,0.352487857583619,-0.682529019241786,-1.63327990994613,15,"POLR3H;POLR3D;POLR3A;POLR3E;POLR3B;POLR2F;POLR3F;POLR2K;POLR1C","GOBP","Sial_rPAL"
"GOBP_REGULATION_OF_VIRAL_PROCESS",0.0157854380305651,0.312284262524522,0.352487857583619,-0.46689071706876,-1.5275743170256,63,"IFITM1;TRIM25;ZC3HAV1;ILF3;STAU1;UBP1;IFIT5;HACD3;ADAR;DHX9;ADARB1;HMGA2;SRPK2;APOBEC3C;EIF2AK2;OAS3;CSNK2B;DDX3X;ISG15;LARP7","GOBP","Sial_rPAL"
"GOBP_NEGATIVE_REGULATION_OF_T_HELPER_17_TYPE_IMMUNE_RESPONSE",0.0159467933075056,0.312284262524522,0.352487857583619,-0.855549520248136,-1.5949186131196,5,"RC3H1;RC3H2","GOBP","Sial_rPAL"
"GOBP_NK_T_CELL_DIFFERENTIATION",0.0159467933075056,0.312284262524522,0.352487857583619,-0.855223279150013,-1.5943104332452,5,"TOX","GOBP","Sial_rPAL"
"GOBP_POSITIVE_REGULATION_OF_MACROPHAGE_ACTIVATION",0.0159467933075056,0.312284262524522,0.352487857583619,-0.854825274627462,-1.59356847172679,5,"KARS1","GOBP","Sial_rPAL"
"GOBP_REGULATION_OF_TISSUE_REMODELING",0.0164347230017321,0.320127423576292,0.352487857583619,0.696805564895581,1.6574429762086,12,"INPP5D;RUNX1;IL21;BCR;TNFAIP3;CSK","GOBP","rPAL"
"GOBP_NEGATIVE_REGULATION_OF_ACTIN_FILAMENT_DEPOLYMERIZATION",0.0165662389711426,0.320981836573144,0.352487857583619,0.585457622639527,1.58235598584096,20,"TMOD3;GSN;CAPZA1;ADD1;TMOD2;SPECC1L;CAPZA2;CAPZB;FLII;TWF2;SPTBN1;SPTAN1;CRACD","GOBP","rPAL"
"GOBP_INTRACELLULAR_PROTEIN_TRANSPORT",0.017109561913922,0.329764293309381,0.352487857583619,0.301872555379916,1.30626523965171,241,"EI24;AP2S1;AP2A2;STX7;ARHGEF2;AP2B1;AP2M1;AP2A1;TMED2;AP1B1;C2CD5;RBM22;CLTC;VPS33A;CDK5;HCLS1;SEC13;ASF1A;FLNA;CLTA;SEC63;STX10;SEC16A;KPNA2;AP3M2;BCR;MAVS;STK4;RAB6A;EXOC6;RPL23;NUP98;RFTN1;PCM1;VPS4A;KPNA3;IPO4;RABL3;KIF5B;LAPTM5;CHP1;AUP1;KPNA4","GOBP","rPAL"
"GOBP_TAIL_ANCHORED_MEMBRANE_PROTEIN_INSERTION_INTO_ER_MEMBRANE",0.0172365139706164,0.330471801886897,0.352487857583619,0.838670743615899,1.65501971185627,6,"EMC4;GET3;EMC2;EMC1","GOBP","rPAL"
"GOBP_RRNA_3_END_PROCESSING",0.0175034217214704,0.333055904923845,0.352487857583619,0.718062560951617,1.64303886193558,10,"EXOSC10;EXOSC8;EXOSC7;EXOSC9;EXOSC2;EXOSC3","GOBP","rPAL"
"GOBP_REGULATION_OF_LEUKOCYTE_DIFFERENTIATION",0.0175942254959676,0.333055904923845,0.352487857583619,0.370351141573664,1.42905116281262,100,"SMARCA2;ACIN1;SMARCD1;RIPK1;ARID2;PBRM1;SMARCC2;SMARCD2;LYN;ACTL6A;BRD7;INPP5D;SMARCB1;SMARCE1;RUNX1;HCLS1;SMARCA4;SMARCC1;PCID2;IL21","GOBP","rPAL"
"GOBP_REGULATION_OF_TERMINATION_OF_RNA_POLYMERASE_II_TRANSCRIPTION_POLY_A_COUPLED",0.0176717285139989,0.333055904923845,0.352487857583619,-0.817689173718114,-1.60976353842332,6,"SCAF4;PPP1R10;SCAF8;PRR3","GOBP","Sial_rPAL"
"GOBP_VIRION_ASSEMBLY",0.017754997271076,0.333055904923845,0.352487857583619,-0.674872236157789,-1.61495736301648,15,"PC;DDX6;USP6NL","GOBP","Sial_rPAL"
"GOBP_POSITIVE_REGULATION_OF_CELL_CYCLE",0.017985696398645,0.333055904923845,0.352487857583619,-0.395449535553495,-1.41355090067018,117,"SFPQ;YTHDC2;HNRNPU;POLDIP2;CCDC15;PPP1R10;CDC7;CHEK1;TGM1;MTA3;PTPN11;INCENP;RDX;FEN1;CCPG1;SRPK2;NUSAP1;RPTOR;ZNF16;RACGAP1;ANAPC5;SMC6;CENPV;KIF14;RCC2;MEPCE;HSF1;DDX3X;ECT2;KIF23","GOBP","Sial_rPAL"
"GOBP_MITOCHONDRIAL_TRNA_MODIFICATION",0.0180079380597819,0.333055904923845,0.352487857583619,-0.790793311111045,-1.64011997686423,8,"PUS1;TRMT10C;METTL8;TRMT5;HSD17B10","GOBP","Sial_rPAL"
"GOBP_NEGATIVE_REGULATION_OF_ENDOTHELIAL_CELL_PROLIFERATION",0.0180079380597819,0.333055904923845,0.352487857583619,-0.790542509352923,-1.63959980937173,8,"AIMP1;VASH1;FLT1","GOBP","Sial_rPAL"
"GOBP_FATTY_ACID_CATABOLIC_PROCESS",0.0181030733809138,0.33305633481497,0.352487857583619,-0.568613372681434,-1.60102458511837,29,"PCCA;PCCB;HADHA;HADHB;GCDH;PEX5;HSD17B10;SLC27A2;ABCD3","GOBP","Sial_rPAL"
"GOBP_POSITIVE_REGULATION_OF_IMMUNE_RESPONSE",0.0181898599025106,0.33305633481497,0.352487857583619,-0.349247562509316,-1.34812360012738,217,"NONO;SFPQ;KARS1;LSM14A;TRIM25;ZC3HAV1;NAGK;RC3H1;RC3H2;NSD2;PARP1;PSPC1;CSNK1A1;DHX9;POLR3D;NFKBIL1;EIF2B4;PTPN11;BIRC2;RBM14;WASHC4;RNF34;PHPT1;TAX1BP1;PLCL2;DHX33;KHDRBS1;RIF1;IGHG1;XIAP;XRCC5;POLR3B;NCKAP1L;HLA-A;BRD2;EIF2AK2;LATS1;POLR3F;OAS3;TMEM126A;DDX3X","GOBP","Sial_rPAL"
"GOBP_DEFENSE_RESPONSE_TO_VIRUS",0.0194870601169309,0.355032906209955,0.352487857583619,-0.405296784637733,-1.41712237941197,101,"IFITM1;LSM14A;TRIM25;ZC3HAV1;DHX36;ILF3;NT5C2;NDUFAF4;DDX21;IFIT5;DUS2;ADAR;DHX9;POLR3H;POLR3D;POLR3A;ADARB1;TTC4;APOBEC3C;POLR3E;DMBT1;POLR3B;EIF2AK2;POLR3F;OAS3;HERC5;PRKRA;OTUD4;ISG15","GOBP","Sial_rPAL"
"GOBP_PYRUVATE_DECARBOXYLATION_TO_ACETYL_COA",0.0196045181351853,0.355404680252715,0.352487857583619,0.775945418184915,1.59331541468995,7,"PDPR","GOBP","rPAL"
"GOBP_HYALURONAN_METABOLIC_PROCESS",0.019951491778838,0.359913117704949,0.352487857583619,0.774167765185777,1.58966520700894,7,"AP2A1;CLTC;HEXB;HMMR","GOBP","rPAL"
"GOBP_REGULATION_OF_LONG_TERM_SYNAPTIC_POTENTIATION",0.0200723008288376,0.360317478603938,0.352487857583619,-0.742777819793798,-1.57896097231555,9,"YTHDF1;STAU1","GOBP","Sial_rPAL"
"GOBP_VIRAL_TRANSLATION",0.0208056702309953,0.371660314077584,0.352487857583619,0.617250416392441,1.5763461404462,16,"EIF3A;EIF3B;EIF3F;EIF3L;EIF3G;EIF3D","GOBP","rPAL"
"GOBP_NEGATIVE_REGULATION_OF_NUCLEAR_TRANSCRIBED_MRNA_CATABOLIC_PROCESS_NONSENSE_MEDIATED_DECAY",0.0209950694513274,0.373223030731849,0.352487857583619,-0.782186275429317,-1.58660566869504,7,"SYNCRIP;HNRNPAB;NBAS;SECISBP2;DHX34","GOBP","Sial_rPAL"
"GOBP_FORMATION_OF_TRANSLATION_PREINITIATION_COMPLEX",0.0214666332582295,0.379762371940273,0.352487857583619,-0.712048258992342,-1.62553383430101,12,"EPRS1;SYNCRIP;EIF2S3;EIF2S2;EIF2S3B;MTIF2","GOBP","Sial_rPAL"
"GOBP_AMINE_TRANSPORT",0.0228996854564056,0.403166577602679,0.352487857583619,0.758633233334235,1.60701831516667,8,"SLC43A1;DTNBP1","GOBP","rPAL"
"GOBP_MITOCHONDRIAL_TRANSLATION",0.023079879251755,0.404037286909745,0.352487857583619,-0.429966222607511,-1.44223482107937,75,"MRPL11;SARS2;MTG2;MRPL54;MRPL9;MRPL46;TRMT10C;MRPL1;MRPL40;MTIF2;METTL8;MRPL45;CHCHD1;GADD45GIP1;MRPL48;MRPL39;MTRFR;MRPS21;MRPL41;DDX3X;MRPL55;MRPL16;MRPL47;RPUSD4;MRPS6;MRPL14;MRPS15;MRPS14;TARS2;SHMT2;MRPS26","GOBP","Sial_rPAL"
"GOBP_POSITIVE_REGULATION_OF_NOTCH_SIGNALING_PATHWAY",0.0231698061854305,0.404037286909745,0.352487857583619,0.825338749307694,1.62871056306767,6,"AAK1;BMP2K;ITGB1BP1","GOBP","rPAL"
"GOBP_COPII_COATED_VESICLE_BUDDING",0.0234251350430087,0.406553765533166,0.352487857583619,0.565120597093269,1.54158388988883,21,"TMED2;SEC13;SEC16A;VAPB;VAPA","GOBP","rPAL"
"GOBP_RECEPTOR_CLUSTERING",0.0244880008480589,0.422042338302402,0.352487857583619,0.631078257609388,1.59973959226535,15,"GSN;CDK5;ITGB1BP1;FLNA;SSH1;CRKL;GPHN","GOBP","rPAL"
"GOBP_DOSAGE_COMPENSATION_BY_INACTIVATION_OF_X_CHROMOSOME",0.0245480661000578,0.422042338302402,0.352487857583619,-0.654350818336124,-1.58913563727652,16,"HNRNPU;LBR;HDAC3;JARID2;SUZ12;CIZ1","GOBP","Sial_rPAL"
"GOBP_MONOCARBOXYLIC_ACID_CATABOLIC_PROCESS",0.0252856475931669,0.431798380631664,0.352487857583619,-0.522910693049178,-1.53417330667976,36,"PCCA;PCCB;HADHA;HADHB;GCDH;PEX5;HSD17B10;SLC27A2;ABCD3","GOBP","Sial_rPAL"
"GOBP_MODIFICATION_OF_POSTSYNAPTIC_STRUCTURE",0.0255318626422357,0.431798380631664,0.352487857583619,-0.734050529227341,-1.56040892238718,9,"STAU1;CYFIP1;WASF1","GOBP","Sial_rPAL"
"GOBP_NEGATIVE_REGULATION_OF_VIRAL_PROCESS",0.0256826533421781,0.431798380631664,0.352487857583619,-0.532620632373035,-1.53942972520629,32,"IFITM1;ZC3HAV1;ILF3;UBP1;IFIT5;HMGA2;SRPK2;APOBEC3C;EIF2AK2;OAS3;CSNK2B;ISG15;LARP7;SRPK1;IFI16","GOBP","Sial_rPAL"
"GOBP_NEUROBLAST_DIVISION",0.0258500619949615,0.431798380631664,0.352487857583619,0.756469981447385,1.55332482664793,7,"ARHGEF2;NUMB","GOBP","rPAL"
"GOBP_NEGATIVE_REGULATION_OF_VIRAL_GENOME_REPLICATION",0.0260187994333518,0.431798380631664,0.352487857583619,-0.589133542932105,-1.53441350806659,21,"IFITM1;ZC3HAV1;ILF3;IFIT5;HMGA2;SRPK2;APOBEC3C;EIF2AK2;OAS3;ISG15;SRPK1;IFI16","GOBP","Sial_rPAL"
"GOBP_CRANIAL_SKELETAL_SYSTEM_DEVELOPMENT",0.026100717767231,0.431798380631664,0.352487857583619,0.694506325293971,1.5891385296649,10,"EIF4A3","GOBP","rPAL"
"GOBP_NEUROMUSCULAR_PROCESS_CONTROLLING_BALANCE",0.026100717767231,0.431798380631664,0.352487857583619,0.694306327342679,1.58868090323491,10,"EI24;BCR;HEXB;REST;MYH10;NBN;GIGYF2","GOBP","rPAL"
"GOBP_NEGATIVE_REGULATION_OF_GENE_EXPRESSION_EPIGENETIC",0.02626333551637,0.431798380631664,0.352487857583619,-0.389165265231029,-1.38026829889178,113,"HNRNPU;LBR;HDAC3;CSNK2A1;SPTY2D1;CSNK2A2;JARID2;BMI1;RNF2;SUZ12;CBX2;CHEK1;CIZ1;HMGA2;PHC2;ERI1;NRDE2;MIS18BP1;MECP2;BAZ1A;RIF1;KDM2B;MTF2;CENPV;DNMT1;RING1;TRIP12;H2AC11;EHMT1;CSNK2B;L3MBTL2;RBM15B;MTA1;H2AC6;UHRF1;HELLS;MBD2;PHF19;IFI16;EED;CBX4;EZH2;ZNF512B","GOBP","Sial_rPAL"
"GOBP_REGULATION_OF_AMINO_ACID_TRANSPORT",0.0263055138638487,0.431798380631664,0.352487857583619,0.817894041744711,1.6140192937471,6,"SLC43A1;DTNBP1","GOBP","rPAL"
"GOBP_NEGATIVE_REGULATION_OF_CATABOLIC_PROCESS",0.0267551851834592,0.431798380631664,0.352487857583619,-0.376925782608032,-1.37195253552549,136,"IGF2BP2;CIRBP;HNRNPD;SYNCRIP;DHX36;FUS;HNRNPU;POLDIP2;HNRNPAB;YBX3;PPP1R3B;YBX1;SNRNP70;CSNK2A1;NSUN2;CSNK2A2;HNRNPA0;DHX9;PAIP1;FOXK2;NRDE2;PKP1;RPTOR;RPS7;FAM76B;METTL16;SF3B3;ANXA2;AGAP2","GOBP","Sial_rPAL"
"GOBP_REGULATION_OF_PROTEIN_MATURATION",0.0268049856460737,0.431798380631664,0.352487857583619,0.748638933509438,1.58584731690296,8,"GLG1;GSN;RUNX1;BAG2;HPSE","GOBP","rPAL"
"GOBP_MITOCHONDRIAL_RNA_PROCESSING",0.0269951146090873,0.431798380631664,0.352487857583619,-0.663219969691072,-1.55366378638211,14,"PUS1;TRMT10C;MTPAP;METTL8;TRMT5;HSD17B10","GOBP","Sial_rPAL"
"GOBP_SMOOTH_MUSCLE_CONTRACTION",0.0270907530836651,0.431798380631664,0.352487857583619,0.623004189843426,1.56525160337849,14,"RAP1GDS1;MYH11;STUB1;ATP2B4;SETD3","GOBP","rPAL"
"GOBP_POSITIVE_REGULATION_OF_NUCLEOBASE_CONTAINING_COMPOUND_TRANSPORT",0.0271052620763983,0.431798380631664,0.352487857583619,-0.831919406509188,-1.55086726677386,5,"DHX9;NRDE2;KHDRBS1;CPSF6","GOBP","Sial_rPAL"
"GOBP_POSITIVE_REGULATION_OF_RNA_EXPORT_FROM_NUCLEUS",0.0271052620763983,0.431798380631664,0.352487857583619,-0.831919406509188,-1.55086726677386,5,"DHX9;NRDE2;KHDRBS1;CPSF6","GOBP","Sial_rPAL"
"GOBP_RNA_POLYMERASE_II_PREINITIATION_COMPLEX_ASSEMBLY",0.027149590201963,0.431798380631664,0.352487857583619,0.453547288311013,1.51101318073126,50,"MED26;MED17;MED24;MED25;MED14;MED16;TAF6L;MED15;MED11;TAF7;GTF2B;MED22;MED19;MED27;TAF9;TAF3;MED7;MED4;MED20;MED1;MED28;MED6","GOBP","rPAL"
"GOBP_NEGATIVE_REGULATION_OF_STEROID_BIOSYNTHETIC_PROCESS",0.0272379644800422,0.431798380631664,0.352487857583619,0.754539180129465,1.54936014636185,7,"CHLSN;GGCX;NFKB1;REST;ERLIN2","GOBP","rPAL"
"GOBP_NEGATIVE_REGULATION_OF_STEROID_METABOLIC_PROCESS",0.0272379644800422,0.431798380631664,0.352487857583619,0.754539180129465,1.54936014636185,7,"CHLSN;GGCX;NFKB1;REST;ERLIN2","GOBP","rPAL"
"GOBP_CARDIOLIPIN_METABOLIC_PROCESS",0.0278305533590784,0.437709384598392,0.352487857583619,-0.770894936957967,-1.56370204306448,7,"HADHA;MECP2;LCLAT1;DNAJC19","GOBP","Sial_rPAL"
"GOBP_VASOCONSTRICTION",0.0279910200465076,0.437709384598392,0.352487857583619,0.819981909154655,1.54536986265473,5,"RAP1GDS1","GOBP","rPAL"
"GOBP_INTERFERON_BETA_PRODUCTION",0.0280970806595421,0.437709384598392,0.352487857583619,-0.572797622742151,-1.55536364627593,25,"ZC3HAV1;DHX9;POLR3D;POLR3A;PTPN11;POLR3B;POLR3F;YY1;OAS3;DDX3X;ISG15","GOBP","Sial_rPAL"
"GOBP_PRE_MIRNA_PROCESSING",0.0281512263066759,0.437709384598392,0.352487857583619,-0.715293148650647,-1.57416656772657,10,"ADAR;DROSHA;TUT7;DGCR8;PRKRA;TARBP2;AGO2;AGO1","GOBP","Sial_rPAL"
"GOBP_CELL_CYCLE_G1_S_PHASE_TRANSITION",0.0282084693515075,0.437709384598392,0.352487857583619,0.366348288390186,1.42153161799937,102,"SMARCA2;EIF4G1;SMARCD1;ARID2;PBRM1;SMARCC2;SMARCD2;ACTL6A;BRD7;SMARCB1;SMARCE1;SMARCA4;MAP3K11;RPA2;SMARCC1;CPAP;CRLF3;CUL4B;APC;PSMA5;CCNB1;CCNH","GOBP","rPAL"
"GOBP_NEGATIVE_REGULATION_OF_MRNA_METABOLIC_PROCESS",0.028601121169734,0.441929560015046,0.352487857583619,-0.426370602953324,-1.42523862522668,73,"IGF2BP2;CIRBP;HNRNPD;SYNCRIP;FUS;HNRNPU;HNRNPAB;YBX3;YBX1;PTBP1;SNRPE;RBM42;HNRNPA0;DHX9;RBMX;PAIP1;NRDE2;PKP1;FAM76B;METTL16;SNRPD2;SNIP1;SNRPD3;NBAS","GOBP","Sial_rPAL"
"GOBP_RESPONSE_TO_VIRUS",0.0288511758030379,0.442792710411571,0.352487857583619,-0.372251083183918,-1.35458151533599,138,"IFITM1;LSM14A;HNRNPUL1;TRIM25;ZC3HAV1;DHX36;ILF3;NT5C2;NDUFAF4;DDX21;IFIT5;DUS2;ADAR;DHX9;POLR3H;POLR3D;HSPB1;POLR3A;ADARB1;HMGA2;TTC4;APOBEC3C;POLR3E;DMBT1;POLR3B;EIF2AK2;POLR3F;OAS3;HERC5;GLI2;DDX3X;PRKRA;OTUD4;ISG15","GOBP","Sial_rPAL"
"GOBP_REGULATION_OF_VIRAL_LIFE_CYCLE",0.0291846215839883,0.442792710411571,0.352487857583619,-0.467875799038048,-1.48171866460322,51,"IFITM1;TRIM25;ZC3HAV1;ILF3;STAU1;IFIT5;HACD3;ADAR;ADARB1;HMGA2;SRPK2;APOBEC3C;EIF2AK2;OAS3;CSNK2B;DDX3X;ISG15","GOBP","Sial_rPAL"
"GOBP_MYOFIBRIL_ASSEMBLY",0.0292750460055394,0.442792710411571,0.352487857583619,0.624781687686516,1.5837782244324,15,"TMOD3;TMOD2;MYH11;ACTC1;ACTG1;FLII;ACTA1;MYH10;WDR1","GOBP","rPAL"
"GOBP_BOX_C_D_SNORNP_ASSEMBLY",0.0293198199627353,0.442792710411571,0.352487857583619,0.746978037930133,1.5338342032523,7,"PIH1D1;RUVBL1;SNU13;TAF9;ZNHIT6","GOBP","rPAL"
"GOBP_REGULATION_OF_CYTOPLASMIC_TRANSLATIONAL_INITIATION",0.0293954670116467,0.442792710411571,0.352487857583619,-0.709817108265745,-1.56211528537653,10,"EPRS1;SYNCRIP;YTHDF2;PKP1","GOBP","Sial_rPAL"
"GOBP_POSITIVE_REGULATION_OF_TYPE_I_INTERFERON_PRODUCTION",0.0294629296909532,0.442792710411571,0.352487857583619,-0.517110176909526,-1.50452248827217,35,"ZC3HAV1;DHX36;DHX9;POLR3D;POLR3A;PTPN11;DHX33;XIAP;POLR3B;POLR3F;OAS3;DDX3X;ISG15","GOBP","Sial_rPAL"
"GOBP_ACTIN_FILAMENT_DEPOLYMERIZATION",0.0295271705447415,0.442792710411571,0.352487857583619,0.534085909809239,1.51171188100931,25,"TMOD3;GSN;CAPZA1;ADD1;TMOD2;SPECC1L;DSTN;CAPZA2;CAPZB;FLII;TWF2;SPTBN1;SPTAN1;CRACD;PPP1R9B;WDR1","GOBP","rPAL"
"GOBP_REGULATION_OF_T_CELL_DIFFERENTIATION_IN_THYMUS",0.0297835531148558,0.442792710411571,0.352487857583619,-0.768479227637757,-1.55880195951436,7,"TOX;ZC3H8","GOBP","Sial_rPAL"
"GOBP_LIPID_OXIDATION",0.0299700369145496,0.442792710411571,0.352487857583619,-0.54704675949321,-1.54030023428354,29,"HADHA;HADHB;ALOX12B;GCDH;PEX5;HSD17B10;SLC27A2;ABCD3;ADH5;HSD17B4;ECHS1;SCP2","GOBP","Sial_rPAL"
"GOBP_REGULATION_OF_MULTICELLULAR_ORGANISM_GROWTH",0.0301060522860818,0.442792710411571,0.352487857583619,-0.642116650489318,-1.55942412538873,16,"HDAC3;SGPL1;PPIB;HMGA2;PEX5;HSF1","GOBP","Sial_rPAL"
"GOBP_CELLULAR_RESPONSE_TO_ACID_CHEMICAL",0.0301060522860818,0.442792710411571,0.352487857583619,-0.649085364894631,-1.55324983471055,15,"HNRNPD;HNRNPAB;LARS1;RPTOR;DNMT1;COL1A1","GOBP","Sial_rPAL"
"GOBP_VESICLE_BUDDING_FROM_MEMBRANE",0.030107969659334,0.442792710411571,0.352487857583619,0.450686430546227,1.44866959040071,40,"AP2M1;TMED2;SEC13;SEC16A;AP3M2;VAPB;MYO18A;VAPA;CHMP6;VPS4A","GOBP","rPAL"
"GOBP_TRANSCRIPTION_PREINITIATION_COMPLEX_ASSEMBLY",0.0319235256186908,0.467615803262583,0.321775918075361,0.437440765267813,1.50510412231049,57,"MED26;MED17;MED24;SMARCB1;MED25;MED14;MED16;SMARCA4;BAZ2A;TAF6L;MED15;MED11;TAF7;GTF2B;MED22;MED19;MED27;TAF9;TAF3;MED7;MED4;MED20;MED1;MED28;MED6","GOBP","rPAL"
"GOBP_INTRACELLULAR_TRANSPORT",0.0323503516577675,0.471980030959141,0.321775918075361,0.255692549214064,1.17448779020872,475,"EPS15;EI24;EIF4A3;EPS15L1;RBM8A;AP2S1;AP2A2;EEA1;STX7;ARHGEF2;AP2B1;REPS1;AP2M1;UPF1;AP2A1;MAGOH;ITSN2;TMED2;ARMCX3;AP1B1;C2CD5;THOC5;THOC1;RAB35;RBM22;CLTC;DTNBP1;VPS33A;CDK5;THOC7;HCLS1;SEC13;ASF1A;FLNA;CLTA;SEC63;STX10;SEC16A;CASC3;AGTPBP1;THOC6;KPNA2;PCID2;AP3M2;VAPB;VTA1;HMGXB4;BCR;MAVS;MTMR2;VAPA;STK4;TRIM27;CHMP6;RAB6A;EXOC6;RPL23;NUP98;RFTN1;PCM1;VPS4A;ABCB10;PIP4K2A;SRSF10;THOC3;NCBP1;EIF6;KPNA3;TACC1;IPO4;RABL3;TAP2;KIF5B;LAPTM5;OPA1;VDAC2;CHP1;AUP1;KPNA4;SLC25A4;PABPN1;DYNC2I1;CCDC88C;RAB14;ACAA2","GOBP","rPAL"
"GOBP_TERMINATION_OF_RNA_POLYMERASE_II_TRANSCRIPTION",0.033043295946117,0.479671907353266,0.321775918075361,-0.691761896231785,-1.57922212912409,12,"SCAF4;PPP1R10;MAZ;SCAF8;PCF11;PRR3","GOBP","Sial_rPAL"
"GOBP_BIOLOGICAL_PROCESS_INVOLVED_IN_INTERSPECIES_INTERACTION_BETWEEN_ORGANISMS",0.0332922318125771,0.479671907353266,0.276500599254472,-0.293334125490864,-1.22158213995236,473,"NONO;SFPQ;IFITM1;YTHDC2;PC;EPRS1;LSM14A;HNRNPUL1;SYNCRIP;TRIM25;ZC3HAV1;DHX36;NAGK;HADHB;G3BP2;ILF3;CSNK2A1;YTHDF2;GSDMD;NT5C2;NDUFAF4;PARP1;DDX21;IFIT5;DUS2;HNRNPA0;PSPC1;CSNK1A1;ADAR;DHX9;HMGN2;POLR3H;PPIB;POLR3D;NFKBIL1;PAIP1;HSPB1;HMGB3;POLR3A;PTPN11;BIRC2;RBM14;ADARB1;HMGA2;WASHC4;DROSHA;MECP2;SRPK2;RNF34;TAX1BP1;TTC4;SERPINB4;DHX33;PTPN1;CDK9;APOBEC3C;IGHG1;POLR3E;MTDH;XIAP;XRCC5;DMBT1;POLR3B;SMC6","GOBP","Sial_rPAL"
"GOBP_NEGATIVE_REGULATION_OF_CELL_GROWTH",0.0333704686390694,0.479671907353266,0.321775918075361,0.480840409874843,1.47977456018818,35,"EI24;SMARCA2;BST2;CDK5;SMARCA4;CRLF3;RACK1;TSPYL2;SIPA1;RBBP7;RTN4","GOBP","rPAL"
"GOBP_REGULATION_OF_TELOMERASE_RNA_LOCALIZATION_TO_CAJAL_BODY",0.033401511844643,0.479671907353266,0.321775918075361,0.671328403490485,1.56117964957551,11,"EXOSC10","GOBP","rPAL"
"GOBP_REGULATION_OF_NEURON_MIGRATION",0.0356474884753129,0.509926182799202,0.321775918075361,0.665971718809327,1.58410064916675,12,"ARHGEF2;FLNA;TBC1D24","GOBP","rPAL"
"GOBP_REGULATION_OF_MYELOID_LEUKOCYTE_DIFFERENTIATION",0.0361753288168923,0.515463245632138,0.321775918075361,0.498281986996756,1.46474632701752,29,"ACIN1;RIPK1;LYN;INPP5D;RUNX1;HCLS1","GOBP","rPAL"
"GOBP_CHEMICAL_SYNAPTIC_TRANSMISSION_POSTSYNAPTIC",0.0371270606553376,0.526974015968396,0.321775918075361,0.605578595739883,1.52147109667395,14,"EIF4A3;EEA1;CDK5;SSH1;MTMR2;TBC1D24","GOBP","rPAL"
"GOBP_TRNA_DECAY",0.0374464332201147,0.528064570440791,0.321775918075361,0.664097553514663,1.57964270241605,12,"EXOSC10;EXOSC8;EXOSC7;EXOSC9;POP1;EXOSC2;EXOSC3","GOBP","rPAL"
"GOBP_REGULATION_OF_MITOTIC_CELL_CYCLE_PHASE_TRANSITION",0.037607282836506,0.528064570440791,0.321775918075361,0.321615957732994,1.31554219674459,150,"SMARCA2;EIF4G1;SMARCD1;PHOX2B;ARID2;PBRM1;TMOD3;SMARCC2;SMARCD2;ACTL6A;MAP3K20;BRD7;FBXO5;SMARCB1;SMARCE1;SMARCA4;RPA2;SMARCC1;CPAP;ORC1;SYF2;SIN3A;ANLN;CRLF3;CUL4B;APC;VPS4A;PSMA5;CCNB1;CCNH;NABP1;PINX1;BCL7C;NEK6;ZNF207;PHF10","GOBP","rPAL"
"GOBP_REGULATION_OF_TRANSCRIPTION_BY_RNA_POLYMERASE_III",0.0377434465961738,0.528064570440791,0.321775918075361,-0.578840320522029,-1.54058643517139,23,"DHX36;ZC3H8;DDX21;DEK;ZNF143;SF3B1;RPTOR;MYBBP1A;ICE2;POLR3F","GOBP","Sial_rPAL"
"GOBP_CORONARY_VASCULATURE_DEVELOPMENT",0.0377806983767032,0.528064570440791,0.321775918075361,0.807885797522903,1.52257305925904,5,"AP2B1;ARID2","GOBP","rPAL"
"GOBP_EXTRAEMBRYONIC_MEMBRANE_DEVELOPMENT",0.0384493660014372,0.533459106774214,0.321775918075361,0.802182352369025,1.51182412424511,5,"TMED2","GOBP","rPAL"
"GOBP_RESPONSE_TO_STARVATION",0.0384580022360438,0.533459106774214,0.321775918075361,-0.455780271163326,-1.47043701456819,55,"WDR59;EIF2S1;LARS1;STK24;HNRNPA1;MICU1;FOXK2;TBL2;RPTOR;MYBBP1A;EIF2AK2;JMY;COMT;MAPK3;PCK2;IFI16;WRN","GOBP","Sial_rPAL"
"GOBP_MATURATION_OF_LSU_RRNA_FROM_TRICISTRONIC_RRNA_TRANSCRIPT_SSU_RRNA_5_8S_RRNA_LSU_RRNA",0.0387808272769562,0.535907130144202,0.321775918075361,0.542982834280371,1.48119462309148,21,"RBM34;RPL7;PELP1;BOP1;FTSJ3;WDR12;LAS1L;NOL9;WDR18;RPF2;ZNHIT6;PAK1IP1","GOBP","rPAL"
"GOBP_NEGATIVE_REGULATION_OF_TISSUE_REMODELING",0.0391180339192882,0.538534737640727,0.321775918075361,0.800899341275641,1.5094061115365,5,"INPP5D;BCR;TNFAIP3;CSK","GOBP","rPAL"
"GOBP_NEGATIVE_REGULATION_OF_STEM_CELL_POPULATION_MAINTENANCE",0.0393324089876494,0.539457983942966,0.321775918075361,0.645719403126497,1.58111325576317,13,"BRMS1L;SIN3A;ARID4B;OGT;SAP130;RBBP4;RBBP7;BRMS1;HDAC2;ING2;HDAC1","GOBP","rPAL"
"GOBP_POSITIVE_REGULATION_OF_DOUBLE_STRAND_BREAK_REPAIR",0.0395837968133173,0.539554810046242,0.321775918075361,0.428331021307826,1.42762143301364,52,"SMARCA2;SMARCD1;ARID2;PBRM1;SMARCC2;SMARCD2;ACTL6A;BRD7;SMARCB1;SMARCE1;SMARCA4;SMARCC1;CREBBP;FOXM1;RUVBL1","GOBP","rPAL"
"GOBP_NUCLEAR_TRANSCRIBED_MRNA_CATABOLIC_PROCESS",0.0396341463414634,0.539554810046242,0.282013350011725,-0.388520053034149,-1.36225370189131,105,"MRTO4;SSB;HNRNPD;ALYREF;SYNCRIP;DHX36;DDX6;HNRNPU;HNRNPAB;RC3H1;CAPRIN1;RC3H2;YBX1;DDX5;SNRPE;XRN1;PYM1;DHX9;PAIP1","GOBP","Sial_rPAL"
"GOBP_SNRNA_PROCESSING",0.0417354708125719,0.566056644872735,0.321775918075361,0.540664864324372,1.50316261792115,22,"EXOSC4;EXOSC8;EXOSC7;EXOSC9;EXOSC5;NHP2;EXOSC2;EXOSC3;EXOSC6;INTS13","GOBP","rPAL"
"GOBP_NEGATIVE_REGULATION_OF_TRANSMEMBRANE_RECEPTOR_PROTEIN_SERINE_THREONINE_KINASE_SIGNALING_PATHWAY",0.042349045162446,0.57084841514282,0.321775918075361,0.495443149292428,1.48235256769292,31,"GLG1;CD109;BRMS1L;SIN3A;ARID4B;EMILIN1;OGT;SAP130;STUB1;RBBP4;CRKL;RBBP7;NRROS;BRMS1;HDAC2;HSPA5","GOBP","rPAL"
"GOBP_SPLEEN_DEVELOPMENT",0.0424005376621647,0.57084841514282,0.321775918075361,-0.749574331748981,-1.55463105007666,8,"RC3H1;RC3H2;JARID2","GOBP","Sial_rPAL"
"GOBP_REGULATION_OF_VIRAL_GENOME_REPLICATION",0.0426621160409556,0.572266186600658,0.287857117255149,-0.497882276193755,-1.47132814411461,38,"IFITM1;ZC3HAV1;ILF3;STAU1;IFIT5;HACD3;ADAR;ADARB1;HMGA2;SRPK2;APOBEC3C;EIF2AK2;OAS3;DDX3X;ISG15;SRPK1;IFI16","GOBP","Sial_rPAL"
"GOBP_POSITIVE_REGULATION_OF_INTERFERON_ALPHA_PRODUCTION",0.0438338743313149,0.585838130661588,0.321775918075361,-0.675454504294014,-1.52097230258769,11,"ZC3HAV1;DHX36;DHX9","GOBP","Sial_rPAL"
"GOBP_POSITIVE_REGULATION_OF_DEVELOPMENTAL_PROCESS",0.0440591196360745,0.585967956031391,0.321775918075361,0.284526766858412,1.25767574906789,278,"ARHGEF2;PRMT5;SMARCA2;SRRT;NUMB;ITSN2;EIF4G1;BICRA;SPEN;ACIN1;PGAM5;SMARCD1;RALBP1;PHOX2B;RIPK1;ARID2;PBRM1;BRD9;SMARCC2;SMARCD2;BICRAL;LYN;ACTL6A;BRD7;INPP5D;FBXO5;SMARCB1;SMARCE1;RUNX1;SNW1;HCLS1;BRMS1L;SMARCA4;ADD1;SMARCC1;PCID2;CARM1;TCF7L2;IL21;EXOSC3;SIN3A;HPSE;ARID4B;EXOSC6;STK4;EMILIN1;RACK1;TBC1D24;ABCB10;CCNB1;OGT;OPA1;TP53BP1;NIN;RUNX3;MTOR;SAP130;BCL7C;PWP1;RBBP4;KAT7;RBM4;PHF10;CD34;FGFR1;KDM1A;CD101;NSRP1;C1QBP;SETD3;RBBP7;RTN4;MTCH2;NAP1L1;LLPH;EEF2K;MACROH2A1;MED1;TWF2;NFKB1;REST;CUX1;TCF4;RALA;ASXL2;NKAP;BRMS1","GOBP","rPAL"
"GOBP_REGULATION_OF_MUSCLE_CELL_DIFFERENTIATION",0.0441636143813938,0.585967956031391,0.321775918075361,-0.558581739684712,-1.53493740102062,27,"HDAC3;YBX1;PTBP1;PIAS1;MECP2;TNPO2;CDK9;DNMT1;YY1;EHMT1;ARRB2;EZH2;TARBP2;MEF2C","GOBP","Sial_rPAL"
"GOBP_RESPONSE_TO_ABIOTIC_STIMULUS",0.0449591280653951,0.594369411463815,0.248911114434702,-0.323897626884163,-1.27930371254912,264,"NONO;KARS1;EIF2S1;CIRBP;HNRNPD;DHX36;PSIP1;HDAC3;YBX3;STRBP;PARP1;PIAS1;TFAM;XPA;PLOD1;MICU1;HSP90AA2P;CHEK1;EIF2B4;HSPB1;PTPN11;BIRC2;JUP;MAP7;EEF1D;FEN1;MECP2;RNF34;TBL2;HMGN1;LRRC8D;MAP4K3;RPTOR;GTF2H2;PTPN1;XRCC5;PPL;SMC1A;MAP2K7;DPM1;PNKP;DNAJC2;CEP250;PDCD6;NSMCE3;HSF1;COL1A1;YY1;DDX3X;NET1;PPP1CB;ECT2","GOBP","Sial_rPAL"
"GOBP_BARBED_END_ACTIN_FILAMENT_CAPPING",0.0452921359154086,0.595546591145492,0.321775918075361,0.650675830809382,1.54771738329231,12,"GSN;CAPZA1;ADD1;CAPZA2;CAPZB;FLII;TWF2;CRACD","GOBP","rPAL"
"GOBP_REGULATION_OF_PROTEIN_DEPOLYMERIZATION",0.0453734295274692,0.595546591145492,0.321775918075361,0.447793484335479,1.40860937348567,37,"ARHGEF2;TMOD3;GSN;CAPZA1;ADD1;TMOD2;SPECC1L;DSTN;APC;CAPZA2;CCDC88C;CAPZB;MAP1A;FLII;TWF2;SPTBN1;SPTAN1;ATXN7;CRACD","GOBP","rPAL"
"GOBP_POSITIVE_REGULATION_OF_DENDRITIC_SPINE_DEVELOPMENT",0.0462107208872458,0.604370213889622,0.287857117255149,-0.693382329960333,-1.52594678774003,10,"DHX36;CAPRIN1;ZMYND8","GOBP","Sial_rPAL"
"GOBP_POSITIVE_REGULATION_OF_RRNA_PROCESSING",0.0471239985819843,0.612596710628724,0.321775918075361,0.665241539620534,1.52217614677176,10,"RIOK1;PRMT5;WDR77;WDR75","GOBP","rPAL"
"GOBP_GRANULOCYTE_ACTIVATION",0.0473484848484848,0.612596710628724,0.287857117255149,-0.737956212710992,-1.53053485596366,8,"KARS1;PTPN11","GOBP","Sial_rPAL"
"GOBP_TOR_SIGNALING",0.0475382003395586,0.612596710628724,0.271288554688953,-0.460324186318371,-1.43000785590808,48,"WDR59;HDAC3;LARS1;GNA12;CSNK1A1;RPTOR;PRR5L;RPS6KB2;ARAF;CCDC88A;NCKAP1L;RPS6KA4;PDCD6","GOBP","Sial_rPAL"
"GOBP_NEGATIVE_REGULATION_OF_RNA_BIOSYNTHETIC_PROCESS",0.0476190476190476,0.612596710628724,0.234392647294686,-0.305151045211032,-1.24308266931913,361,"NONO;SFPQ;QARS1;SCAF4;HNRNPU;HDAC3;YBX3;PURA;ILF3;YBX1;DDX5;SDCBP;NSD2;PARP1;ZC3H8;HMGA1;DDX21;PIAS1;JARID2;WDR82;ZC3H4;PSPC1;BMI1;RNF2;SUZ12;PURB;ZMYND8;PPP1R10;CBX2;HMG20A;MAZ;SRSF2;MTA3;SCAF8;PATZ1;NKRF;TRPS1;HMGA2;PHC2;FOXK2;MECP2;KHDRBS1;RIF1;APOBEC3C;KDM2B;MTF2;CCAR1;ZBTB7A;MTDH;XRCC5;COPS2;THAP11;RBFOX2;HNRNPL;MYBBP1A;DNMT1;MEPCE;NSMCE3;NCOA5;ZNF148;KLF16;RING1;HSF1;SF1;PHF6;YY1;EHMT1;GLI2;GFI1B;ZNF451;L3MBTL2;RBM15B;SFMBT2;MTA1;LARP7;RFX5;NSD1;UHRF1;DDX20;ZNF653;NDUFA13;ZBTB10;RTF1;MBD2;CGGBP1;STRAP;XRCC6;VPS72;PHF19;MEN1;IFI16;EED;DNMT3B;DDX54;CBX4;ZHX1;EZH2;RBX1;CHD8;ZNF512B;RBM10;ELOC;ZNF281;BIN1","GOBP","Sial_rPAL"
"GOBP_MULTICELLULAR_ORGANISM_GROWTH",0.0477031802120141,0.612596710628724,0.276500599254472,-0.475223616813957,-1.41534857141391,41,"HDAC3;RC3H2;XPA;SGPL1;PPIB;PTPN11;ADARB1;HMGA2;AAAS;PEX5","GOBP","Sial_rPAL"
"GOBP_REGULATION_OF_SYNAPTIC_VESICLE_RECYCLING",0.0478434350736797,0.612596710628724,0.321775918075361,0.662962062171664,1.51696034770763,10,"AP2M1;CDK5","GOBP","rPAL"
"GOBP_T_CELL_HOMEOSTASIS",0.0480427046263345,0.613004823490024,0.276500599254472,-0.546481480911219,-1.47707457097199,24,"RC3H1;RC3H2;ZC3H8","GOBP","Sial_rPAL"
"GOBP_LEUKOCYTE_CELL_CELL_ADHESION",0.0482619557104187,0.613263591867104,0.321775918075361,0.324243998677341,1.27449503524456,117,"SMARCA2;PAG1;SMARCD1;ARID2;PBRM1;SMARCC2;SMARCD2;LYN;ACTL6A;BRD7;SMARCB1;SMARCE1;RUNX1;SMARCA4;SMARCC1;PTPN22;IL21;B2M;PSMA5;LAPTM5;OPA1;RUNX3;MTOR;CSK;CASP3;PHF10","GOBP","rPAL"
"GOBP_SUPRAMOLECULAR_FIBER_ORGANIZATION",0.0483979186372455,0.613263591867104,0.321775918075361,0.280455905275694,1.21556249562739,243,"RAP1GDS1;ARHGEF2;RIPK1;ARPC5;ARPC5L;ABI2;TMOD3;GSN;RPS3;FBXO5;CAPZA1;HCLS1;ITGB1BP1;FLNA;ADD1;USP8;TMOD2;SPECC1L;CPAP;MYH11;SSH1;DSTN;RANBP9;MYO1G;SSH2;TRIM27;IQGAP1;EMILIN1;ACTC1;PFDN2;APC;PCM1;CLIP2;B2M;TPM4;TUBB4A;TACC1;CAPZA2;HAUS6;EPPK1;NIN;TPM3;CHP1;DIAPH2;MTOR;CCDC88C;ZNF207;SH3KBP1;PXN;ACTG1;CAPZB;MAP1A;FLII;EVL;PLK1;RHOG;TWF2;INF2;SPTBN1;RNH1;SPTAN1;ACTN1;GMFG;NCK2;ATXN7;RFLNB;GPX1;MYO5A;ACTA1;VASP;IQGAP2;CRACD;MYH10;TMSB4X;PPP1R9B;ACTR3;TARDBP","GOBP","rPAL"
"GOBP_SMALL_NUCLEOLAR_RIBONUCLEOPROTEIN_COMPLEX_ASSEMBLY",0.0486303898410672,0.614084439993063,0.321775918075361,0.713311391397466,1.51101272660398,8,"PIH1D1;RUVBL1;SNU13;TAF9;ZNHIT6","GOBP","rPAL"
"GOBP_FATTY_ACID_BETA_OXIDATION",0.049469964664311,0.616938942209516,0.271288554688953,-0.550937078121761,-1.49600394393015,25,"HADHA;HADHB;GCDH;PEX5;HSD17B10;SLC27A2;ABCD3","GOBP","Sial_rPAL"
"GOBP_REGULATION_OF_CELL_GROWTH",0.0495395437893511,0.616938942209516,0.321775918075361,0.344611696186464,1.31395410916012,97,"EI24;SMARCA2;ITSN2;EIF4G1;BST2;EXOSC4;CDK5;EXOSC9;SMARCA4;EIF4G2;EXOSC2;SIN3A;CDK11B;URI1;CRLF3;SUPV3L1;RACK1;NCBP1;TSPYL2;MTOR;KAT7;CRKL;SIPA1;RBBP7;RTN4;TWF2;MAPKAP1;INO80;DIP2B","GOBP","rPAL"
"GOBP_NEUROTROPHIN_SIGNALING_PATHWAY",0.049618320610687,0.616938942209516,0.282013350011725,-0.712272321960704,-1.5141138683284,9,"CYFIP2;CYFIP1;PTPN11;WASF1;SHOC2","GOBP","Sial_rPAL"
"GOBP_ESTABLISHMENT_OF_SKIN_BARRIER",0.049618320610687,0.616938942209516,0.282013350011725,-0.711107151635626,-1.51163700590686,9,"HDAC3;ALOX12B;FLG2;KPRP;HRNR;FLG;DSC1","GOBP","Sial_rPAL"
"GOBP_REGULATION_OF_APOPTOTIC_SIGNALING_PATHWAY",0.0496987951807229,0.616938942209516,0.248911114434702,-0.380425210948585,-1.34489487224089,109,"NONO;SFPQ;QARS1;EEF1E1;YBX3;CSNK2A1;PARP1;CSNK2A2;BMI1;MAZ;HSPB1","GOBP","Sial_rPAL"
"GOCC_COATED_VESICLE",1.45390456864178e-13,6.53766994230054e-11,0.943632225232838,0.67619073965459,2.53774726863409,91,"AFTPH;EPS15;AAK1;CLINT1;AP2S1;AP2A2;AP2B1;AP2M1;AP2A1;NUMB;TMED2;STON2;AP1B1;NECAP2;RAB35;NECAP1;CLTC;VPS33A;SEC13;CLTA;SCAMP1;SEC16A;AP3M2","GOCC","rPAL"
"GOCC_CLATHRIN_COATED_VESICLE",2.10552977207747e-13,6.53766994230054e-11,0.943632225232838,0.771768850125385,2.64491232561544,54,"AFTPH;EPS15;AAK1;CLINT1;AP2S1;AP2A2;AP2B1;AP2M1;AP2A1;NUMB;STON2;AP1B1;NECAP2;RAB35;NECAP1;CLTC;VPS33A;CLTA;SCAMP1;AP3M2","GOCC","rPAL"
"GOCC_CLATHRIN_COATED_VESICLE_MEMBRANE",8.4327258460827e-13,1.74557425013912e-10,0.921426003494898,0.863866232334068,2.60260059548323,31,"AFTPH;EPS15;CLINT1;AP2S1;AP2A2;AP2B1;AP2M1;AP2A1;STON2;AP1B1;NECAP2;RAB35;NECAP1;CLTC","GOCC","rPAL"
"GOCC_COATED_VESICLE_MEMBRANE",1.31960705247682e-12,2.04868994897027e-10,0.910119734774459,0.743886621954744,2.59675520308829,61,"AFTPH;EPS15;CLINT1;AP2S1;AP2A2;AP2B1;AP2M1;AP2A1;TMED2;STON2;AP1B1;NECAP2;RAB35;NECAP1;CLTC;SEC13;CLTA;SEC16A;AP3M2","GOCC","rPAL"
"GOCC_CLATHRIN_COAT",3.7475555751405e-12,4.6544640243245e-10,0.887074988399873,0.889907837137703,2.58019506581732,24,"AFTPH;EPS15;EPS15L1;CLINT1;AP2S1;AP2A2;AP2B1;AP2M1;AP2A1;STON2;AP1B1;NECAP2;NECAP1;CLTC;VPS33A;CLTA;AP3M2","GOCC","rPAL"
"GOCC_VESICLE_COAT",5.409480431693e-12,5.59881224680226e-10,0.887074988399873,0.822895587279329,2.5986469119152,37,"AFTPH;EPS15;CLINT1;AP2S1;AP2A2;AP2B1;AP2M1;AP2A1;STON2;AP1B1;NECAP2;NECAP1;CLTC;SEC13;CLTA;AP3M2","GOCC","rPAL"
"GOCC_MEMBRANE_COAT",1.46354448210933e-11,1.29837303341413e-09,0.863415391606693,0.773922697830007,2.55426467284636,47,"AFTPH;EPS15;EPS15L1;CLINT1;AP2S1;AP2A2;AP2B1;AP2M1;AP2A1;STON2;AP1B1;NECAP2;NECAP1;CLTC;VPS33A;SEC13;CLTA;AP3M2","GOCC","rPAL"
"GOCC_CLATHRIN_COATED_PIT",1.85711599130814e-11,1.44158628825295e-09,0.863415391606693,0.85162572936153,2.54896670051428,29,"EPS15;AAK1;EPS15L1;AP2S1;AP2A2;AP2B1;REPS1;AP2M1;AP2A1;NUMB;STON2;NECAP2;RAB35;NECAP1;CLTC","GOCC","rPAL"
"GOCC_AMINOACYL_TRNA_SYNTHETASE_MULTIENZYME_COMPLEX",9.58462171823602e-11,6.61338898558286e-09,0.839088935621274,-0.969752281616688,-2.18525901807164,11,"KARS1;RARS1;QARS1;AIMP1;IARS1;DARS1;EEF1E1;MARS1;EPRS1;AIMP2;LARS1","GOCC","Sial_rPAL"
"GOCC_CLATHRIN_VESICLE_COAT",2.05536892696822e-10,1.27638410364727e-08,0.826657301178302,0.897671233468922,2.47345615306693,20,"AFTPH;EPS15;CLINT1;AP2S1;AP2A2;AP2B1;AP2M1;AP2A1;STON2;AP1B1;NECAP2;NECAP1;CLTC;CLTA;AP3M2","GOCC","rPAL"
"GOCC_MITOCHONDRIAL_MATRIX",1.73925322874548e-09,9.81887504591766e-08,0.788186810800237,-0.511090057473157,-2.00406870399866,236,"NARS2;KARS1;QARS1;DBT;PC;DDX28;MRPL11;PCCA;PUS1;MCCC2;PCCB;HADHA;FARS2;POLDIP2;LRRC59;DHX30;HADHB;MCCC1;ARL2;SARS2;GRSF1;MTG2;MRM1;EXOG;MRPL54;MRPL9;MRPL46;TFAM;TRMT10C;METTL17;MRM3;MRPL1;GCDH;GTPBP10;MRPL40;ATP5F1C;TEFM;MTPAP;MTIF2;PAM16;METTL8;TFB1M;MRPL45;TRMT5;CHCHD1;PTPN1;NIPSNAP2;HSD17B10;GADD45GIP1;MRPL48;NSUN4;NDUFS8","GOCC","Sial_rPAL"
"GOCC_CLATHRIN_COATED_ENDOCYTIC_VESICLE_MEMBRANE",1.98081575472652e-09,1.02507215307097e-07,0.774939030136436,0.948953326667509,2.28047308082058,12,"EPS15;AP2S1;AP2A2;AP2B1;AP2M1;AP2A1;STON2;RAB35;CLTC","GOCC","rPAL"
"GOCC_CLATHRIN_ADAPTOR_COMPLEX",2.76589134085851e-09,1.32124501744087e-07,0.774939030136436,0.921244470329153,2.35449001295584,15,"AFTPH;EPS15;AP2S1;AP2A2;AP2B1;AP2M1;AP2A1;STON2;AP1B1","GOCC","rPAL"
"GOCC_AP_2_ADAPTOR_COMPLEX",3.18614196745859e-09,1.41328154413699e-07,0.774939030136436,0.976777704097691,2.11007931761007,8,"EPS15;AP2S1;AP2A2;AP2B1;AP2M1;AP2A1;STON2","GOCC","rPAL"
"GOCC_VESICLE_MEMBRANE",1.41287875735367e-08,5.84931805544421e-07,0.747739663149885,0.433467595654573,1.89897095347374,266,"AFTPH;EPS15;CLINT1;AP2S1;AP2A2;EEA1;STX7;AP2B1;AP2M1;AP2A1;NUMB;TMED2;STON2;AP1B1;C2CD5;RIPK1;NECAP2;RAB35;NECAP1;PLD3;BST2;SYPL1;WDR83;CLTC;CD109;LYN;DTNBP1;VPS33A;ITPR1;MGST1;MKLN1;GNPNAT1;ARHGAP10;SEC13;CLTA;ANXA5;STX10;USP8;SCAMP1;SEC16A;AP3M2;SNAP29;RAB11FIP1;VTA1;SBF2;MCTP2;MTMR2;ATAD3B;VAPA;CHMP6;RAB6A;TMEM165;IQGAP1;OSBPL9;TBC1D24;VPS4A;B2M;ACAP1","GOCC","rPAL"
"GOCC_EUKARYOTIC_TRANSLATION_INITIATION_FACTOR_3_COMPLEX",2.82648408381519e-08,1.07614739421234e-06,0.73376198835648,0.909337492801702,2.2789897769328,14,"EIF3C;EIF3A;EIF3M;EIF3B;EIF3F;EIF3I;EIF3L;EIF3G;EIF3E;EIF3H;EIF3D;EIF3K","GOCC","rPAL"
"GOCC_SWI_SNF_COMPLEX",2.94597515323829e-08,1.07614739421234e-06,0.73376198835648,0.838423721942905,2.358528729396,22,"SMARCA2;BICRA;SMARCD1;ARID2;PBRM1;BRD9;SMARCC2;SMARCD2;BICRAL;ACTL6A;SMARCB1;SMARCE1;SMARCA4;SMARCC1","GOCC","rPAL"
"GOCC_CYTOPLASMIC_STRESS_GRANULE",4.52304891157675e-08,1.56045187449398e-06,0.719512826338911,-0.678266111892601,-2.23719679836428,63,"EIF2S1;IGF2BP2;CIRBP;SSB;LSM14A;YTHDF1;TRIM25;DHX36;DDX6;NXF1;PRRC2C;RC3H1;CAPRIN1;G3BP2;RC3H2;YBX1;STAU1;YTHDF2;MBNL1","GOCC","Sial_rPAL"
"GOCC_ENDOSOME_MEMBRANE",1.1474673480949e-07,3.75040643772071e-06,0.704975715167238,0.529338805013681,2.07968542008004,119,"EPS15;AP2S1;AP2A2;EEA1;STX7;AP2B1;AP2M1;AP2A1;NUMB;RIPK1;RAB35;PLD3;WDR83;CLTC;DTNBP1;VPS33A;MKLN1;GNPNAT1;ARHGAP10;CLTA;USP8;SCAMP1;VTA1;SBF2;MTMR2;CHMP6;TMEM165;OSBPL9;VPS4A;B2M;ACAP1","GOCC","rPAL"
"GOCC_CLATHRIN_COAT_OF_COATED_PIT",2.25340935886644e-07,6.9968360592803e-06,0.690132458796796,0.915575089375856,2.20026031430216,12,"EPS15;EPS15L1;AP2S1;AP2A2;AP2B1;AP2M1;AP2A1;STON2;CLTC;CLTA","GOCC","rPAL"
"GOCC_AP_TYPE_MEMBRANE_COAT_ADAPTOR_COMPLEX",2.36668237090824e-07,6.99861786825721e-06,0.690132458796796,0.82360144626325,2.29463775092794,21,"AFTPH;EPS15;AP2S1;AP2A2;AP2B1;AP2M1;AP2A1;STON2;AP1B1;VPS33A","GOCC","rPAL"
"GOCC_TRANSPORT_VESICLE_MEMBRANE",4.26518952853605e-07,1.20394668055495e-05,0.674962860011025,0.65030448129732,2.24645542146825,55,"AFTPH;AP2M1;AP2A1;TMED2;STON2;AP1B1;SYPL1;CLTC;DTNBP1;ITPR1;SEC13;CLTA;STX10;SCAMP1;SEC16A;AP3M2;MCTP2","GOCC","rPAL"
"GOCC_CLATHRIN_COATED_ENDOCYTIC_VESICLE",5.53911664625927e-07,1.49556149449e-05,0.659444398037935,0.875504636532494,2.23758946664373,15,"EPS15;AP2S1;AP2A2;AP2B1;AP2M1;AP2A1;STON2;RAB35;CLTC;CLTA","GOCC","rPAL"
"GOCC_SYNAPSE",1.32578388109101e-06,3.43046579232298e-05,0.643551836150722,0.350783174953626,1.59929255362624,420,"EPS15;EIF4A3;AAK1;EPS15L1;EIF3A;AP2S1;AP2A2;EEA1;STX7;EIF3B;RPLP0;AP2B1;EIF3F;AP2M1;RPL12;AP2A1;NUMB;EIF3I;EIF3L;RPL35A;ITSN2;EIF3E;RPL10A;STON2;RPL34;AP1B1;RPL7A;RPL7;ARPC5L;RPL6;ABI2;NECAP1;SYPL1;LYN;DTNBP1;RPL30;RPS3;RPS16;RPL27A;CDK5;ITPR1;EIF3D;RPL27;RPS5;MKLN1;NEGR1;RPS20;RPL8;RPL14;MOB4;FLNA;CLTA;ADD1;STX10;USP8;SCAMP1;TMOD2;UBE3A;AP3M2;VAPB;SNAP29;RPL36;SSH1;DSTN;PSMD12;EFR3A;ZDHHC5;BCR;MCTP2;MTMR2","GOCC","rPAL"
"GOCC_GOLGI_ASSOCIATED_VESICLE_MEMBRANE",1.61699862696234e-06,4.01662458937445e-05,0.643551836150722,0.774753688938288,2.21247023196596,23,"AFTPH;AP2M1;AP2A1;TMED2;STON2;AP1B1;CLTC;CLTA;AP3M2","GOCC","rPAL"
"GOCC_CYTOSOLIC_LARGE_RIBOSOMAL_SUBUNIT",2.13415609011456e-06,5.09734973831208e-05,0.627256739718528,0.638014946717949,2.11347058618868,49,"RPL4;RPLP0;RPL12;RPL35A;RPL10A;RPL34;RPL7A;RPL7;RPL6;RPL30;RPL27A;RPL5;RPL27;RPL8;RPL14;RPL36;RPLP1;RPL32;RPL18;RPL23;RPL18A","GOCC","rPAL"
"GOCC_CYTOPLASMIC_RIBONUCLEOPROTEIN_GRANULE",3.87231128082956e-06,8.906315945908e-05,0.610526878385931,-0.519705318352541,-1.90897752457754,131,"EIF2S1;IGF2BP2;CIRBP;SSB;LSM14A;YTHDF1;TRIM25;DHX36;DDX6;LSM14B;NXF1;PRRC2C;HNRNPU;HNRNPAB;RC3H1;CAPRIN1;G3BP2;NCL;RC3H2;YBX1;STAU1;YTHDF2;NSUN2;MBNL1;XRN1;DHX9;TRIM71","GOCC","Sial_rPAL"
"GOCC_BRAHMA_COMPLEX",4.23795483892663e-06,9.39917841061942e-05,0.610526878385931,0.901746744193103,2.1110837888193,11,"SMARCA2;SMARCD1;SMARCC2;SMARCD2;ACTL6A;SMARCB1;SMARCE1;SMARCC1","GOCC","rPAL"
"GOCC_CYTOSOLIC_RIBOSOME",4.51110976616795e-06,9.65999711996653e-05,0.610526878385931,0.511677539805311,1.97131682222682,101,"RPL4;RPLP0;RPL12;RPL35A;DHX29;RPL10A;RPL34;RPSA;RPL7A;RPL7;RPL6;RPL30;RPS3;RPS16;RPL27A;RPL5;RPL27;RPS5;RPS20;RPL8;RPL14;RPS12;RPL36;RPLP1;RPL32;RPL18;RPL23;RACK1;RPL18A;RPS10","GOCC","rPAL"
"GOCC_ENDOSOME",6.12624993365713e-06,0.000123683926351518,0.610526878385931,0.401421351302565,1.72286076583539,224,"EPS15;CLINT1;AP2S1;AP2A2;EEA1;STX7;AP2B1;AP2M1;AP2A1;NUMB;AP1B1;RIPK1;RAB35;PLD3;BST2;WDR83;CLTC;DTNBP1;VPS33A;MKLN1;NEGR1;GNPNAT1;ARHGAP10;CLTA;USP8;SCAMP1;AP3M2;RAB11FIP1;VTA1;HPSE;SBF2;MTMR2;TRIM27;CHMP6;TMEM165;RFTN1;OSBPL9;VPS4A;B2M;ACAP1","GOCC","rPAL"
"GOCC_POSTSYNAPSE",6.17423786939946e-06,0.000123683926351518,0.610526878385931,0.433700776332826,1.80048541330761,179,"EPS15;EIF4A3;EIF3A;AP2S1;AP2A2;EEA1;RPLP0;AP2B1;AP2M1;RPL12;AP2A1;EIF3E;RPL10A;RPL7;RPL6;ABI2;LYN;DTNBP1;RPL30;RPS3;CDK5;ITPR1;MKLN1;NEGR1;RPL8;RPL14;MOB4;FLNA;CLTA;ADD1;USP8;UBE3A;VAPB;DSTN;ZDHHC5;BCR;MTMR2","GOCC","rPAL"
"GOCC_ENDOCYTIC_VESICLE",7.92269768610416e-06,0.000153749851970959,0.593325476396405,0.528628754293838,1.97455423898933,87,"EPS15;AP2S1;AP2A2;STX7;AP2B1;AP2M1;AP2A1;STON2;RAB35;CLTC;LYN;GSN;HCLS1;CLTA;RAB11FIP1;ZDHHC5;FLNB;LMBRD1;B2M;TAP2;KIF5B;MTOR;RAB14;SH3KBP1;ACTG1;RAB5C","GOCC","rPAL"
"GOCC_TRANSPORT_VESICLE",8.61637101576345e-06,0.000162144436387549,0.593325476396405,0.468072546934942,1.86760433349625,130,"AFTPH;STX7;AP2B1;AP2M1;AP2A1;TMED2;STON2;AP1B1;SYPL1;CLTC;DTNBP1;ITPR1;SEC13;CLTA;STX10;SCAMP1;SEC16A;UBE3A;AP3M2;PSMD12;MCTP2;MTMR2;RAB6A","GOCC","rPAL"
"GOCC_BBAF_COMPLEX",1.02809007406512e-05,0.000183391899189987,0.593325476396405,0.912217077977766,2.03603313215044,9,"SMARCA2;SMARCC2;SMARCD2;SMARCB1;SMARCE1;SMARCA4","GOCC","rPAL"
"GOCC_PRESYNAPSE",1.03360973778575e-05,0.000183391899189987,0.593325476396405,0.457589725744461,1.85567592848957,146,"AAK1;EPS15L1;AP2S1;AP2A2;STX7;AP2B1;AP2M1;AP2A1;ITSN2;STON2;AP1B1;NECAP1;SYPL1;DTNBP1;CDK5;CLTA;STX10;SCAMP1;UBE3A;AP3M2;VAPB;SNAP29;DSTN;PSMD12;EFR3A;MCTP2;MTMR2","GOCC","rPAL"
"GOCC_EUKARYOTIC_TRANSLATION_INITIATION_FACTOR_3_COMPLEX_EIF3M",1.12271731477645e-05,0.000193668736798938,0.593325476396405,0.94738213076322,1.9706534171502,7,"EIF3A;EIF3M;EIF3B;EIF3F;EIF3I;EIF3H;EIF3D","GOCC","rPAL"
"GOCC_ENDOLYSOSOME",1.33515975860547e-05,0.000224090327052432,0.593325476396405,0.927046900860867,2.00264859010887,8,"AP2S1;AP2A2;AP2B1;AP2M1;AP2A1;CLTC;CLTA","GOCC","rPAL"
"GOCC_TRANS_GOLGI_NETWORK_TRANSPORT_VESICLE_MEMBRANE",1.88556299671993e-05,0.000308140689727125,0.575610261071129,0.883308027182462,2.06791681669719,11,"AFTPH;AP2M1;AP2A1;STON2;AP1B1;CLTC;CLTA;AP3M2","GOCC","rPAL"
"GOCC_NBAF_COMPLEX",2.1392398105068e-05,0.000340632800596082,0.575610261071129,0.898710294321498,2.04080647021661,10,"SMARCA2;SMARCD1;SMARCC2;SMARCB1;SMARCE1;SMARCA4;SMARCC1","GOCC","rPAL"
"GOCC_EXOCYTIC_VESICLE",3.13871411630854e-05,0.0004872853665569,0.557332238758646,0.502485365660887,1.8582593896154,83,"STX7;AP2B1;AP2M1;AP2A1;STON2;AP1B1;SYPL1;DTNBP1;CLTA;STX10;SCAMP1;UBE3A;AP3M2;PSMD12;MCTP2;MTMR2;RAB6A","GOCC","rPAL"
"GOCC_NPBAF_COMPLEX",3.27813937818694e-05,0.000496518183866851,0.557332238758646,0.856286400731541,2.05778095873119,12,"SMARCA2;SMARCD1;SMARCC2;ACTL6A;SMARCB1;SMARCE1;SMARCA4;SMARCC1","GOCC","rPAL"
"GOCC_NUCLEAR_EXOSOME_RNASE_COMPLEX",3.82752626643323e-05,0.000565927097965485,0.557332238758646,0.806561815352095,2.09639102748613,16,"EXOSC10;EXOSC4;EXOSC8;EXOSC7;EXOSC9;EXOSC5;EXOSC2;C1D;NVL;EXOSC3;EXOSC6","GOCC","rPAL"
"GOCC_ENDOLYSOSOME_MEMBRANE",4.59246521995811e-05,0.000660345745657799,0.557332238758646,0.932013545194061,1.93868515990196,7,"AP2S1;AP2A2;AP2B1;AP2M1;AP2A1;CLTC;CLTA","GOCC","rPAL"
"GOCC_TRANS_GOLGI_NETWORK_TRANSPORT_VESICLE",4.67877823010357e-05,0.000660345745657799,0.557332238758646,0.783333420272162,2.07869774450146,17,"AFTPH;AP2M1;AP2A1;STON2;AP1B1;CLTC;CLTA;AP3M2","GOCC","rPAL"
"GOCC_ENDOCYTIC_VESICLE_MEMBRANE",6.55762143517958e-05,0.000904951758054782,0.538434096309916,0.607483128859432,1.99726260578103,46,"EPS15;AP2S1;AP2A2;AP2B1;AP2M1;AP2A1;STON2;RAB35;CLTC;LYN","GOCC","rPAL"
"GOCC_GBAF_COMPLEX",7.47900740493798e-05,0.000999412000453039,0.538434096309916,0.859421925326267,2.01199694481363,11,"SMARCA2;BICRA;SMARCD1;BRD9;BICRAL;ACTL6A;SMARCA4;SMARCC1","GOCC","rPAL"
"GOCC_NUCLEOID",7.56398776510351e-05,0.000999412000453039,0.538434096309916,-0.694515193457729,-2.03558373939461,32,"DBT;DDX28;HADHA;POLDIP2;LRRC59;DHX30;HADHB;GRSF1;TFAM;TRMT10C;TEFM;TFB1M;HSD17B10","GOCC","Sial_rPAL"
"GOCC_CYTOSOLIC_TRANSLATION_PREINITIATION_COMPLEX",0.000122674005276583,0.0015870949432658,0.518848077743792,0.789398486104095,2.051780622242,16,"EIF3C;EIF3A;EIF3M;EIF3B;EIF3F;EIF3I;EIF3L;DHX29;EIF3G;EIF3E;EIF3H;EIF3D;EIF3K","GOCC","rPAL"
"GOCC_GOLGI_ASSOCIATED_VESICLE",0.000125747464854875,0.00159365664642607,0.518848077743792,0.657777084026853,2.01652500601038,33,"AFTPH;AP2M1;AP2A1;TMED2;STON2;AP1B1;CLTC;CLTA;AP3M2","GOCC","rPAL"
"GOCC_PLASMA_MEMBRANE_PROTEIN_COMPLEX",0.000190302836578286,0.00236356123030232,0.518848077743792,0.487523048715502,1.80435026691274,84,"EPS15;EPS15L1;AP2S1;AP2A2;AP2B1;AP2M1;AP2A1;STON2;RIPK1;CLTC;LYN;IKBKB;FLNA;CLTA;SNTB1;EMILIN1;GNG2;APC;ABCB10;B2M","GOCC","rPAL"
"GOCC_RSC_TYPE_COMPLEX",0.000209679048996024,0.00255315077306923,0.518848077743792,0.795684008075485,1.99415039457565,14,"SMARCD1;ARID2;PBRM1;SMARCC2;SMARCD2;ACTL6A;BRD7;SMARCB1;SMARCE1;SMARCA4;SMARCC1","GOCC","rPAL"
"GOCC_NUCLEOLAR_EXOSOME_RNASE_COMPLEX",0.000249471502874377,0.00297926544778823,0.49849310876659,0.864919883924302,1.96407463727156,10,"EXOSC10;EXOSC4;EXOSC8;EXOSC7;EXOSC9;EXOSC5;EXOSC2;EXOSC3;EXOSC6","GOCC","rPAL"
"GOCC_EUKARYOTIC_48S_PREINITIATION_COMPLEX",0.00025467257037463,0.0029839937019367,0.49849310876659,0.780205210712817,1.99402594625409,15,"EIF3C;EIF3A;EIF3M;EIF3B;EIF3F;EIF3I;EIF3L;EIF3G;EIF3E;EIF3H;EIF3D;EIF3K","GOCC","rPAL"
"GOCC_CATALYTIC_STEP_1_SPLICEOSOME",0.000291774308192206,0.00335540454421037,0.49849310876659,0.516896922684783,1.83220450458268,63,"EIF4A3;RBM8A;SRRM2;MAGOH;SF3A1;BUD31;AQR;RBM22;XAB2;EFTUD2;SNW1;ISY1;CWC15;DHX8;CASC3;PPIL1;SF3A3;CDC40;PPWD1;PSME3IP1;CACTIN;SYF2;CRNKL1","GOCC","rPAL"
"GOCC_U2_TYPE_CATALYTIC_STEP_2_SPLICEOSOME",0.000321068822650734,0.00362515888847465,0.49849310876659,0.618074099937122,1.96592796814371,38,"EIF4A3;RBM8A;SRRM2;MAGOH;BUD31;AQR;RBM22;XAB2;EFTUD2;SNW1;CWC15;DHX8;CASC3;PPIL1;CDC40;CACTIN;SYF2;CRNKL1;SNRPA1;PRPF19;SNRPB2","GOCC","rPAL"
"GOCC_CRD_MEDIATED_MRNA_STABILITY_COMPLEX",0.000346282890683474,0.00384002991275781,0.49849310876659,-0.943017885870582,-1.7216466416247,5,"SYNCRIP;HNRNPU;YBX1;DHX9","GOCC","Sial_rPAL"
"GOCC_POSTSYNAPTIC_SPECIALIZATION",0.000409674903469805,0.0044633002641184,0.49849310876659,0.466835481420892,1.75141983876649,88,"EIF3A;RPLP0;RPL12;EIF3E;RPL10A;RPL7;RPL6;LYN;DTNBP1;RPL30;RPS3;CDK5;ITPR1;MKLN1;NEGR1;RPL8;RPL14;ADD1;USP8;ZDHHC5;BCR;MTMR2","GOCC","rPAL"
"GOCC_EXORIBONUCLEASE_COMPLEX",0.000443904877404861,0.00475284360117964,0.49849310876659,0.66615283831149,1.94672713313268,25,"EXOSC10;EXOSC4;EXOSC8;EXOSC7;EXOSC9;EXOSC5;EXOSC2;C1D;NVL;EXOSC3;EXOSC6;LAS1L;SUPV3L1","GOCC","rPAL"
"GOCC_GOLGI_APPARATUS",0.00053777754960039,0.00559200269991864,0.477270815362862,0.343586964411078,1.50410753275187,251,"AFTPH;EI24;CLINT1;PDXDC1;ARHGEF2;PRMT5;AP2M1;AP2A1;TMED2;GLG1;STON2;AP1B1;PLD3;BST2;WDR77;CLTC;LYN;CBFA2T3;GOLGA8O;GOLGA8T;MOB4;GNPNAT1;RGS19;CLTA;STX10;SCAMP1;SEC16A;NCAM1;KPNA2;AP3M2;VAPB;SNAP29;MYO18A;ZDHHC5;SMPD4;GPSM1;VAPA;RAB6A;TMEM165","GOCC","rPAL"
"GOCC_AP_1_ADAPTOR_COMPLEX",0.000540290115934168,0.00559200269991864,0.477270815362862,0.873707563073539,1.88742254327355,8,"AFTPH;AP2M1;STON2;AP1B1","GOCC","rPAL"
"GOCC_RIBONUCLEOPROTEIN_GRANULE",0.000628433396971447,0.00639765802490604,0.477270815362862,-0.352015126085013,-1.44164121813002,390,"NONO;SFPQ;EIF2S1;IGF2BP2;CIRBP;YTHDC2;SSB;DDX28;LSM14A;ALYREF;YTHDF1;TRIM25;DHX36;DDX6;LSM14B;NXF1;PRRC2C;HNRNPU;DHX30;HNRNPAB;RC3H1;CAPRIN1;G3BP2;NCL;RC3H2;GRSF1;YBX1;STAU1;DDX5;U2AF1;SNRNP70;YTHDF2;NSUN2;SNRPC;MBNL1;ZC3H8;FRG1;PIAS1;RBM19;PSPC1;CHTOP;CSNK1A1;XRN1;DHX9;TRIM71;SART3;RBM27;SART1;PRPF18;SRSF2;SNRPGP15;RBM14;TOE1;LUC7L2;PIP5K1A;NRDE2;SRPK2;PKP1;RNF34;SF3B1;RPTOR;SCNM1;GTF2H2;HNRNPA2B1;APOBEC3C;POLDIP3;LUC7L3;FAM76B;DUSP11;RBPMS;SMC6;CDK13;KIF22;HNRNPL;SMN1;PPP1R16B;CDC5L;BRD2;ICE2;NUFIP2;YLPM1;MBD4;RING1;HSF1;U2AF2;LSM1;TRIP12;ZNF638;DDX42;DDX3X;ARGLU1;CPSF6;PHF5A;RBM15B;SFMBT2","GOCC","Sial_rPAL"
"GOCC_ACTIN_CYTOSKELETON",0.000652637578378934,0.00653690219634384,0.477270815362862,0.390050941188024,1.5966969754284,156,"CDC42BPA;KEAP1;ARPC5;ARPC5L;ABI2;TMOD3;GSN;HNRNPC;CAPZA1;FLNA;ADD1;MPRIP;TMOD2;SPECC1L;MYH11;MYO18A;DSTN;RAI14;ANLN;MYO1G;FLNB;IQGAP1;LMO7;ACTC1;TPM4;ABLIM1;CAPZA2;TPM3;DIAPH2;ACTBL2;MYL12B;PXN;ACTG1;LSP1;CAPZB;FLII;EVL;POTEI;SLC2A1;TWF2;INF2;SPTBN1;SPTAN1;ACTN1;GMFG;MED28;RFLNB;MYO5A;ACTA1;VASP;LPXN;IQGAP2;MAEA;MYH10;LANCL2;SH3GL1;PPP1R9B;ACTR3;RAC1;HAX1;NHERF1;ARPC1A;WDR1;MYH9;KAT2B","GOCC","rPAL"
"GOCC_MCRD_MEDIATED_MRNA_STABILITY_COMPLEX",0.000682471911162092,0.00672722312431205,0.477270815362862,-0.931200632784143,-1.70007214723352,5,"HNRNPD;SYNCRIP;PAIP1","GOCC","Sial_rPAL"
"GOCC_ANCHORING_JUNCTION",0.000764661727919251,0.00741960832871648,0.477270815362862,0.335544393959531,1.47235886200007,271,"UBN1;PNN;CDC42BPA;ARHGEF2;RPL4;RPLP0;RPL12;NUMB;RPL10A;ARPC5;RPL7A;RPL7;ARPC5L;RPL6;ABI2;TMOD3;CLTC;LYN;GSN;RPL30;RPS3;RPS16;LIMD1;RPL5;RPL27;RPS5;FOCAD;RPL8;ITGB1BP1;FLNA;ADD1;ANXA5;EIF4G2;MPRIP;SPECC1L;RPLP1;TNKS1BP1;RAI14;RPL18;SNTB1;FLNB;VAPA;SSH2;NHS;RPL23;IQGAP1;LMO7;ACTC1;APC;B2M;TPM4","GOCC","rPAL"
"GOCC_MEMBRANE_PROTEIN_COMPLEX",0.000899470366404131,0.0085934015005687,0.477270815362862,0.329697673189631,1.45082361593312,273,"AFTPH;EPS15;EPS15L1;CLINT1;AP2S1;AP2A2;STX7;AP2B1;AP2M1;AP2A1;STON2;EMC4;AP1B1;RIPK1;NECAP2;NECAP1;CLTC;LYN;VPS33A;IKBKB;SEC13;FLNA;CLTA;EMC2;SEC63;STX10;AP3M2;SNAP29;MTX1;IMMT;SNTB1;TRIM27;CHMP6;EMC1;EMILIN1;GNG2;APC;MT-CO2;ABCB10;B2M","GOCC","rPAL"
"GOCC_VACUOLAR_MEMBRANE",0.0011272367088773,0.0106062726698909,0.45505986738723,0.419806614755994,1.63433009844006,106,"AP2S1;AP2A2;STX7;AP2B1;AP2M1;AP2A1;AP1B1;PLD3;BST2;CLTC;LYN;VPS33A;MGST1;SEC13;CLTA;SNAP29;HPSE;SBF2;MTMR2;VAPA;CHMP6;TMEM165;LMBRD1;OSBPL9;VPS4A;B2M;KIF5B;LAPTM5;ANPEP;MTOR;GNAI3;RAB14;GNB1;ATP6V1E1;RAB5C","GOCC","rPAL"
"GOCC_NUCLEOLAR_RIBONUCLEASE_P_COMPLEX",0.00131967154801079,0.0122315825569358,0.45505986738723,0.871320656420943,1.81243763551482,7,"RPP38;RPP40;POP4;POP1;POP7;RPP30;RPP14","GOCC","rPAL"
"GOCC_CORE_MEDIATOR_COMPLEX",0.00140958323589724,0.0127370081466185,0.45505986738723,0.630232709714707,1.85302547613264,26,"MED26;MED17;MED24;MED25;MED14;MED16;MED15;MED11;MED22;MED19;MED27;MED7;MED4;MED20;MED1;MED28;MED6;MED18","GOCC","rPAL"
"GOCC_CORNIFIED_ENVELOPE",0.00141522312740205,0.0127370081466185,0.45505986738723,-0.69289955824034,-1.83990952045399,21,"NCL;TGM1;HSPB1;JUP;PKP1;DSP;DSG1;ANXA2;PPL;FLG2;HRNR;FLG;DSC1","GOCC","Sial_rPAL"
"GOCC_RIBONUCLEASE_MRP_COMPLEX",0.00149571136251125,0.0132168511499006,0.45505986738723,0.847706242764936,1.83125331665876,8,"RPP38;RPP40;POP4;POP1;POP7;RPP30;RPP14","GOCC","rPAL"
"GOCC_EUKARYOTIC_TRANSLATION_INITIATION_FACTOR_2_COMPLEX",0.00152001257138683,0.0132168511499006,0.45505986738723,-0.920184086730187,-1.67995948574504,5,"EIF2S1;EIF2S3;EIF2S2;EIF2S3B","GOCC","Sial_rPAL"
"GOCC_CELL_SUBSTRATE_JUNCTION",0.00153238853911891,0.0132168511499006,0.45505986738723,0.348783212035425,1.4723386708367,195,"ARHGEF2;RPL4;RPLP0;RPL12;NUMB;RPL10A;ARPC5;RPL7A;RPL7;ARPC5L;RPL6;CLTC;GSN;RPL30;RPS3;RPS16;LIMD1;RPL5;RPL27;RPS5;FOCAD;RPL8;ITGB1BP1;FLNA;ADD1;ANXA5;MPRIP;RPLP1;RPL18;SNTB1;FLNB;SSH2;NHS;RPL23;IQGAP1;LMO7;ACTC1;B2M;TPM4;RPS10","GOCC","rPAL"
"GOCC_ATPASE_COMPLEX",0.00174183082683132,0.0148174923761952,0.45505986738723,0.439722375538685,1.65163730231129,92,"SMARCA2;BICRA;SMARCD1;ARID2;PBRM1;BRD9;SMARCC2;SMARCD2;BICRAL;ACTL6A;BACC1;BRD7;AFG2A;SMARCB1;SMARCE1;SMARCA4;SMARCC1;HMGXB4;BAZ2A;MCRS1;VPS4A;NFRKB;RUVBL1;UCHL5;INO80D;GATAD2B;BCL7C;UBXN7;RBBP4;PHF10;ATP6V1E1;ACTR5;ACTR8;RBBP7","GOCC","rPAL"
"GOCC_EXON_EXON_JUNCTION_COMPLEX",0.00185104356353085,0.0155337574723332,0.45505986738723,0.684035909254215,1.88480232581959,20,"EIF4A3;PNN;RBM8A;UPF1;MAGOH;ACIN1;CCDC9;SAP18;RNPS1;CASC3","GOCC","rPAL"
"GOCC_SNO_S_RNA_CONTAINING_RIBONUCLEOPROTEIN_COMPLEX",0.00188669170013291,0.0156218072771005,0.45505986738723,0.669124715401253,1.86424980068316,21,"RPP38;NOP56;RPP40;POP4;MPHOSPH10;NHP2;POP1;POP7;RPP30;NOP58;RPP14;SNU13;FBL","GOCC","rPAL"
"GOCC_PRC1_COMPLEX",0.00237709446535298,0.0194233639866342,0.431707695803346,-0.709996983201664,-1.79236469496469,17,"CSNK2A1;CSNK2A2;BMI1;RNF2;CBX2;PHC2;KDM2B;RING1;CSNK2B;L3MBTL2","GOCC","Sial_rPAL"
"GOCC_TRANS_GOLGI_NETWORK",0.0026316901420601,0.0210298054949054,0.431707695803346,0.526189838451153,1.73664387843258,47,"AFTPH;AP1B1;CLTC;CLTA;STX10;SCAMP1;AP3M2;MYO18A;SMPD4;RAB6A;TMEM165;OSBPL9","GOCC","rPAL"
"GOCC_EXOSOME_RNASE_COMPLEX",0.00265962121220139,0.0210298054949054,0.431707695803346,0.673947683671037,1.85700508478981,20,"EXOSC10;EXOSC4;EXOSC8;EXOSC7;EXOSC9;EXOSC5;EXOSC2;C1D;NVL;EXOSC3;EXOSC6","GOCC","rPAL"
"GOCC_U1_SNRNP",0.00267528926585753,0.0210298054949054,0.431707695803346,-0.753525633558351,-1.8406698259873,15,"SNRNP70;LUC7L;SNRPC;SNRPE;SNRPA;SNRPGP15;LUC7L2;LUC7L3;SNRPD2;SNRPD3;SNRPF;SNRPD1","GOCC","Sial_rPAL"
"GOCC_NEURON_TO_NEURON_SYNAPSE",0.00273257422946779,0.0212116074562437,0.431707695803346,0.428772745359472,1.61050949381997,92,"EIF3A;RPLP0;RPL12;EIF3E;RPL10A;RPL7;RPL6;DTNBP1;RPL30;RPS3;CDK5;ITPR1;MKLN1;NEGR1;RPL8;RPL14;ADD1;USP8;BCR;MTMR2;RPL18A;ABLIM1;NECTIN1;FABP5;CASP3;SH3KBP1;STXBP5;CAPZB;GPHN","GOCC","rPAL"
"GOCC_SPINDLE_MIDZONE",0.00291315557125955,0.022285958753344,0.431707695803346,-0.672921157585107,-1.78685933571674,21,"HNRNPU;INCENP;RIF1;RACGAP1;CENPV;KIF14;RCC2","GOCC","Sial_rPAL"
"GOCC_PCG_PROTEIN_COMPLEX",0.00294275139738198,0.022285958753344,0.431707695803346,-0.630861006754061,-1.82174661799372,30,"CSNK2A1;CSNK2A2;JARID2;BMI1;RNF2;SUZ12;CBX2;PHC2;KDM2B;MTF2;RING1;YY1;CSNK2B;L3MBTL2;PHF19;EED;CBX4;EZH2","GOCC","Sial_rPAL"
"GOCC_PARASPECKLES",0.00389812809577084,0.029165512620165,0.431707695803346,-0.856079053666897,-1.71413737273422,7,"NONO;SFPQ;PSPC1","GOCC","Sial_rPAL"
"GOCC_MEDIATOR_COMPLEX",0.00427167758727432,0.0315799021630637,0.407017918923954,0.574515328035006,1.75362476833263,32,"MED26;MED17;MED24;BCLAF1;MED25;MED14;MED16;MED11;MED22;MED19;MED27;MED7;MED4;MED20;MED1;MED28;MED6;MED18","GOCC","rPAL"
"GOCC_SM_LIKE_PROTEIN_FAMILY_COMPLEX",0.00439382998530848,0.032100804951489,0.407017918923954,-0.467447376748606,-1.61987819956777,85,"ZCRB1;SNRNP70;LUC7L;SNRPC;SNRPE;RBM42;GEMIN7;SART3;SART1;SNRPA;PRPF18;SNRPGP15;LUC7L2;SF3B1;LUC7L3;SF3B3;SNRPD2;CENATAC;SMN1;SNIP1;SNRPD3;MEPCE;LSM1;GEMIN5;PHF5A;SNRPF;GEMIN4;LARP7;SNRPD1;PATL1;DDX20;SF3A2;SF3B6;SF3B2;LSM8;STRAP;PRPF3","GOCC","Sial_rPAL"
"GOCC_SWI_SNF_SUPERFAMILY_TYPE_COMPLEX",0.00444757643106639,0.0321156391127003,0.407017918923954,0.444148612631781,1.61238030083137,74,"SMARCA2;BICRA;SMARCD1;ARID2;PBRM1;BRD9;SMARCC2;SMARCD2;BICRAL;ACTL6A;BACC1;BRD7;SMARCB1;SMARCE1;SMARCA4;SMARCC1;HMGXB4;BAZ2A;MCRS1;NFRKB;RUVBL1;UCHL5;INO80D;GATAD2B;BCL7C;RBBP4;PHF10;ACTR5;ACTR8;RBBP7","GOCC","rPAL"
"GOCC_SMN_SM_PROTEIN_COMPLEX",0.00452473501999395,0.0322972465220257,0.407017918923954,-0.685344144318758,-1.73012939102703,17,"SNRPE;GEMIN7;SNRPGP15;SNRPD2;SMN1;SNRPD3;GEMIN5;SNRPF;GEMIN4;SNRPD1;DDX20;STRAP;GEMIN8;SNRPB","GOCC","Sial_rPAL"
"GOCC_CORTICAL_CYTOSKELETON",0.00472505617729417,0.0333438623420418,0.407017918923954,0.507304915232775,1.64661424525915,42,"ARPC5;ARPC5L;GSN;CAPZA1;FLNA;DSTN;ANLN;IQGAP1;TPM4;CAPZA2;CAPZB;SLC2A1;SPTBN1;SPTAN1;ACTN1;GMFG;MED28;MAEA;LANCL2;PPP1R9B;WDR1;MYH9","GOCC","rPAL"
"GOCC_P_BODY",0.00496880812599814,0.034669998272414,0.407017918923954,-0.509281466150136,-1.66170869649036,59,"IGF2BP2;LSM14A;YTHDF1;DDX6;RC3H1;CAPRIN1;RC3H2;YBX1;YTHDF2;XRN1;TRIM71","GOCC","Sial_rPAL"
"GOCC_THO_COMPLEX",0.00525286298049437,0.0362447545654112,0.407017918923954,0.85110837163122,1.71874295757653,6,"THOC5;THOC1;THOC7;THOC6;THOC3","GOCC","rPAL"
"GOCC_SYNAPTIC_MEMBRANE",0.00548985718725575,0.037170075071534,0.407017918923954,0.529539017266638,1.67224730965953,37,"AP2B1;AP2M1;DTNBP1;MKLN1;CLTA;MTMR2;NECTIN1;CRKL;GPHN;ATP2B4;RALA;STRN;PPP1R9B;PICALM;RAC1;ZC4H2;SCRIB","GOCC","rPAL"
"GOCC_CYTOPLASMIC_EXOSOME_RNASE_COMPLEX",0.0055066777883754,0.037170075071534,0.407017918923954,0.704200362247033,1.76487326122309,14,"EXOSC10;EXOSC4;EXOSC8;EXOSC7;EXOSC9;EXOSC5;EXOSC2;EXOSC3;EXOSC6","GOCC","rPAL"
"GOCC_TRANS_GOLGI_NETWORK_MEMBRANE",0.00573011379688902,0.0382623727727751,0.407017918923954,0.659177285752342,1.77072960482709,18,"AFTPH;AP1B1;CLTC;CLTA;STX10;SCAMP1;RAB6A;TMEM165","GOCC","rPAL"
"GOCC_POST_MRNA_RELEASE_SPLICEOSOMAL_COMPLEX",0.00644954594729268,0.0426081705666889,0.407017918923954,0.56132850529201,1.71337390321329,32,"BUD31;AQR;RBM22;XAB2;EFTUD2;TFIP11;SNW1;ISY1;CWC15;PPIL1;CDC40;SYF2;CRNKL1;SNRPA1;PRPF19;SNRPB2","GOCC","rPAL"
"GOCC_GLIAL_CELL_PROJECTION",0.00709341215162538,0.0463685152227301,0.407017918923954,-0.882978888548863,-1.61203478838819,5,"EIF2S1","GOCC","Sial_rPAL"
"GOCC_RIBOSOMAL_SUBUNIT",0.00781167986449735,0.0505318041234672,0.407017918923954,0.355966930058646,1.44366713631432,143,"RPL4;RPLP0;RPL12;RPL35A;DHX29;RPL10A;RPL34;RPSA;RPL7A;RPL7;RPL6;RPL30;RPS3;RPS16;RPL27A;RPL5;RPL27;RPS5;RPS20;RPL8;RPL14;RPS12;RPL36;MRPL57;RPLP1;RPL32;RPL18;RPL23;RACK1;RPL18A;MRPL50;RPS10;MRPS5","GOCC","rPAL"
"GOCC_MITOCHONDRIAL_PROTEIN_CONTAINING_COMPLEX",0.00884465212941113,0.0566240100243744,0.380730400722792,-0.424314411885123,-1.49850205715417,98,"MRPL11;HADHA;HADHB;MRPL54;MRPL9;MRPL46;TRMT10C;MICU1;MICU2;MRPL1;MRPL40;TIMM8B;TIMM13;PAM16;MRPL45;CHCHD1;HSD17B10;GADD45GIP1;MRPL48;SPG7;MRPL39;DNAJC19;MRPS21;MRPL41;DNAJC11","GOCC","Sial_rPAL"
"GOCC_TRNA_METHYLTRANSFERASE_COMPLEX",0.00931353184000423,0.0590173803330881,0.380730400722792,-0.75235314933712,-1.6953675031552,11,"TRMT6;TRMT61A;TRMT10C;BUD23;ALKBH8;HSD17B10;WDR4","GOCC","Sial_rPAL"
"GOCC_GOLGI_APPARATUS_SUBCOMPARTMENT",0.0100768298985801,0.0632092057274567,0.380730400722792,0.431101188840184,1.56373041102619,71,"AFTPH;TMED2;AP1B1;CLTC;GOLGA8O;GOLGA8T;MOB4;CLTA;STX10;SCAMP1;AP3M2;MYO18A;SMPD4;RAB6A;TMEM165;OSBPL9","GOCC","rPAL"
"GOCC_HISTONE_PRE_MRNA_3_END_PROCESSING_COMPLEX",0.0119709730335309,0.0743397425382267,0.380730400722792,-0.862428556740555,-1.57451650769367,5,"SYNCRIP;YBX1;SLBP;ERI1","GOCC","Sial_rPAL"
"GOCC_CATALYTIC_STEP_2_SPLICEOSOME",0.0122152285687531,0.0751055142692639,0.380730400722792,0.368597606621681,1.40062035694271,97,"EIF4A3;PNN;RBM8A;SRRM2;MAGOH;SF3A1;BUD31;AQR;RBM22;WDR83;XAB2;HNRNPC;EFTUD2;GPATCH1;TFIP11;SNW1;ISY1;CWC15;DHX35;DHX8;CASC3;PPIL1;SF3A3;CDC40;PPWD1;CACTIN;SYF2;CRNKL1;ZCCHC8;GPKOW","GOCC","rPAL"
"GOCC_SIDE_OF_MEMBRANE",0.0143925391251868,0.0876251646739317,0.380730400722792,0.367429543741631,1.44133661332654,113,"AP2S1;AP2A2;AP2B1;AP2M1;AP2A1;BDH1;BST2;CD109;LYN;QTRT1;RPL27;NEGR1;IKBKB;RGS19;TMEM123;ANXA5;NCAM1;PTPN22","GOCC","rPAL"
"GOCC_MITOCHONDRIAL_LARGE_RIBOSOMAL_SUBUNIT",0.015963377886553,0.0962452200732952,0.352487857583619,-0.57446364870746,-1.65888713676851,30,"MRPL11;MRPL54;MRPL9;MRPL46;MRPL1;MRPL40;MRPL45;GADD45GIP1;MRPL48;MRPL39;MRPL41;MRPL55;MRPL16","GOCC","Sial_rPAL"
"GOCC_VACUOLE",0.016377641537693,0.0977217311225363,0.352487857583619,0.326952694129871,1.37577959082982,192,"AP2S1;AP2A2;STX7;AP2B1;AP2M1;AP2A1;AP1B1;PLD3;BST2;WDR83;CLTC;LYN;VPS33A;MGST1;SEC13;CLTA;CPPED1;CLNK;SNAP29;HPSE;SBF2;MCRS1;MTMR2;DPP7;VAPA;HEXB;CHMP6;TMEM165;LMBRD1;OSBPL9;VPS4A;B2M;PIP4K2A;TNFAIP3;KIF5B;LAPTM5;ANPEP;AUP1;MTOR;GNAI3;S100A7;RAB14;FABP5;GNB1;CD34;ATP6V1E1;RAB5C","GOCC","rPAL"
"GOCC_LARGE_RIBOSOMAL_SUBUNIT",0.0165229980158878,0.0977217311225363,0.352487857583619,0.39020676671878,1.43493618569959,81,"RPL4;RPLP0;RPL12;RPL35A;RPL10A;RPL34;RPL7A;RPL7;RPL6;RPL30;RPL27A;RPL5;RPL27;RPL8;RPL14;RPL36;MRPL57;RPLP1;RPL32;RPL18;RPL23;RPL18A;MRPL50","GOCC","rPAL"
"GOCC_NUCLEAR_UBIQUITIN_LIGASE_COMPLEX",0.0177876351337066,0.104208692622942,0.352487857583619,-0.580744094859845,-1.64629345924702,28,"CSNK2A1;CSNK2A2;BMI1;RNF2;CBX2;PHC2;KDM2B;ANAPC5;RING1;CSNK2B;L3MBTL2;UBE2S;CBX4","GOCC","Sial_rPAL"
"GOCC_RNA_POLYMERASE_III_COMPLEX",0.020480096049691,0.118861118194936,0.352487857583619,-0.682529019241786,-1.66724330948958,15,"POLR3H;POLR3D;POLR3A;POLR3E;POLR3B;POLR2F;POLR3F;POLR2K;POLR1C","GOCC","Sial_rPAL"
"GOCC_SMALL_NUCLEAR_RIBONUCLEOPROTEIN_COMPLEX",0.0213415392129571,0.122286079367052,0.352487857583619,-0.453442049496359,-1.54112931486033,73,"ZCRB1;SNRNP70;LUC7L;SNRPC;SNRPE;RBM42;SART3;SART1;SNRPA;PRPF18;SNRPGP15;LUC7L2;SF3B1;LUC7L3;SF3B3;SNRPD2;CENATAC;SNIP1;SNRPD3;MEPCE;PHF5A;SNRPF;GEMIN4;LARP7;SNRPD1;SF3A2;SF3B6;SF3B2;LSM8;PRPF3;USP39;DDX23","GOCC","Sial_rPAL"
"GOCC_U2_TYPE_SPLICEOSOMAL_COMPLEX",0.0214640622399495,0.122286079367052,0.352487857583619,0.373667285148014,1.41851607870455,96,"EIF4A3;RBM8A;SRRM2;MAGOH;SF3A1;BUD31;AQR;RBM22;XAB2;EFTUD2;TFIP11;SNW1;SMU1;ISY1;CWC15;DHX8;CASC3;PPIL1;SF3A3;CDC40;PPWD1;PSME3IP1;CACTIN;SYF2;CRNKL1","GOCC","rPAL"
"GOCC_EARLY_ENDOSOME_MEMBRANE",0.0288213334886352,0.162709528149477,0.352487857583619,0.456915439091958,1.4830596911178,42,"EPS15;EEA1;STX7;PLD3","GOCC","rPAL"
"GOCC_SYNAPTIC_VESICLE_MEMBRANE",0.0331199585258631,0.185292740941991,0.321775918075361,0.551244133305166,1.53582245878583,21,"SYPL1;DTNBP1;CLTA;STX10;SCAMP1;MCTP2","GOCC","rPAL"
"GOCC_SCHAFFER_COLLATERAL_CA1_SYNAPSE",0.0341315923463122,0.189247489705892,0.321775918075361,0.587916110843541,1.56012735055008,17,"EEA1;DTNBP1;ITPR1;BCR;ACTG1;CAPZB;RALA","GOCC","rPAL"
"GOCC_LATE_ENDOSOME",0.0346345015420644,0.190336508474531,0.321775918075361,0.408334455248088,1.41674793076488,59,"STX7;PLD3;BST2;VPS33A;NEGR1;GNPNAT1;VTA1;CHMP6;OSBPL9;VPS4A;B2M;RAB14;DYNC1LI2;SQSTM1;ANXA6;MAPKAP1;MYO5A;VPS13C;RAB27B","GOCC","rPAL"
"GOCC_RPAP3_R2TP_PREFOLDIN_LIKE_COMPLEX",0.0349434906504486,0.190350067490602,0.321775918075361,0.664542096274452,1.55576280753676,11,"PIH1D1;DNAAF10;URI1;PFDN2;RPAP3;RUVBL1","GOCC","rPAL"
"GOCC_TERMINAL_BOUTON",0.0360655486241156,0.194753962570224,0.321775918075361,0.809556052899094,1.53121916319169,5,"AAK1;TBC1D24;CAD","GOCC","rPAL"
"GOCC_MRNA_CLEAVAGE_FACTOR_COMPLEX",0.0378601203883043,0.202682196216698,0.321775918075361,-0.589973481969901,-1.51590424589021,19,"CPSF7;CSNK1A1;SCAF8;PCF11;PIP5K1A;CPSF6;TUT1;FIP1L1;CSTF1;CPSF4;NUDT21","GOCC","Sial_rPAL"
"GOCC_ACTOMYOSIN",0.0395740714712575,0.210046994732059,0.321775918075361,0.488815597827648,1.49203876322975,32,"CDC42BPA;MYO18A;RAI14;FLNB;TPM4;ABLIM1;TPM3;MYL12B;PXN;EVL;ACTN1;ACTA1;MYH10;MYH9;KAT2B","GOCC","rPAL"
"GOCC_BASAL_PART_OF_CELL",0.0410674326588522,0.212960156689147,0.321775918075361,0.450893497119373,1.46631482939754,43,"EPS15;AP2A1;NUMB;IQGAP1;EPPK1;CHP1;SLC16A1;CD34;ATP1B3;SLC1A5;ATP2B4;IDE;DOCK7;SLC2A1","GOCC","rPAL"
"GOCC_SIGNAL_RECOGNITION_PARTICLE",0.041211099974744,0.212960156689147,0.321775918075361,-0.804259915163246,-1.53152983542742,6,"SRP9;SRP68;SRP72","GOCC","Sial_rPAL"
"GOCC_CYTOPLASMIC_SIDE_OF_PLASMA_MEMBRANE",0.0412582926634037,0.212960156689147,0.321775918075361,0.423303437380383,1.45069405019503,54,"AP2S1;AP2A2;AP2B1;AP2M1;AP2A1;LYN;IKBKB;RGS19;PTPN22;IQGAP1;GNG2","GOCC","rPAL"
"GOCC_GLUTAMATERGIC_SYNAPSE",0.0415614018504773,0.212960156689147,0.321775918075361,0.325048832994303,1.31827503699258,143,"EPS15;EIF4A3;EEA1;AP2B1;AP2M1;AP2A1;NUMB;ARPC5L;LYN;DTNBP1;MOB4;FLNA;USP8;UBE3A;AP3M2;VAPB;DSTN;EFR3A;ZDHHC5;BCR","GOCC","rPAL"
"GOCC_EARLY_ENDOSOME",0.0418375831176745,0.212960156689147,0.321775918075361,0.346179787557449,1.31469800383875,98,"EPS15;EEA1;STX7;NUMB;AP1B1;PLD3;VPS33A;USP8;AP3M2;MTMR2;TRIM27;RFTN1;VPS4A;B2M","GOCC","rPAL"
"GOCC_PRESYNAPTIC_MEMBRANE",0.0442454689089601,0.221822278397538,0.321775918075361,0.610834689436391,1.53087937497484,14,"AP2B1;AP2M1;CLTA;NECTIN1;ATP2B4;PICALM;RAC1;SCRIB","GOCC","rPAL"
"GOCC_ORGANELLAR_RIBOSOME",0.0442930153321976,0.221822278397538,0.282013350011725,-0.446401037226949,-1.43082562407983,55,"MRPL11;MTG2;MRPL54;MRPL9;MRPL46;MRPL1;MRPL40;MRPL45;CHCHD1;GADD45GIP1;MRPL48;MRPL39;MRPS21;MRPL41;MRPL55;MRPL16;MRPL47;MRPS6;MRPL14;MRPS15;MRPS14","GOCC","Sial_rPAL"
"GOCC_PRP19_COMPLEX",0.0486303898410672,0.239679358717435,0.321775918075361,0.624478755212805,1.52997113251035,13,"RBM22;XAB2;ISY1;CWC15;SYF2;CRNKL1;PRPF19","GOCC","rPAL"
"GOCC_U11_U12_SNRNP",0.0490566037735849,0.239679358717435,0.282013350011725,-0.5683642007832,-1.46038039252619,19,"ZCRB1;SNRPE;SF3B1;SF3B3;SNRPD2;SNRPD3;SNRPF;SNRPD1;SF3B6;SF3B2;SF3B5;SNRPB","GOCC","Sial_rPAL"
"GOCC_MITOTIC_SPINDLE_MIDZONE",0.0499726536367077,0.239679358717435,0.321775918075361,-0.742965833965477,-1.53889880766017,8,"HNRNPU;RCC2","GOCC","Sial_rPAL"
"GOMF_LIGASE_ACTIVITY",2.9121414374185e-17,2.16663322943936e-14,1.06720998682811,-0.777592536770707,-2.64132541475823,74,"NARS2;KARS1;RARS1;QARS1;IARS1;DARS1;MARS1;PC;EPRS1;PCCA;MCCC2;TRIM25;PCCB;TARS3;FARS2;ACACA;ATP5MF;MCCC1;SARS2;NARS1;LARS1","GOMF","Sial_rPAL"
"GOMF_LIGASE_ACTIVITY_FORMING_CARBON_OXYGEN_BONDS",2.72865330381741e-10,1.01505902902008e-07,0.814035837847908,-0.833429091416509,-2.38235445847323,31,"NARS2;KARS1;RARS1;QARS1;IARS1;DARS1;MARS1;EPRS1;TARS3;FARS2;SARS2;NARS1;LARS1","GOMF","Sial_rPAL"
"GOMF_CATALYTIC_ACTIVITY_ACTING_ON_A_TRNA",1.6137537985046e-09,4.0021094202914e-07,0.788186810800237,-0.657190777691236,-2.25122462698023,83,"NARS2;KARS1;RARS1;QARS1;IARS1;DARS1;MARS1;EPRS1;PUS1;TRMT10A;TARS3;FARS2;TRMT61A;SARS2;NARS1;LARS1;TRMT1;ANKZF1;NSUN2;DUS3L;PUS3;DUS2;TRMT10C;ADAR;TRMT1L;TRPT1;FARSA;ADARB1;PUSL1;MTFMT;METTL8;DUS1L;TRMT5","GOMF","Sial_rPAL"
"GOMF_TRNA_BINDING",7.30858345668637e-09,1.35939652294367e-06,0.761460801445585,-0.730613256522846,-2.31372424632067,50,"KARS1;RARS1;AIMP1;IARS1;MARS1;SSB;PUS1;EIF2S3;TRMT10A;FARS2;SARS2;TRMT1;NSUN2;IFIT5;GTPBP1;DUS2;TRMT10C;EIF2S3B;TRMT1L;FARSA;IGHMBP2","GOMF","Sial_rPAL"
"GOMF_CATALYTIC_ACTIVITY_ACTING_ON_RNA",3.93909022219015e-08,5.86136625061894e-06,0.719512826338911,-0.481080221485795,-1.87639146091675,245,"NARS2;KARS1;RARS1;QARS1;IARS1;DARS1;MARS1;YTHDC2;EPRS1;DDX28;PUS1;TRMT10A;DHX36;TARS3;DDX6;FARS2;DHX30;TRMT61A;DDX50;SARS2;NARS1;DDX5;MRM1;EXOG;LARS1;TRMT1;ANKZF1;NSUN2;DUS3L;DDX21;MARF1;SND1;PUS3;DDX51;DUS2;EMG1;TRMT10C;DIMT1;XRN1;ADAR;ALKBH3;DHX9;NSUN5;TRMT1L;TRPT1;TOP3B;POLR3H;MRM3;POLR3A;FARSA;IGHMBP2;TOE1;ADARB1;PUSL1;FEN1;MTFMT;DROSHA;ERI1;BUD23;DDX49;DHX57;DHX33;METTL8;DUS1L;TUT7;TFB1M;TRMT5","GOMF","Sial_rPAL"
"GOMF_LIGASE_ACTIVITY_FORMING_CARBON_CARBON_BONDS",1.965547085909e-07,2.43727838652716e-05,0.690132458796796,-0.979947916666667,-1.9072345386046,6,"PC;PCCA;MCCC2;PCCB;ACACA;MCCC1","GOMF","Sial_rPAL"
"GOMF_MRNA_BINDING",6.73546681039253e-07,7.15883900990292e-05,0.659444398037935,-0.458444190842075,-1.7881618755336,244,"IGF2BP2;CIRBP;SSB;LSM14A;HNRNPD;ALYREF;YTHDF1;SYNCRIP;EIF2S2;DHX36;HNRNPR;DDX6;LSM14B;FUS;NXF1;HNRNPU;HNRNPAB;RC3H1;CAPRIN1;RBMS1;YBX3;G3BP2;ILF3;NCL;SLC4A1AP;DDX50;RC3H2;GRSF1;YBX1;STAU1;DDX5;SNRNP70;YTHDF2;LUC7L;SNRPC;RBM3;DDX21;CPSF7;PTBP1;RBM42;HNRNPA0;RBM19;PURB;HNRNPA1;DHX9;SLBP;RBMX;DAZAP1;RSL1D1;SRSF2;MRPL1;SCAF8;PCF11;RBM14;LUC7L2;ADARB1;MSI2;MECP2;SF3B1;PTBP3;DHX33;KHDRBS1;HNRNPA2B1;POLDIP3;RPS7;LUC7L3","GOMF","Sial_rPAL"
"GOMF_CATALYTIC_ACTIVITY_ACTING_ON_A_NUCLEIC_ACID",1.00108171495526e-06,9.31005994908388e-05,0.643551836150722,-0.418575095058442,-1.6994331603926,357,"NARS2;KARS1;RARS1;QARS1;IARS1;DARS1;MARS1;YTHDC2;EPRS1;DDX28;PUS1;TRMT10A;DHX36;TARS3;DDX6;FARS2;DHX30;TRMT61A;DDX50;SARS2;NARS1;DDX5;MRM1;EXOG;LARS1;TRMT1;ANKZF1;NSUN2;DUS3L;HMGA1;DDX21;MARF1;SND1;PUS3;DDX51;DUS2;PDS5B;EMG1;TRMT10C;DIMT1;XRN1;ADAR;ALKBH3;DHX9;NSUN5;TRMT1L;TRPT1;TOP3B;POLR3H;MRM3;POLR3A;FARSA;IGHMBP2;TOE1;ADARB1;PUSL1;FEN1;HMGA2;MTFMT;DROSHA;ERI1;TEFM;BUD23;DDX49;RECQL4;DHX57;DHX33;METTL8;DUS1L;TUT7;TFB1M;TRMT5;TERF2;ALKBH8;METTL16;XRCC5;SPOUT1;POLR1B;POLR3B;REXO1;NSUN4;DNMT1;TYW3;POLR2F;SHPRH;TRIR;MEPCE;PNKP;TRMT2A;WAPL;MTRFR;LRRC47;MBD4;POLR3F;POLR2K","GOMF","Sial_rPAL"
"GOMF_CARGO_ADAPTOR_ACTIVITY",4.01955822879629e-06,0.000299055132222444,0.610526878385931,0.888849616300313,2.13145490317237,11,"AP2S1;AP2A2;AP2B1;AP2M1;AP2A1;STON2","GOMF","rPAL"
"GOMF_CLATHRIN_ADAPTOR_ACTIVITY",4.01955822879629e-06,0.000299055132222444,0.610526878385931,0.888849616300313,2.13145490317237,11,"AP2S1;AP2A2;AP2B1;AP2M1;AP2A1;STON2","GOMF","rPAL"
"GOMF_DOUBLE_STRANDED_RNA_BINDING",3.67224722646897e-05,0.00248377448772083,0.557332238758646,-0.635529521788825,-2.01261070845271,50,"ZFR;LSM14A;DHX36;HNRNPU;DHX30;RC3H1;ILF3;RC3H2;STAU1;STRBP;MBNL1;DDX21;DUS2;ILF2;ADAR;DHX9;ZNF346;ADARB1;DHX33;MTDH;DGCR8;EIF2AK2;OAS3;PRKRA;APTX;STAU2","GOMF","Sial_rPAL"
"GOMF_LNCRNA_BINDING",6.46175007256033e-05,0.00393973785794639,0.538434096309916,-0.77025407218554,-1.98216982507625,20,"NONO;HNRNPU;HADHB;WDR82;SUZ12","GOMF","Sial_rPAL"
"GOMF_CLATHRIN_BINDING",6.88395055823966e-05,0.00393973785794639,0.538434096309916,0.806658944396431,2.08950151389594,15,"AFTPH;CLINT1;AP2B1;AP1B1;CLTC;CLTA","GOMF","rPAL"
"GOMF_ORGANIC_ACID_BINDING",0.000291213543636603,0.0154759197475452,0.49849310876659,-0.679777792822723,-1.88851104952929,28,"RARS1;PC;PCCA;MCCC1;PLOD1;ALKBH3","GOMF","Sial_rPAL"
"GOMF_TRNA_METHYLTRANSFERASE_ACTIVITY",0.000396700880481144,0.0196510431694928,0.49849310876659,-0.795726584474945,-1.86625357413382,14,"TRMT10A;TRMT61A;TRMT1;NSUN2;TRMT10C;TRMT1L;METTL8;TRMT5;ALKBH8;TYW3;TRMT2A","GOMF","Sial_rPAL"
"GOMF_TRANSLATION_REPRESSOR_ACTIVITY",0.000422603078913824,0.0196510431694928,0.49849310876659,-0.776460724140673,-1.82872747808535,15,"CIRBP;PURA;CYFIP1;PURB;TRIM71","GOMF","Sial_rPAL"
"GOMF_RNA_METHYLTRANSFERASE_ACTIVITY",0.000466264295764613,0.0204059197675807,0.49849310876659,-0.632207334785982,-1.85151723694951,35,"TRMT10A;TRMT61A;MRM1;TRMT1;NSUN2;EMG1;TRMT10C;DIMT1;NSUN5;TRMT1L;MRM3;BUD23;METTL8;TFB1M;TRMT5;ALKBH8;METTL16;SPOUT1;NSUN4;TYW3;MEPCE;TRMT2A","GOMF","Sial_rPAL"
"GOMF_DISORDERED_DOMAIN_SPECIFIC_BINDING",0.000660280410036093,0.0272915902814919,0.477270815362862,0.738104340055957,1.9391433792752,16,"AP2A2;AP2M1;KEAP1;CLTC;PPIL1","GOMF","rPAL"
"GOMF_RIBONUCLEASE_P_ACTIVITY",0.000843030722283582,0.0313607428689492,0.477270815362862,0.871320656420943,1.83695601521877,7,"RPP38;RPP40;POP4;POP1;POP7;RPP30;RPP14","GOMF","rPAL"
"GOMF_RIBONUCLEASE_P_RNA_BINDING",0.000843030722283582,0.0313607428689492,0.477270815362862,0.871320656420943,1.83695601521877,7,"RPP38;RPP40;POP4;POP1;POP7;RPP30;RPP14","GOMF","rPAL"
"GOMF_NADPLUS_BINDING",0.00128782792025478,0.0456259034604552,0.45505986738723,-0.884230452516814,-1.720943358768,6,"ZC3HAV1;HADHA","GOMF","Sial_rPAL"
"GOMF_OXIDOREDUCTASE_ACTIVITY_ACTING_ON_THE_CH_CH_GROUP_OF_DONORS_NAD_OR_NADP_AS_ACCEPTOR",0.0019337890232753,0.0634696188419177,0.45505986738723,-0.868864721547827,-1.75777831716106,7,"LBR;DUS3L;DUS2;DUS1L","GOMF","Sial_rPAL"
"GOMF_PROTEIN_RNA_ADAPTOR_ACTIVITY",0.00196209843194101,0.0634696188419177,0.431707695803346,-0.684813978903182,-1.84514479433274,23,"IGF2BP2;YTHDC2;ALYREF;YTHDF1;YBX1;YTHDF2","GOMF","Sial_rPAL"
"GOMF_TRANSFERASE_ACTIVITY_TRANSFERRING_ONE_CARBON_GROUPS",0.00205336047025668,0.0636541745779571,0.431707695803346,-0.48474482095949,-1.64276122876115,77,"TRMT10A;TRMT61A;MRM1;NSD2;TRMT1;NSUN2;JARID2;EMG1;TRMT10C;DIMT1;METTL17;NSUN5;TRMT1L;MRM3;NSD3;MTFMT;BUD23;METTL8;METTL13;TFB1M;TRMT5;ALKBH8;METTL16;SPOUT1;NSUN4;DNMT1;TYW3;MEPCE;TRMT2A;FBXO11;KMT2C;EHMT1;NSD1;COMT;RNMT","GOMF","Sial_rPAL"
"GOMF_TRANSLATION_INITIATION_FACTOR_ACTIVITY",0.00222272160655921,0.066148195011202,0.431707695803346,0.537495241164669,1.76729501128893,42,"EIF3C;EIF3A;EIF3M;EIF3B;EIF3F;EIF3I;EIF3L;DHX29;EIF3G;EIF3E;EIF4G1;EIF3H;EIF3D;EIF4G2;EIF3K","GOMF","rPAL"
"GOMF_REGULATORY_RNA_BINDING",0.00258061045314004,0.0738451606590841,0.431707695803346,-0.611711816826963,-1.72953945614419,30,"HNRNPU;RC3H1;YBX1;DDX21;HNRNPA1;DHX9;TRIM71;ZNF346;MECP2;TUT7;HNRNPA2B1;SPOUT1;PRKRA;ZC3H7B;MBD2;MATR3;RBM10;TARBP2;QKI;AGO2;AGO1","GOMF","Sial_rPAL"
"GOMF_TRANSLATION_INITIATION_FACTOR_BINDING",0.00289914128694698,0.0798874487958724,0.431707695803346,0.661201601000614,1.80255079005092,19,"EIF3C;EIF3M;EIF3B;EIF3F;EIF4G1;LARP1","GOMF","rPAL"
"GOMF_NUCLEAR_VITAMIN_D_RECEPTOR_BINDING",0.0035448171088648,0.094190854606979,0.431707695803346,0.72449853160387,1.7917781428596,13,"MED17;MED24;MED14;SNW1;MED16;TAF7;MED4;MED1","GOMF","rPAL"
"GOMF_N6_METHYLADENOSINE_CONTAINING_RNA_READER_ACTIVITY",0.00427553568828214,0.104768460989753,0.407017918923954,-0.784290121897501,-1.68786216459943,10,"IGF2BP2;YTHDC2;YTHDF1;YTHDF2","GOMF","Sial_rPAL"
"GOMF_NOTCH_BINDING",0.00441900576413195,0.104768460989753,0.407017918923954,0.883704660703624,1.69405039211801,5,"AAK1;KCTD10;SNW1","GOMF","rPAL"
"GOMF_SINGLE_STRANDED_RNA_BINDING",0.00447116139304991,0.104768460989753,0.407017918923954,-0.52614641112079,-1.68215508979684,52,"ZFR;SSB;LSM14A;PUS1;HNRNPU;RBMS1;ILF3;STRBP;SNRPC;PTBP1;IFIT5;HNRNPA1;DHX9;HNRNPDL;DAZAP1;IGHMBP2;MSI2;KHDRBS1","GOMF","Sial_rPAL"
"GOMF_G_QUADRUPLEX_RNA_BINDING",0.00450617036515068,0.104768460989753,0.407017918923954,-0.852020411204619,-1.65825420740018,6,"DHX36;DHX30;GRSF1;XRN1","GOMF","Sial_rPAL"
"GOMF_MONOCARBOXYLIC_ACID_BINDING",0.00489939930330223,0.110459184292632,0.407017918923954,-0.767909142706916,-1.68113065051856,11,"PC;PCCA;MCCC1","GOMF","Sial_rPAL"
"GOMF_S_ADENOSYLMETHIONINE_DEPENDENT_METHYLTRANSFERASE_ACTIVITY",0.0053475121183364,0.117016147530655,0.407017918923954,-0.502999117512246,-1.64927058268214,62,"TRMT10A;TRMT61A;MRM1;NSD2;TRMT1;NSUN2;JARID2;EMG1;TRMT10C;DIMT1;NSUN5;TRMT1L;MRM3;NSD3;BUD23;METTL8;METTL13;TFB1M;TRMT5;ALKBH8;METTL16;SPOUT1;NSUN4;DNMT1;MEPCE;TRMT2A;FBXO11;KMT2C;EHMT1;NSD1;COMT;RNMT","GOMF","Sial_rPAL"
"GOMF_TRNA_SPECIFIC_RIBONUCLEASE_ACTIVITY",0.00576133450928035,0.121073713645786,0.407017918923954,0.762635837830153,1.7678567020575,10,"RPP38;RPP40;POP4;POP1;POP7;RPP30;RPP14","GOMF","rPAL"
"GOMF_TRANSLATION_FACTOR_ACTIVITY",0.00609634120305922,0.121073713645786,0.407017918923954,0.4665082663293,1.59105709307653,61,"EIF3C;EIF3A;EIF3M;EIF3B;EIF3F;EIF3I;EIF3L;DHX29;EIF3G;EIF3E;EIF4G1;EIF3H;EIF3D;EIF4G2;EIF3K","GOMF","rPAL"
"GOMF_SEQUENCE_SPECIFIC_DNA_BINDING",0.00616375956980946,0.121073713645786,0.407017918923954,-0.34705763861372,-1.38568184073264,293,"SFPQ;HNRNPD;DHX36;HNRNPU;ZNF579;REPIN1;HNRNPAB;ZNF787;YBX3;PURA;NCL;YBX1;UBP1;NSD2;ZC3H8;HMGA1;PIAS1;TFAM;XPA;CHTOP;KLF13;SUZ12;PURB;HNRNPA1;DHX9;RBMX;MAZ;MTA3;ZNF574;PATZ1;EEF1D;NKRF;TRPS1;HMGA2;FOXK2;MECP2;NFXL1;ZNF143;ZNF581;DHX33;HNRNPA2B1;CDK9;TERF2;KDM2B;MTF2;ZNF16;ZNF146;CCAR1;FOXJ3;ZBTB7A;XRCC5;THAP11;ZSCAN26;HNRNPL;MYBBP1A;DNMT1;TERF2IP;CDC5L;ZNF148;MBD4;KLF16;HSF1;YY1;GLI2;ZNF384;GFI1B;ZNF451;ZFP1;MTA1;SMG6;RFX5;NSD1;GATAD1;UHRF1;SMC3;SNAPC1;ZBTB10;MBD2;XRCC6;MEN1;ATF6;SP4;WRN;CBX4;EZH2;RNF10;ZNF512B;XRN2;ZKSCAN8;MCM10","GOMF","Sial_rPAL"
"GOMF_OXIDOREDUCTASE_ACTIVITY_ACTING_ON_THE_CH_CH_GROUP_OF_DONORS",0.00618387247115572,0.121073713645786,0.407017918923954,-0.713502931374665,-1.66917296447207,13,"LBR;DUS3L;DUS2;GCDH;DUS1L","GOMF","Sial_rPAL"
"GOMF_STRUCTURAL_CONSTITUENT_OF_RIBOSOME",0.00667090397270727,0.125622980175112,0.407017918923954,0.367120446552369,1.45085217995326,129,"RPL4;RPLP0;RPL12;RPL35A;RPL10A;RPL34;RPSA;RPL7A;RPL7;RPL6;RPL30;RPS3;RPS16;RPL27A;RPL5;RPL27;RPS5;RPS20;RPL8;RPL14;RPS12;RPL36;MRPL57;RPLP1;RPL32;RPL18;RPL23;RPL18A;RPS10;MRPS5","GOMF","rPAL"
"GOMF_SH3_DOMAIN_BINDING",0.00675392366532861,0.125622980175112,0.407017918923954,0.561466900980426,1.69104660760086,29,"EPS15;REPS1;ABI2;LYN;INPP5D;HCLS1;USP8;PTPN22;SH3BGRL","GOMF","rPAL"
"GOMF_HISTONE_DEACETYLASE_BINDING",0.00803224400568191,0.145755842444569,0.380730400722792,-0.520994361920241,-1.61234591520665,45,"SFPQ;HNRNPD;DHX36;HDAC3;PARP1;MTA3","GOMF","Sial_rPAL"
"GOMF_STRUCTURAL_MOLECULE_ACTIVITY",0.00912529620378533,0.16164810418134,0.380730400722792,0.308882949577049,1.3363358459,249,"PNN;EIF3A;RPL4;RPLP0;RPL12;RPL35A;RPL10A;RPL34;RPSA;ARPC5;RPL7A;RPL7;RPL6;CLTC;RPL30;RPS3;RPS16;RPL27A;RPL5;RPL27;RPS5;RPS20;RPL8;RPL14;SEC13;CLTA;RPS12;MYH11;RPL36;TUBB2A;MRPL57;RPLP1;RPL32;RPL18;SNTB1;RPL23;NUP98;EMILIN1;ACTC1;RPL18A;B2M;TPM4;TUBB4A;RPS10;MRPS5","GOMF","rPAL"
"GOMF_AMINO_ACID_BINDING",0.00940573766732658,0.162614997680411,0.380730400722792,-0.823145109294877,-1.66528412204162,7,"KARS1;RARS1","GOMF","Sial_rPAL"
"GOMF_MRNA_3_UTR_BINDING",0.00971512108607878,0.162614997680411,0.380730400722792,-0.47571403421386,-1.58968588446588,67,"IGF2BP2;CIRBP;HNRNPD;DHX36;FUS;HNRNPU;RC3H1;RBMS1;YBX3;ILF3;DDX5;HNRNPA0;HNRNPA1;DAZAP1;RSL1D1","GOMF","Sial_rPAL"
"GOMF_SULFUR_COMPOUND_BINDING",0.00983558453712163,0.162614997680411,0.380730400722792,-0.523882278403064,-1.60857548408519,43,"PC;PCCA;MCCC1;METTL17;GCDH;COL23A1;TFB1M;PRSS57;ZNF146;SPOUT1;DMBT1","GOMF","Sial_rPAL"
"GOMF_POLY_PYRIMIDINE_TRACT_BINDING",0.0101831316939104,0.164701086527594,0.380730400722792,-0.642017830052116,-1.63796580971453,19,"SSB;HNRNPU;RBMS1;PTBP1;IFIT5;DAZAP1;MSI2;KHDRBS1","GOMF","Sial_rPAL"
"GOMF_AP_2_ADAPTOR_COMPLEX_BINDING",0.0107170157046415,0.169648078388368,0.380730400722792,0.858993356589715,1.64667914210041,5,"AAK1;BMP2K;LMBRD1","GOMF","rPAL"
"GOMF_VITAMIN_BINDING",0.011331356815469,0.172942048001351,0.380730400722792,-0.570705996106695,-1.63136130992422,31,"PC;PCCA;MCCC1;PLOD1;ALKBH3;SGPL1","GOMF","Sial_rPAL"
"GOMF_TRANSLATION_REGULATOR_ACTIVITY",0.0113900004732073,0.172942048001351,0.380730400722792,-0.585762837729511,-1.61229634434236,26,"IGF2BP2;CIRBP;PURA;CYFIP1;PURB;TRIM71;PAIP1","GOMF","Sial_rPAL"
"GOMF_TRNA_GUANINE_METHYLTRANSFERASE_ACTIVITY",0.0120025551624845,0.17859802081777,0.380730400722792,-0.786730159261815,-1.63019599027717,8,"TRMT10A;TRMT1;TRMT10C;TRMT1L;TRMT5","GOMF","Sial_rPAL"
"GOMF_HYDROLASE_ACTIVITY_ACTING_ON_CARBON_NITROGEN_BUT_NOT_PEPTIDE_BONDS_IN_LINEAR_AMIDES",0.0135624346370136,0.197851987645845,0.380730400722792,-0.740974142223789,-1.59464232008968,10,"DARS1;HDAC3","GOMF","Sial_rPAL"
"GOMF_RNA_POLYMERASE_II_TRANSCRIPTION_REGULATORY_REGION_SEQUENCE_SPECIFIC_DNA_BINDING",0.0141855270946342,0.202962156892459,0.380730400722792,-0.378418085139295,-1.41701693059079,164,"DHX36;HNRNPU;REPIN1;YBX3;PURA;UBP1;ZC3H8;HMGA1;KLF13;SUZ12;PURB;DHX9;RBMX;MAZ;PATZ1;EEF1D;NKRF;TRPS1;HMGA2;FOXK2;NFXL1;ZNF143;ZNF581;CDK9;KDM2B;MTF2;ZNF16;ZNF146;CCAR1;FOXJ3;ZBTB7A;THAP11;ZSCAN26;MYBBP1A;CDC5L;ZNF148;KLF16;HSF1;YY1;GLI2;GFI1B;ZFP1;MTA1;RFX5;NSD1;ZBTB10;ATF6;SP4;EZH2;ZNF512B;ZKSCAN8;ZNF281;ATF2;WIZ;ELF1;MEF2C;MYPOP;GLI4;ADNP;CTCF;AGO1;EHMT2;ZBED3;UTY;TAF1;GATA2;E4F1;E2F3;SUB1;WT1;ZNF362;FOXK1;MEF2D","GOMF","Sial_rPAL"
"GOMF_PROTEASOME_BINDING",0.0152095862472253,0.20936701770079,0.380730400722792,0.705870119316848,1.60143700138656,9,"USP13","GOMF","rPAL"
"GOMF_MIRNA_BINDING",0.0156037177261974,0.20936701770079,0.380730400722792,-0.6161093777386,-1.66002892186096,23,"RC3H1;YBX1;DDX21;HNRNPA1;TRIM71;ZNF346;TUT7;HNRNPA2B1;SPOUT1;ZC3H7B;MATR3;RBM10;TARBP2;QKI;AGO2;AGO1","GOMF","Sial_rPAL"
"GOMF_RNA_POLYMERASE_I_TRANSCRIPTION_REGULATORY_REGION_SEQUENCE_SPECIFIC_DNA_BINDING",0.0160100847050055,0.20936701770079,0.352487857583619,0.753865993811131,1.64399100716866,8,"PIH1D1;SMARCB1;SMARCA4;BAZ2A","GOMF","rPAL"
"GOMF_HYDRO_LYASE_ACTIVITY",0.016348711405999,0.20936701770079,0.352487857583619,-0.674248859377549,-1.58134636723152,14,"HADHA;HADHB;HACD3","GOMF","Sial_rPAL"
"GOMF_LIPOPROTEIN_PARTICLE_RECEPTOR_BINDING",0.0164415583420714,0.20936701770079,0.352487857583619,0.71721815940697,1.66257454351016,10,"AP2M1;AP2A1;CLTC","GOMF","rPAL"
"GOMF_LOW_DENSITY_LIPOPROTEIN_PARTICLE_RECEPTOR_BINDING",0.0164415583420714,0.20936701770079,0.352487857583619,0.71721815940697,1.66257454351016,10,"AP2M1;AP2A1;CLTC","GOMF","rPAL"
"GOMF_SEQUENCE_SPECIFIC_MRNA_BINDING",0.0166030296294982,0.20936701770079,0.352487857583619,-0.728485943008913,-1.53320756358209,9,"SSB;DHX9","GOMF","Sial_rPAL"
"GOMF_METAL_DEPENDENT_DEUBIQUITINASE_ACTIVITY",0.0175221302949101,0.217274415656886,0.352487857583619,0.765164010301049,1.6131519676407,7,"EIF3F;EIF3H","GOMF","rPAL"
"GOMF_ENOYL_COA_HYDRATASE_ACTIVITY",0.0184665525052222,0.225231394489923,0.352487857583619,-0.798181212135242,-1.55346906703761,6,"HADHA;HADHB;HACD3","GOMF","Sial_rPAL"
"GOMF_MINOR_GROOVE_OF_ADENINE_THYMINE_RICH_DNA_BINDING",0.0202140685217302,0.242568822260762,0.352487857583619,-0.813376061077796,-1.51450691342456,5,"HNRNPD;HMGA1;HMGA2","GOMF","Sial_rPAL"
"GOMF_TRANSMEMBRANE_TRANSPORTER_BINDING",0.0209342547502368,0.24367618270679,0.352487857583619,0.468916125715458,1.54180551979245,42,"TCAF2;AP2M1;LYN;NEGR1;WWP2;BAG2;FLNA;GPD1L;MTOR;USP10;CHERP;PRKCSH;ACTN1;PPP1R9B;ITPR2;YWHAE;CRBN","GOMF","rPAL"
"GOMF_IRON_ION_BINDING",0.0209613920607991,0.24367618270679,0.352487857583619,-0.556243893923833,-1.53104625109434,26,"PLOD1;ALOX12B;ALKBH3;ALKBH8;FTL;CYP1B1;LCN2;DOHH;ABCE1;SCD;P4HA1;PPP1CA;PLOD3","GOMF","Sial_rPAL"
"GOMF_NADPH_BINDING",0.0220834905357649,0.252771030132447,0.352487857583619,-0.777487652258519,-1.57291567157414,7,"LBR;DUS2","GOMF","Sial_rPAL"
"GOMF_TRANSCRIPTION_COREGULATOR_ACTIVITY",0.0228217026240251,0.257262829579919,0.352487857583619,0.295813273401591,1.27840731540083,238,"PRMT5;HIRA;SMARCA2;IRF2BP1;SPEN;BUD31;SMARCD1;MED26;SAP18;WDR77;SMARCC2;NOC2L;SMARCD2;GPS2;ACTL6A;CABIN1;MED17;MED24;PHF12;BRD7;LIMD1;BCLAF1;CBFA2T3;SMARCB1;SMARCE1;TADA1;SETD5;TRIM22;MED14;SNW1;MED16;SMARCA4;CNOT7;AATF;UBE3A;SMARCC1;CPAP;CARM1;KDM5A;C1D;SIN3A;URI1;RNF20;TRIM27;TAF6L;NUP98;CREBBP;MED15;DAXX;IRF2BP2;TACC1;RUVBL1;MED11;TBL1XR1;SIN3B;RALY;TP53BP1","GOMF","rPAL"
"GOMF_CALCIUM_ION_BINDING",0.0234167649114351,0.2600309417031,0.352487857583619,0.366752959093315,1.37857653069418,102,"EPS15;EPS15L1;REPS1;ITSN2;C2CD5;GSN;ITPR1;RUNX1;RCN2;ANXA5;MCTP2;PCDH10;IQGAP1;TPM4;TUBB4A;CALML3;NIN;CHP1;PLCB4;S100A7;ATP2C1;MYL12B;PRKCSH;DSC3;EEF2K;ANXA6;SPTAN1;ACTN1","GOMF","rPAL"
"GOMF_RNA_EXONUCLEASE_ACTIVITY",0.0295909018487782,0.323759279051338,0.352487857583619,0.499039026108598,1.51686002099472,31,"EXOSC10;EXOSC4;EXOSC8;EXOSC7;EXOSC9;EXOSC5;CNOT7;EXOSC2;EXOSC3;EXOSC6;SUPV3L1;CNOT1","GOMF","rPAL"
"GOMF_INTRAMOLECULAR_TRANSFERASE_ACTIVITY",0.0344066680490092,0.370993638093664,0.321775918075361,-0.689270894276299,-1.50897334389529,11,"PUS1;PUS3;PUSL1;PUS7L","GOMF","Sial_rPAL"
"GOMF_KINASE_INHIBITOR_ACTIVITY",0.0354951768618086,0.371955309679777,0.321775918075361,-0.523244916489656,-1.49569396186293,31,"QARS1;DUS2;TAOK3;HSPB1;IBTK;RPTOR","GOMF","Sial_rPAL"
"GOMF_3_5_EXONUCLEASE_ACTIVITY",0.0359768620569636,0.371955309679777,0.321775918075361,0.473613753402139,1.47598777012701,33,"EXOSC10;EXOSC4;EXOSC7;EXOSC9;EXOSC5;CNOT7;EXOSC2;EXOSC3;SUPV3L1;CNOT1","GOMF","rPAL"
"GOMF_GUANYL_NUCLEOTIDE_EXCHANGE_FACTOR_ACTIVITY",0.035995675130301,0.371955309679777,0.321775918075361,0.409235724971729,1.41838339107522,65,"RAP1GDS1;ARHGEF2;ITSN2;RIC8A;PLEKHG4;MADD;PSD4;BCR;SBF2;EIF2B5;EIF2B1;SH2D3C;CCDC88C;EIF2B2","GOMF","rPAL"
"GOMF_NUCLEOSOME_BINDING",0.0377191317822987,0.380248209544881,0.321775918075361,0.406200939782349,1.37491992658378,55,"HIRA;SMARCC2;NOC2L;SMARCD2;ACTL6A;CABIN1;HNRNPC;SMARCB1;SMARCE1;SMARCA4;SMARCC1;SSRP1","GOMF","rPAL"
"GOMF_CELL_ADHESION_MOLECULE_BINDING",0.0378203864332274,0.380248209544881,0.321775918075361,0.293273844438733,1.25536308048993,219,"EPS15;EPS15L1;CLINT1;PDXDC1;NUMB;DHX29;EIF3E;RPL34;UBFD1;RPSA;LARP1;RPL7A;RPL6;TMOD3;LYN;NOP56;RPL14;CAPZA1;ITGB1BP1;FLNA;ADD1;EIF4G2;MPRIP;USP8;TMPO;VAPB;TNKS1BP1;ANLN;COBLL1;FLNB;VAPA;PCDH10;IQGAP1;EMILIN1;APC;RACK1","GOMF","rPAL"
"GOMF_RNA_ENDONUCLEASE_ACTIVITY_PRODUCING_5_PHOSPHOMONOESTERS_HYDROLYTIC_MECHANISM",0.0391764522079109,0.388630405902476,0.321775918075361,0.555446908862404,1.51424506971262,19,"RPP38;RPP40;POP4;POP1;POP7;RPP30;RPP14","GOMF","rPAL"
"GOMF_DNA_BINDING_TRANSCRIPTION_FACTOR_ACTIVITY",0.0398288174525938,0.389903160325392,0.321775918075361,-0.364097094980358,-1.34357673259241,149,"GPBP1L1;ZNF579;REPIN1;ZNF787;PURA;UBP1;ZC3H8;ZC3H4;ZNF592;KLF13;PURB;ZFP91;MAZ;PATZ1;NKRF;TRPS1;FOXK2;NFXL1;ZNF143;ZNF581;ZNF16;ZNF146;FOXJ3;ZNF292;ZBTB7A;THAP11;ZSCAN26;CDC5L;ZNF148;KLF16;HSF1;YY1;GLI2;GFI1B;ZNF451;ZFP1;RFX5;ZBTB10;ATF6;SP4;ZHX1;ZNF512B;ZKSCAN8;ZNF281;ATF2;WIZ;ELF1;MEF2C;GTF2I;MYPOP;GLI4;ADNP;ZNF407;CTCF;ZBED3;GATAD2A;GATA2;E4F1;E2F3;WT1;ZNF362;FOXK1;MEF2D;ZNF22","GOMF","Sial_rPAL"
"GOMF_UBIQUITIN_BINDING",0.0420593996312882,0.406392121112707,0.321775918075361,0.433675440781493,1.41152928249606,40,"EPS15;USP13;UBE2L6","GOMF","rPAL"
"GOMF_HYDROLASE_ACTIVITY_ACTING_ON_CARBON_NITROGEN_BUT_NOT_PEPTIDE_BONDS",0.0440917107583774,0.420567087233754,0.287857117255149,-0.526595210931017,-1.46294993006896,28,"DARS1;HDAC3;ADAR;ADARB1;APOBEC3C;AMPD2","GOMF","Sial_rPAL"
"GOMF_CARBON_OXYGEN_LYASE_ACTIVITY",0.0456974241343426,0.43036561463229,0.321775918075361,-0.571701633736276,-1.54037786303593,23,"HADHA;HADHB;HMGA1;HACD3;HMGA2;XRCC5;NTHL1;XRCC6;CYP1B1;HSD17B4;ECHS1;NEIL2;POLB;CDYL","GOMF","Sial_rPAL"
"GOMF_MRNA_METHYLTRANSFERASE_ACTIVITY",0.0471698113207547,0.438679245283019,0.287857117255149,-0.740975981656398,-1.53538803612328,8,"TRMT61A;NSUN2;METTL8;METTL16;NSUN4;RNMT;METTL1","GOMF","Sial_rPAL"
"GOMF_TRNA_PSEUDOURIDINE_SYNTHASE_ACTIVITY",0.048828125,0.44747393744988,0.287857117255149,-0.795557106645626,-1.48132800520619,5,"PUS1;PUS3;PUSL1","GOMF","Sial_rPAL"
"KEGG_AMINOACYL_TRNA_BIOSYNTHESIS",9.58733308646208e-10,3.95956856470884e-07,0.788186810800237,-0.837456294030138,-2.40996626793602,30,"NARS2;KARS1;RARS1;QARS1;IARS1;DARS1;MARS1;EPRS1;TARS3;FARS2;SARS2;NARS1;LARS1","KEGG","Sial_rPAL"
"KEGG_MEDICUS_REFERENCE_TRANSLATION_INITIATION",3.69984727574675e-07,7.64018462441703e-05,0.674962860011025,0.580579550064571,2.14001512335865,78,"RPL4;RPLP0;RPL12;RPL35A;RPL10A;RPL34;RPSA;RPL7A;RPL7;RPL6;RPL30;RPS3;RPS16;RPL27A;RPL5;RPL27;RPS5;RPS20;RPL8;RPL14;RPS12;RPL36;RPLP1;RPL32;RPL18;RPL23;RPL18A;RPS10","KEGG","rPAL"
"KEGG_RIBOSOME",1.04015063095539e-06,0.000143194070194858,0.643551836150722,0.562272393186011,2.09779248077645,83,"RPL4;RPLP0;RPL12;RPL35A;RPL10A;RPL34;RPSA;RPL7A;RPL7;RPL6;RPL30;RPS3;RPS16;RPL27A;RPL5;RPL27;RPS5;RPS20;RPL8;RPL14;RPS12;RPL36;RPLP1;RPL32;RPL18;RPL23;RPL18A;RPS10","KEGG","rPAL"
"KEGG_VALINE_LEUCINE_AND_ISOLEUCINE_DEGRADATION",1.57150286984303e-05,0.00162257671311292,0.575610261071129,-0.767617926909418,-2.12103494503345,24,"DBT;PCCA;MCCC2;PCCB;HADHA;HADHB;MCCC1","KEGG","Sial_rPAL"
"KEGG_MEDICUS_REFERENCE_ADRB3_UCP1_SIGNALING_PATHWAY",2.18046713019537e-05,0.00180106584954137,0.575610261071129,0.829183282234019,2.17105791454847,15,"SMARCA2;SMARCD1;SMARCC2;SMARCD2;ACTL6A;SMARCB1;SMARCE1;SMARCA4;SMARCC1","KEGG","rPAL"
"KEGG_PROPANOATE_METABOLISM",0.000140258061545496,0.0096544299030483,0.518848077743792,-0.805996398955123,-2.0259470966204,15,"PCCA;PCCB;HADHA;ACACA","KEGG","Sial_rPAL"
"KEGG_ENDOCYTOSIS",0.000365224621494968,0.0215482526682031,0.49849310876659,0.514040907767313,1.84238323187546,69,"EPS15;AP2S1;AP2A2;EEA1;AP2B1;AP2M1;AP2A1;CLTC;PSD4;CLTA;USP8;RAB11FIP1;VTA1;CHMP6;VPS4A;ACAP1","KEGG","rPAL"
"KEGG_MEDICUS_REFERENCE_GENE_SILENCING_BY_METHYLATION_OF_H3K27_AND_UBIQUITINATION_OF_H2AK119",0.00642295890011918,0.331585253218653,0.407017918923954,-0.657794654739774,-1.75765498130772,20,"JARID2;BMI1;RNF2;SUZ12;CBX2;PHC2;MTF2;RING1;PHF19;EED;CBX4;EZH2;ELOC","KEGG","Sial_rPAL"
"KEGG_PYRUVATE_METABOLISM",0.0120296985563309,0.552029500418294,0.380730400722792,-0.634962061092049,-1.69664533084625,20,"PC;ACACA","KEGG","Sial_rPAL"
"KEGG_RNA_DEGRADATION",0.0189162034549639,0.715847021551131,0.352487857583619,0.445261471989784,1.48254817895611,46,"EXOSC10;EXOSC4;EXOSC8;EXOSC7;EXOSC9;DCP1A;EXOSC5;EDC4;CNOT7;EXOSC2;C1D;EDC3;EXOSC3;EXOSC6","KEGG","rPAL"
"KEGG_VALINE_LEUCINE_AND_ISOLEUCINE_BIOSYNTHESIS",0.0190661434311439,0.715847021551131,0.352487857583619,-0.752348884262381,-1.58746444734164,8,"IARS1;LARS1","KEGG","Sial_rPAL"
"KEGG_MEDICUS_REFERENCE_MICROTUBULE_RHOA_SIGNALING_PATHWAY",0.0241632340252796,0.831617971036707,0.352487857583619,0.707310467057926,1.65285868291087,10,"ARHGEF2;TUBB2A;TUBB4A","KEGG","rPAL"
"KEGG_MEDICUS_REFERENCE_BLOCKING_UBIQUITINATION_OF_H2AK119_BY_CK2",0.032546899901595,0.928539940045847,0.321775918075361,-0.799727842199671,-1.57426090658677,6,"CSNK2A1;CSNK2A2;RNF2;RING1;CSNK2B","KEGG","Sial_rPAL"
"KEGG_MEDICUS_REFERENCE_GLYCOGEN_DEGRADATION",0.0352267133751391,0.928539940045847,0.321775918075361,0.823158680189063,1.54656035084743,5,"AGL","KEGG","rPAL"
"KEGG_HUNTINGTONS_DISEASE",0.0358005766201096,0.928539940045847,0.321775918075361,0.373307431039352,1.39107193873045,81,"AP2S1;AP2A2;AP2B1;AP2M1;AP2A1;CLTC;ITPR1;CLTA;SIN3A;POLR2B;POLR2C;CREBBP;MT-CO2;VDAC2;PLCB4;SLC25A4;CASP3;CYCS;POLR2A;POLR2J;NDUFB10;REST","KEGG","rPAL"
"KEGG_MISMATCH_REPAIR",0.0365284005935575,0.928539940045847,0.321775918075361,0.588036471102422,1.58681595322476,18,"RPA1;SSBP1;RPA2;RFC4;LIG1;RFC2;RFC1;RFC5","KEGG","rPAL"
"KEGG_MEDICUS_VARIANT_MUTATION_CAUSED_ABERRANT_ABETA_TO_ANTEROGRADE_AXONAL_TRANSPORT",0.0400410820402666,0.928539940045847,0.321775918075361,0.708406566168617,1.52381199778217,8,"CDK5;TUBB2A;TUBB4A","KEGG","rPAL"
"KEGG_MEDICUS_ENV_FACTOR_IRON_TO_ANTEROGRADE_AXONAL_TRANSPORT",0.0433068439217354,0.928539940045847,0.321775918075361,0.725860024067701,1.51839428646595,7,"CDK5;TUBB2A;TUBB4A","KEGG","rPAL"
