"logFC","AveExpr","t","P.Value","adj.P.Val","B","Protein"
-1.4127786748294,20.0064191628716,-21.9776235604449,4.52684084357814e-07,0.00170661899802896,6.63018703571961,"NONO"
-1.45898841632366,19.6201489202479,-19.3655322734328,9.74870287504457e-07,0.0018376304919459,6.11538420325886,"SFPQ"
-1.65431204953781,17.5961900617222,-15.6937272104253,3.46491553002847e-06,0.00435424384940244,5.15088307542077,"NARS2"
-1.02461717010159,18.8451664198255,-13.9692659594762,6.96020056680616e-06,0.00655998903421481,4.56560745847243,"MRTO4"
-1.5382170816256,20.1107474481074,-13.5492227229122,9.38904981819151e-06,0.00706301761562475,4.30320847973741,"KARS1"
-1.35734545601037,20.0323529688927,-13.036888670071,1.12408768418431e-05,0.00706301761562475,4.14412684510437,"RARS1"
-1.45633584220689,19.9511579903902,-12.6952815929889,1.37584446101286e-05,0.00717198728870088,3.96358376855257,"QARS1"
-1.31182665959974,20.0567823383082,-12.1483423322639,1.74755255839232e-05,0.00717198728870088,3.74545768003953,"AIMP1"
1.10962750025774,20.1698470101138,11.8015945327424,1.98786222191953e-05,0.00717198728870088,3.62465306406389,"EPS15"
-1.34389003874497,16.2292797068585,-11.3590106699262,2.3768244078402e-05,0.00717198728870088,3.45484275413651,"TOX"
-0.616703241161229,22.3160413592714,-11.1905465478207,2.59552630011457e-05,0.00717198728870088,3.37177920826266,"EIF2S1"
-1.34486076844657,19.7761126159425,-11.3750556251943,2.61153941043137e-05,0.00717198728870088,3.37312971014135,"IARS1"
0.694499021035927,18.4334624860326,11.1236479812199,2.68876644127129e-05,0.00717198728870088,3.33835745602667,"EIF3C"
-4.50622671272708,16.5647947504132,-11.274491064665,2.74983857100274e-05,0.00717198728870088,3.32453391140669,"IFITM1"
-1.23481342964599,20.0266794225476,-11.2028295626557,2.85357584431069e-05,0.00717198728870088,3.28956921192617,"DARS1"
0.581988047212157,19.3843168145198,10.8858770778183,3.0529741066845e-05,0.00719357023887535,3.21751411657807,"EIF4A3"
0.789165173130662,17.718020710947,10.7015320153118,3.37489405902687e-05,0.00727098230444052,3.1215609196171,"AAK1"
-1.37814761606526,19.8719787674463,-10.81643269213,3.49757528671107e-05,0.00727098230444052,3.09609061276587,"EEF1E1"
-0.564457461280206,19.4940493306441,-10.5239559797678,3.72262698153951e-05,0.00727098230444052,3.02720522523324,"IGF2BP2"
-0.639224094415759,18.4979161038838,-10.4509406005539,3.87749347737845e-05,0.00727098230444052,2.98784777301677,"ZFR"
-1.00592208925351,17.1202106055509,-10.1816145409911,4.51678152048362e-05,0.00727098230444052,2.83977282909173,"CIRBP"
-3.10479955591577,17.5061542217291,-10.3303989202117,4.56167024798421e-05,0.00727098230444052,2.84028499466728,"DBT"
-0.725668589072946,17.0778164317702,-10.1597220234393,4.57389272513266e-05,0.00727098230444052,2.82753203870087,"YTHDC2"
0.997527239382507,17.5900550341682,10.088205491325,4.76635349701091e-05,0.00727098230444052,2.78732678057867,"EPS15L1"
-1.16561765515008,18.7859490323184,-10.2221135075339,4.84724706747267e-05,0.00727098230444052,2.78130955852115,"MARS1"
1.00014562380725,16.5077069757693,9.99570364255896,5.0293204848787e-05,0.00727098230444052,2.73482375048371,"CLINT1"
-0.621223039023562,22.677327402519,-9.93619846883085,5.20733480689374e-05,0.00727098230444052,2.70074756002394,"PC"
-0.510812813173942,20.2057267586658,-9.63237803437578,6.23780277989481e-05,0.00749035819636008,2.52299071432349,"SSB"
-1.40786614824085,19.5752008048357,-9.7675191293769,6.29549632322466e-05,0.00749035819636008,2.52539871103357,"EPRS1"
0.592319536472271,18.4082834401477,9.61662019220274,6.29736330716827e-05,0.00749035819636008,2.5135957250285,"UBN1"
-0.577373844759258,20.7907604686516,-9.58191177528628,6.4308809637873e-05,0.00749035819636008,2.49284000490493,"DDX28"
0.542003439400698,19.9957130181352,9.56966590272402,6.47876605907547e-05,0.00749035819636008,2.48549645558024,"PNN"
0.520316343974457,19.1490544454172,9.53712219350338,6.60803378902859e-05,0.00749035819636008,2.4659286368725,"RIOK1"
-0.546726251359949,18.5081665459657,-9.4826210834359,6.83124164515307e-05,0.00749035819636008,2.43298766733763,"LSM14A"
0.603373134702746,18.0246943225674,9.45353553311706,6.95391344489663e-05,0.00749035819636008,2.41532009943286,"EIF3A"
-0.869666279049106,21.6107566086465,-9.36474413986638,7.37231824602188e-05,0.00761212945574429,2.35776079652707,"HNRNPD"
-0.89343630467312,20.0207031646332,-9.36404340269214,7.66378222502906e-05,0.00761212945574429,2.32455880658341,"ALYREF"
-0.870615306188373,20.1038090301091,-9.34595016265431,7.67270343019318e-05,0.00761212945574429,2.321994217997,"MRPL11"
-0.611773564977778,17.4093055289466,-9.13329538608208,8.48705032844867e-05,0.00815639895061286,2.21665707589805,"YTHDF1"
3.57621033996464,14.255204121883,9.15232763824422,8.65400419163168e-05,0.00815639895061286,2.20184318268463,"USP13"
-0.568142716564708,17.5214563221347,-8.97977142980635,9.3581661211594e-05,0.00860494787238315,2.11865277675918,"CAVIN2"
-0.8953588511181,18.0062603580137,-8.92712034997104,9.76164717877828e-05,0.00876224044380812,2.07751319750582,"PDIA5"
0.863157955089363,17.6247763418676,8.87063723347552,0.000100402376571203,0.00880271999240548,2.04786073364951,"CDC42BPA"
0.595087912484527,19.8839098304758,8.79062339835888,0.000105767958376319,0.00906239097906189,1.99535317345354,"RBM8A"
-0.607156274143978,17.1985272751042,-8.74709807614583,0.000108825048650895,0.00911712074253055,1.96657278633377,"RBM26"
0.536324503960614,18.5322269550916,8.69270997080347,0.000112789216457311,0.00912688193031352,1.93039181405896,"EIF3M"
-1.22474999158794,20.9761809975777,-8.80425892512083,0.000113783408680301,0.00912688193031352,1.93491706656447,"HNRNPUL1"
0.62671865022655,19.2393234474486,8.58285125897666,0.00012131472453199,0.00925802933925637,1.85656338942183,"AP2S1"
1.1780231198202,15.1695743450122,8.54829618661453,0.000124148088356662,0.00925802933925637,1.83313261816869,"PDPR"
0.593418079014512,18.0695941116028,8.51261484764649,0.000127154052939731,0.00925802933925637,1.80883229280279,"NOP2"
-0.566254353456554,18.9226686345723,-8.50875272253664,0.000127484413109099,0.00925802933925637,1.80619556317449,"SCAF4"
0.551465653785908,19.1353286106056,8.5062740382677,0.000127696956403536,0.00925802933925637,1.80450266072557,"AP2A2"
-0.609073882781313,18.8652588330677,-8.4264875565428,0.000134761449435546,0.00958586159192469,1.74972933269729,"CMSS1"
-0.87526693527596,17.9979719326837,-8.42495371683684,0.000138885061377503,0.00960360604269603,1.72417601187226,"KRR1"
-0.562420151461613,20.5458229157344,-8.3692632025252,0.00014010565844782,0.00960360604269603,1.71010729813864,"SYNCRIP"
-0.801407944036029,17.6680759552385,-8.32704524694842,0.000144204972075816,0.00967665687217985,1.68069307963172,"PUS1"
-0.584990618974746,20.8725866064473,-8.30595010027661,0.000146304891701393,0.00967665687217985,1.66593712649436,"MCCC2"
-1.28803163791082,20.3448572012014,-8.39474811243854,0.000148905948455271,0.0096788866495926,1.66197274463142,"PCCA"
-0.476998811830178,17.7489313909164,-8.22356147552001,0.000154850305775853,0.00989467208093159,1.60793029778715,"TRIM25"
-0.533896006507199,18.6743457797506,-8.15848232809942,0.000162007647074813,0.0101794804912008,1.56168272678159,"DNAJC21"
0.582796292552786,18.8135244218154,8.0266758676593,0.000177701667835492,0.0109825457006525,1.46684140181291,"ARHGEF2"
-0.596472830988361,22.4895438058883,-7.96719815210953,0.000185351256274987,0.0112705521960758,1.42352158578599,"EIF2S3"
-0.592165484917949,20.9209056972409,-7.92578645814945,0.000190901020259282,0.0114237594663094,1.39316544977169,"EIF2S2"
0.69207843534377,17.8703518523506,7.84987163472488,0.000201578271069378,0.0118742200301806,1.33709861710454,"EIF3B"
0.408848470447538,21.4870543979232,7.7995208433999,0.000209038590404399,0.0121242382434551,1.29961030470378,"SRRM2"
0.552569470881092,21.1090021884897,7.70693669227893,0.0002236002058191,0.0127723147869395,1.23004141390642,"RPL4"
-1.47228071061307,18.892257081966,-7.71571239616028,0.000238726141197236,0.0134327992882624,1.17710082434418,"PCCB"
-1.53408702885093,19.2529422169986,-7.66667534744821,0.000247336093341345,0.0136354204126013,1.1404225108197,"AIMP2"
-0.397353427891492,18.6359304736085,-7.55128457545171,0.000250789153918144,0.0136354204126013,1.1111934119254,"ZC3HAV1"
0.978331853564057,16.1888392564589,7.53854571494253,0.00025317756734273,0.0136354204126013,1.10136021922301,"TCAF2"
0.556478296049558,20.2236377706356,7.50048468726012,0.00026047069038428,0.0136670544808054,1.07188362682051,"RPLP0"
0.478048529523928,20.8643828237014,7.49169217651381,0.000262189588602881,0.0136670544808054,1.06505345727547,"AP2B1"
-0.586538017029095,18.8743687447991,-7.47926864580858,0.000264640577479786,0.0136670544808054,1.05538932512634,"TRMT10A"
0.719300905954164,17.5773522540204,7.43201103365686,0.000274207171638987,0.0136834811377263,1.01848498325255,"Unannotated_2301"
-0.587683563378516,19.1535617964793,-7.42555655497709,0.000275544339893575,0.0136834811377263,1.01342689892893,"DHX36"
-0.964081588335413,15.5366561661951,-7.4240988545649,0.000275847365110662,0.0136834811377263,1.01228397527984,"TARS3"
0.71905295669244,17.1488514183248,7.36819323532666,0.000287762742730658,0.0140128245653251,0.968286147153314,"EIF3F"
-0.459481864219008,19.7176625482038,-7.35835344369376,0.000289920508248105,0.0140128245653251,0.960508899651132,"HNRNPR"
0.463337453554967,17.4654698317693,7.29101278896022,0.000305195903929772,0.0145644121242435,0.907014006528447,"EXOSC10"
0.511700670125087,18.0087411162994,7.21290437721411,0.000324083311849488,0.0148669584649433,0.844370512620539,"C8orf33"
-0.756268026453778,17.2236238907434,-7.20675511926602,0.000325626319779835,0.0148669584649433,0.839411402458841,"TRMT6"
-0.459559735576654,18.8172469369357,-7.20110329058229,0.000327051942450227,0.0148669584649433,0.834849906940363,"DDX6"
0.544877384329929,19.556989207998,7.20008445284302,0.000327309695647294,0.0148669584649433,0.834027259166429,"PRMT5"
-0.460433061546766,20.6713343666157,-7.17295462673204,0.000334259632649609,0.0150018906558218,0.812080974537747,"HADHA"
-1.07033393201079,15.1723606125446,-7.12269413010384,0.000347586947726919,0.015416503446241,0.771215503565903,"FARS2"
0.479878551541752,20.4846881658816,7.04742203109181,0.00036870201346102,0.0159800436885781,0.709504127011962,"REPS1"
0.823776677864615,16.7299365173499,7.04601602382619,0.000369110177530803,0.0159800436885781,0.708345563289648,"CHLSN"
0.453246482330822,18.6565611322656,7.01464484115112,0.000378353282552278,0.0159800436885781,0.682439192198312,"HIRA"
-0.537762671477541,17.6135352745021,-7.009625482215,0.000379856648355243,0.0159800436885781,0.678284191206334,"LSM14B"
0.459175671602996,20.813433829665,7.00420961839402,0.000381486454103987,0.0159800436885781,0.673797861840427,"AP2M1"
0.539827624845351,19.8863601469512,6.97128673712946,0.000391568099741699,0.016222106989299,0.64645610705174,"RPL12"
-0.360092044234992,18.5917593510947,-6.94473483295306,0.000399921510067952,0.0162971700599729,0.624318055171552,"SDAD1"
-0.658540279965873,19.2017945352675,-6.97416721055281,0.000402025680524531,0.0162971700599729,0.625573548694533,"FUS"
-0.625230505493843,16.6810349214322,-6.88971523657931,0.000417889164062053,0.0166418856936518,0.578195015407563,"NXF1"
-0.400699123665124,19.0986158658893,-6.87508943495605,0.000422819845754325,0.0166418856936518,0.56587720972458,"PSIP1"
-0.541870045549352,17.9141626999974,-6.87228711676387,0.000423772155594317,0.0166418856936518,0.563514363219936,"PRRC2C"
-0.50868761234625,20.9675060793194,-6.83385393677647,0.000437083834833215,0.0169655846911935,0.531019159525806,"HNRNPU"
0.619587709984103,18.1514225983539,6.82275919211994,0.00044101519886922,0.0169655846911935,0.521607518371163,"EBNA1BP2"
0.446491119903438,18.1771944142414,6.74024077759035,0.000471559104747417,0.0179573517666441,0.451167596924123,"UPF1"
-0.478606574060287,18.8942773622354,-6.62209124946195,0.000519603006069567,0.0195890333288227,0.348945887273425,"PRRC2A"
-1.07496666958418,15.6296995023308,-6.58527393821561,0.000535701453049442,0.0199959849306574,0.316758740405672,"NAGK"
-0.423802783426645,18.0578267929301,-6.52319746718283,0.000564153556348341,0.0206887300988614,0.262126103393746,"CPNE2"
0.484590984524733,18.6143325888784,6.51214627432543,0.000569397933956629,0.0206887300988614,0.252352028617881,"ZC3H14"
-0.597145198761407,20.1520422321858,-6.51945620095818,0.000574556154112176,0.0206887300988614,0.246697878321071,"ACACA"
0.392541472916346,21.0318248664216,6.49796132143592,0.000576211315750781,0.0206887300988614,0.239784943874754,"AP2A1"
0.34553039530833,18.9992426686799,6.48184838193426,0.000584064070614421,0.0207728447756261,0.225480518464085,"SMARCA2"
-0.858244087561605,15.4250863049506,-6.4250554991943,0.000612734165836962,0.0215888579925733,0.174812757635742,"ZNF579"
-0.559636626295308,17.7635459287992,-6.36363594785247,0.000645565409924574,0.0223078363125307,0.11957686179522,"ATP5MF"
0.608405019391213,19.6475633009416,6.39283684912015,0.000648067106545824,0.0223078363125307,0.123006113019128,"MAGOH"
-0.45950398043605,19.7093546358615,-6.33193791788902,0.00066329270108665,0.0223078363125307,0.0908895987214056,"DHX30"
0.564332568260522,16.3889691827499,6.32809891319957,0.000665477186003764,0.0223078363125307,0.0874068429275257,"ZNF326"
-0.806363608290482,19.5557899899141,-6.39380946740113,0.000666966354936437,0.0223078363125307,0.100337170469829,"LRRC59"
-0.603644418319025,16.792534602637,-6.32256014446022,0.000668643369579834,0.0223078363125307,0.0823788547079083,"REPIN1"
-0.464359210315926,20.3157388789555,-6.30711365609685,0.000677564472252551,0.0224071759683519,0.0683368199672802,"HADHB"
0.348706884698853,17.9860712045784,6.28064308531152,0.000693170407571052,0.0227239342308075,0.0442043857144485,"SRRT"
0.378917237412775,19.4348887287915,6.24791054024483,0.000713038744705472,0.0231737592029278,0.0142426705975662,"NUMB"
-0.402913336866263,17.8266242645996,-6.2239831509594,0.000727974004542173,0.0233188964644855,-0.00774388481946264,"LBR"
0.595864760878879,17.6465038145319,6.20553426139893,0.000739733618183811,0.0233188964644855,-0.0247453273728109,"FAM133B"
-1.086148638023,19.8545651416668,-6.2692244285749,0.000741049207601569,0.0233188964644855,-0.0113614091656036,"HNRNPAB"
-0.441574896860608,17.5215067971751,-6.20163606930918,0.000742246041309884,0.0233188964644855,-0.0283431529878895,"CYFIP2"
0.592721236187693,16.7651182634675,6.18450498292184,0.000753403238416748,0.0234738033787697,-0.0441769303366844,"EIF3I"
-0.759599722124641,16.3243217247905,-6.16337605831923,0.000767428662831827,0.0237148037612786,-0.0637568252044938,"RC3H1"
0.334953750781558,19.0237266977583,6.15274770336763,0.000774596243545123,0.0237416897411798,-0.0736273439661357,"SF3A1"
0.526807512259264,19.9576445258626,6.1406426456335,0.000782852879312449,0.0238012528629672,-0.0848867306708136,"SON"
-0.877777447150851,18.1940603064136,-6.14580044693644,0.000823869294736521,0.0248478979292535,-0.123913492765985,"CCDC124"
-0.412162243345456,20.617548739909,-6.06783891829539,0.000834680704663681,0.0249741766395403,-0.152998538388268,"MCCC1"
-0.692349664132038,16.7808886592604,-6.03907758333415,0.000856225364668934,0.0254170836598573,-0.18009374905871,"ZCRB1"
0.623474518503802,18.1954926382006,6.0406037323619,0.000878308319302552,0.0256586793350706,-0.199708946506316,"EIF3L"
-0.970129810027696,16.7034618642096,-6.04578082474576,0.000879027996297774,0.0256586793350706,-0.199078049798501,"ZNF787"
-0.402993285361067,19.4448609713482,-6.00220187643936,0.000884782046036917,0.0256586793350706,-0.214989731762367,"CAPRIN1"
-0.444598371615452,18.9764106529864,-5.9658496071367,0.000914000572378029,0.0260952235785997,-0.249563392790543,"YBX3"
-1.01666807636445,17.1275687874201,-6.02255654612975,0.000917295793608894,0.0260952235785997,-0.238221836488591,"TRMT61A"
-0.400632154001666,20.1015070838574,-5.95003070680378,0.000927057365822292,0.0260952235785997,-0.264662214221538,"G3BP2"
0.437729096406997,17.9453773330091,5.94947182294662,0.000927522535684975,0.0260952235785997,-0.265196256985408,"KEAP1"
-0.774007291084658,17.605926625753,-5.9764392842045,0.000943897838401787,0.0262655939819157,-0.272085236366506,"RBMS1"
-0.457193899942837,18.0106146033874,-5.92575222619634,0.000947512143644706,0.0262655939819157,-0.287899362764387,"PURA"
0.503195940067656,18.5601119718902,5.90955695081083,0.000961442607615741,0.026440310064185,-0.303443108613071,"RPL35A"
0.515364732983763,16.3779952463762,5.89985582861747,0.000969898753161706,0.026440310064185,-0.31277052245613,"DHX29"
-0.795521742440286,16.2623380151638,-5.89027724293333,0.000978331292504402,0.026440310064185,-0.32199231876951,"QPCTL"
0.571661297863686,16.1337986398924,5.87929676700886,0.000988100887000467,0.026440310064185,-0.332578722259941,"ITSN2"
-0.553686785876753,21.4853385564271,-5.88917741910699,0.000988881623090209,0.026440310064185,-0.330640891005784,"ILF3"
-0.544144884695545,17.0742530460962,-5.85501696863096,0.00101010020051165,0.0265148176198715,-0.356043928446837,"SLC4A1AP"
-0.43879321882077,23.5236449665149,-5.85262993703495,0.00101229297634971,0.0265148176198715,-0.35835510411336,"NCL"
0.323498114861316,18.2043417479219,5.85211407504126,0.00101276756956538,0.0265148176198715,-0.358854672502907,"EIF4G1"
0.677186010161844,17.1524894778,5.84217624540987,0.00102196000707301,0.0265709601838983,-0.368485530794276,"EIF3E"
0.387158070413506,17.7940323368704,5.81950788908073,0.00104328576177521,0.0269030852553736,-0.390502977193202,"TMED2"
-0.412414417323795,18.5297207226732,-5.80731346226691,0.00105496723378577,0.0269030852553736,-0.40237566751176,"DDX50"
0.700817564737577,18.1598641289334,5.86367151052457,0.00105614233893774,0.0269030852553736,-0.388482229681754,"EIF3G"
-0.903502780852708,15.2568177411695,-5.78464854293176,0.00107707646437718,0.0272522031590736,-0.42449557131395,"RC3H2"
-0.419806042359948,18.0567398606648,-5.76472507627132,0.00109694772725095,0.0275699528782405,-0.4439969953345,"SARS2"
-0.439238640350208,18.0839230180577,-5.71617383238515,0.00114714280786878,0.0286405853355318,-0.491744334678477,"GRSF1"
0.49672704423109,20.1354465993341,5.70102835759916,0.00116333199520965,0.0288536948811866,-0.506704473518251,"RPL10A"
-0.415812200674399,19.2135985146331,-5.6234079835605,0.00125048989506068,0.0306666423067935,-0.583866910023874,"STAU1"
-0.512757946856709,22.1788342513962,-5.6215240517812,0.00125269573348706,0.0306666423067935,-0.585750007606603,"YBX1"
0.351063306051142,17.9339778707835,5.58688924851055,0.0012940470924977,0.0314745647659118,-0.62045677573261,"BICRA"
-0.543417503302223,18.5810544464589,-5.53876685319162,0.00138480702478939,0.0334661697657435,-0.686122619558047,"NARS1"
1.31510557016786,14.8763018862729,5.5023658086963,0.00140163528116014,0.0335910763318833,-0.705855102983862,"SPEN"
-0.320157448915538,20.8395628609262,-5.49775090869209,0.00140779577199935,0.0335910763318833,-0.710546501537866,"DDX5"
-0.415805632569743,17.0653547483588,-5.47303128700437,0.0014413222833629,0.0341747484797368,-0.735726805133416,"SPATS2"
-0.396766303627594,18.1114440979359,-5.46452899976056,0.00145306248916332,0.0342377849009107,-0.744407413035069,"B3GALT6"
-0.404272749003002,19.292583310922,-5.45218999815909,0.00147029413859204,0.0344286267235527,-0.757023332001237,"U2AF1"
0.537019171545737,17.6495920996609,5.44292694778366,0.00148338263755988,0.0345206947135849,-0.766508393547653,"STON2"
0.447152038429032,18.7679033418979,5.39671997666802,0.00155067941177415,0.0358654072539174,-0.814004328728563,"ACIN1"
0.388989738109444,20.3190099983187,5.36363200553223,0.00160099911920329,0.0366164742775051,-0.848201852063097,"PGAM5"
-0.291775195725261,19.9680264521705,-5.36261310354072,0.00160257778668126,0.0366164742775051,-0.849257401170788,"GTF3C2"
0.687327116590613,16.0923625425677,5.33997284513515,0.00163811572124552,0.0371499210000346,-0.872750288841253,"BUD31"
-0.378197582482258,18.1268526538002,-5.32288034012564,0.00166553786112911,0.0371499210000346,-0.890535169579412,"CSNK2A1"
-0.600865372228562,20.3411199914899,-5.37041253637201,0.00166665673029222,0.0371499210000346,-0.876606569549262,"SNRNP70"
-0.809463980949356,15.8689170163819,-5.32125552833871,0.00166817158448557,0.0371499210000346,-0.892227982190072,"MRM1"
0.397064707484702,20.6838057489287,5.31239848751275,0.00168261160521605,0.0371499210000346,-0.901462377605283,"PAG1"
-0.530559415521157,22.323208977708,-5.33205660127836,0.00168504946711032,0.0371499210000346,-0.896535523267866,"RRBP1"
-0.440272517540787,17.6038904475502,-5.29263829568746,0.00171534110945939,0.0375978836201274,-0.922105159118191,"YTHDF2"
0.295387420225556,18.6284420526829,5.28251434999281,0.0017323889321812,0.0377520593891509,-0.932703106516411,"SMARCD1"
-0.388784058964234,17.2932532253924,-5.2722777163418,0.00174982201527932,0.0378179845242355,-0.943434072586005,"SDCBP"
-0.399439733174987,16.7393997945819,-5.26898209149662,0.00175547673520987,0.0378179845242355,-0.946892069475386,"STRBP"
-0.341299290915533,17.3315380383979,-5.26292182427266,0.00176592923659607,0.0378270069429953,-0.953255022888814,"NSD2"
-0.534762845425096,16.4756397193631,-5.24592696283243,0.00179561945439405,0.0382456799043253,-0.971127095928805,"CYFIP1"
0.440922963735638,19.3841745887507,5.21403596341971,0.00185287260245878,0.0392434253442113,-1.00477739935354,"RALBP1"
-0.418495950298144,17.9763022485476,-5.20149233894076,0.00187595625565896,0.0395103635968395,-1.01805358576057,"USP6NL"
-0.460729861268522,16.4910319247699,-5.19197321187023,0.00189369145612043,0.0395454968047891,-1.02814396494387,"EXOG"
0.862623813589812,15.6491599767378,5.1893546213581,0.00189860342749783,0.0395454968047891,-1.03092202113463,"PHOX2B"
-0.679958308254328,16.5389074538476,-5.17047783119927,0.00193444254188124,0.0399512652781125,-1.05097803602949,"LARS1"
-0.438559649339155,16.3863878601454,-5.16796081356786,0.00193927892464047,0.0399512652781125,-1.0536562326361,"NT5C2"
0.400331605330184,18.8127367383558,5.14637198615795,0.00198132818062605,0.0405956915269577,-1.07666567920945,"RPL34"
0.576839363970471,17.4898426522147,5.13168898558814,0.00201651660640099,0.0410933384115228,-1.09457915784251,"AP1B1"
-0.45789653903477,20.3929316852821,-5.1230222626203,0.00202934905374236,0.0411325050140253,-1.10213519041378,"LUC7L"
-0.775155196426976,18.2508407312543,-5.12496946478745,0.00211475624994731,0.042634390707494,-1.13224431906214,"TBC1D10C"
-0.453047714443368,19.1874987115648,-5.07058978013426,0.00213907126179315,0.0428952056221286,-1.15858914089675,"FAM32A"
0.471512094474445,17.4820810235854,5.05442963865931,0.00217234609467003,0.0432717185380678,-1.17542715214447,"CCDC9"
-0.549439799539964,17.6477961475721,-5.05552227824954,0.00218080279104321,0.0432717185380678,-1.17794886868962,"TRMT1"
0.366945186174501,21.3282235896278,5.00081250473176,0.00229331520584113,0.044863309583342,-1.23359960848215,"RPSA"
-0.463918189088954,16.6477980360554,-5.00033422347734,0.00229442801889148,0.044863309583342,-1.23412045348292,"ANKZF1"
0.408293201747494,17.9219623337722,4.99935174911726,0.00229671584869629,0.044863309583342,-1.23519046852041,"C2CD5"
0.513864599143385,16.8253735068326,4.97653400925545,0.0023505822315101,0.0456788402721292,-1.26008192338327,"EIF3H"
0.332791167438817,17.8025681484836,4.97122409405228,0.00236332130518032,0.0456908785668195,-1.26588559097565,"RPP38"
0.421536877309812,18.5369041991763,4.94665223437921,0.00242329660092598,0.0466113682933211,-1.2927973663917,"ARID2"
-0.74115991116502,16.9989613976498,-4.96246695564346,0.00244790148892295,0.0468456274783733,-1.2948135091948,"NDUFAF4"
0.347047344834269,19.3271523909543,4.91766891954065,0.00249626059272277,0.04752981027558,-1.32465731196093,"LARP1"
0.268570164352123,18.8126902023294,4.90568332742188,0.00252715620158341,0.0478762757787411,-1.33786946469434,"MED26"
0.32788183553804,18.2326847729441,4.89416005087268,0.00255726768687538,0.0480478611085664,-1.35059242469494,"THOC5"
-0.583394061855302,16.6803756253995,-4.89247568478294,0.00256170293974054,0.0480478611085664,-1.35245382891064,"SPTY2D1"
-0.286360315416918,19.1614957318337,-4.87361830143228,0.00261195524823573,0.0487478776527164,-1.37332252331167,"NSUN2"
0.407626781583751,18.5459844824912,4.86254403020911,0.00264198470338856,0.0490654302057875,-1.38560304157368,"ARPC5"
0.334619840831788,19.3055741186559,4.85703615669758,0.0026570650075829,0.0491036033264096,-1.3917177682496,"PBRM1"
0.411128246654719,16.9845845219369,4.83183610884576,0.00272731174780685,0.0500165500473555,-1.41975301991194,"RBM34"
0.492458596392357,16.5623898991198,4.82982771054767,0.0027329998169112,0.0500165500473555,-1.42199152690224,"NECAP2"
0.275245457864269,21.3483429979135,4.81887055643581,0.00276426863903178,0.0503444095128011,-1.43421487413303,"RPL7A"
0.34903516358845,17.6054335950695,4.80455319693096,0.00280573640752788,0.0508539723864428,-1.45021425018522,"EMSY"
0.331763309337884,20.9251855619183,4.78571577536048,0.00286136847216085,0.0514124683322728,-1.47131227337357,"BMP2K"
-0.741279795594242,17.0774584667196,-4.82189479069293,0.00286864031545692,0.0514124683322728,-1.46014558613161,"SNRPC"
0.943897671896201,14.4524065699259,4.78034338390472,0.00287746175546673,0.0514124683322728,-1.47733929985915,"RALGAPB"
-1.0152986996516,18.8910131159487,-4.79084985926464,0.00296172267482503,0.0526683702079733,-1.49451407062841,"MRPL54"
0.236918084556116,19.0802710752016,4.74539604956776,0.00298467300075756,0.0527733671472578,-1.51665263562909,"GNL3"
-0.571194627959713,23.316354754518,-4.77981614711051,0.00299562349323957,0.0527733671472578,-1.50676434804744,"PARP1"
0.331165094416576,17.3573800141163,4.730796243207,0.00303078956024794,0.053144542521557,-1.53313173587384,"RMP64"
-0.800091149762501,16.7975215230598,-4.75586225093315,0.00307074083808544,0.053595800738806,-1.5334232909153,"RBM3"
-0.321044323408643,18.4239303586813,-4.71238420833127,0.00309009649822235,0.0536850866281026,-1.55396034912674,"CSNK2A2"
0.487309042784201,17.3150660970763,4.70127070094189,0.00312652630302102,0.0539451148121087,-1.56655767481317,"SAP18"
0.324316428576335,19.8853964280804,4.69557910085366,0.00314537033458007,0.0539451148121087,-1.57301653178054,"THOC1"
-0.664358185136775,15.4612476425932,-4.69157039460564,0.00315871931914648,0.0539451148121087,-1.57756861932871,"SRRD"
-0.425091026741168,18.0491548112688,-4.69049840825306,0.00316229983381327,0.0539451148121087,-1.57878633224177,"MBNL1"
-0.464933815441718,17.110451988317,-4.67906152950626,0.00320078566040705,0.0543556844132188,-1.59178894531714,"DUS3L"
-0.34450209208978,17.1735477568346,-4.66647005809363,0.00324376784960615,0.0548385865157632,-1.60612748856982,"MRPL9"
0.392836340490554,19.8496330157457,4.65322600618371,0.00328968014760418,0.0553040297277597,-1.62123549950386,"ARPC5L"
-0.642566699722467,15.615055885335,-4.64976978568089,0.00330178163011788,0.0553040297277597,-1.62518259268583,"ZC3H8"
0.372292265889289,20.3752778428364,4.6447941638866,0.00331929116158947,0.0553040297277597,-1.63086811497144,"RPL6"
-0.503205247625047,17.3956994304597,-4.64169230752508,0.00333025965787403,0.0553040297277597,-1.63441446257179,"BAHCC1"
0.476938595510092,21.1319653315481,4.65349450698374,0.00336186705028666,0.0553040297277597,-1.63673431547978,"RPL7"
-0.950144933013313,14.7762051893346,-4.6310370259286,0.00336824972016909,0.0553040297277597,-1.64660793523274,"MARF1"
-0.324630926999703,20.2288045944721,-4.62943992346515,0.00337398589851054,0.0553040297277597,-1.64843710433704,"DDX21"
-0.3395541083406,18.5710455358169,-4.6218627976606,0.0034013502096322,0.05551121337798,-1.6571205883067,"CPSF7"
-0.360696239984541,18.936993869755,-4.61516834856211,0.0034257346524933,0.0556681881030162,-1.6647998901821,"RASAL3"
0.507746306603508,17.7653677741963,4.61675333531444,0.00347768170413332,0.0559081772272115,-1.67497460851409,"NKTR"
-0.471219299749343,18.5326706999207,-4.62003991003632,0.00348292449385859,0.0559081772272115,-1.67479901273533,"FRG1"
-0.514862854736412,16.2316760636844,-4.59912075894803,0.00348499247968029,0.0559081772272115,-1.68323651488859,"IFIT5"
-0.82101987352009,18.8759395707208,-4.6270087497909,0.00351316243403298,0.0560520006140386,-1.67833641467858,"HMGA1"
-0.318230532051622,21.5393802859712,-4.5888049491411,0.00352369340730163,0.0560520006140386,-1.69510908481248,"PTBP1"
-0.457319005429113,17.1075867558716,-4.58019550231184,0.00355636291539138,0.0561224382824063,-1.70503039011821,"MRPL46"
0.293022944181622,18.7863643138215,4.57979403212984,0.00355789462851329,0.0561224382824063,-1.70549331402807,"BRD9"
-0.298202564793549,17.5702056005926,-4.56335723924468,0.0036212466478663,0.0568837494268999,-1.72446754588731,"STK10"
0.41041495344485,17.4330396720585,4.52559601837351,0.00377164826100369,0.0590004727966138,-1.76821680701452,"AQR"
-0.747195837180961,16.0995979087281,-4.50737089531162,0.00384674002730412,0.0599264872022171,-1.78941119207886,"PIAS1"
-0.809645570505827,15.5387152483878,-4.49002827197665,0.00391975805628504,0.0608127072929819,-1.80962722630926,"JARID2"
-0.276525819713555,18.1888916451206,-4.46562668248507,0.00402514656211906,0.0616532249579532,-1.83815100508371,"GTPBP1"
-0.318054692147836,19.3707489510391,-4.46517316518019,0.00402713514801806,0.0616532249579532,-1.83868201270319,"SNRPE"
1.08169308377022,14.8647520703938,4.46321259161699,0.0040357445822483,0.0616532249579532,-1.84097794842369,"ACOT7"
-1.19577614320466,14.2912447241671,-4.46211722256461,0.00404056365245014,0.0616532249579532,-1.8422609442981,"PUS3"
-0.691059468142752,15.2565098672817,-4.45636808019268,0.00406596312160469,0.0616532249579532,-1.84899792622597,"GNA12"
0.702757374583015,17.82411900605,4.48484756624464,0.00408672176682138,0.0616532249579532,-1.84118934533134,"NECAP1"
-0.681114171568902,15.2262440149835,-4.45132067232471,0.00408841014310034,0.0616532249579532,-1.85491684198871,"DDX51"
-0.819656608429177,20.826775901484,-4.47719452459972,0.00412046685366845,0.0618890838180481,-1.85004530921928,"SND1"
-0.357558646835351,17.0932382857865,-4.41982179477549,0.00423167488911015,0.0633071997299415,-1.89194413169932,"WDR82"
-0.424221558221788,18.2318051895537,-4.40566564055475,0.0043099352907675,0.0642231464276422,-1.91059975025131,"ZC3H4"
-1.94296596206209,13.9636500640038,-4.38645370565004,0.00438961503079654,0.0649960996217866,-1.93133743769601,"TSNARE1"
-0.55826556603559,17.9313720230828,-4.4171680518462,0.00439628790545241,0.0649960996217866,-1.91982339003089,"TAOK1"
-0.299828368659867,18.1491680704052,-4.36804644328991,0.00447956347268646,0.0659685714532342,-1.95314281914057,"HACD3"
0.411454849833127,16.8325383769701,4.36274738781602,0.00450583931542358,0.0660308116277378,-1.95942992477368,"BST2"
-0.336639697723054,17.2362121319897,-4.3601424414923,0.00451881946948444,0.0660308116277378,-1.96252219090362,"ZNF592"
0.242699980489142,21.1823678404728,4.32485207433289,0.0046988597997694,0.0683432620626008,-2.00451891799798,"GRWD1"
-0.368386277194407,16.8603935899392,-4.32208201481738,0.0047133284181104,0.0683432620626008,-2.00782361593805,"RBM42"
-0.60540241100661,16.038872880397,-4.30428818760176,0.00480746769385131,0.0694412000222968,-2.02908034280518,"DUS2"
-0.418073691755648,17.0036463904211,-4.28314820547639,0.00492205696791244,0.0708250182024042,-2.05439872526525,"RRP9"
-0.37183334565422,17.7475249974963,-4.26056367854216,0.0050478657224974,0.0723591398243924,-2.08152432069654,"PDS5B"
-0.469609862397025,16.1967530286613,-4.25064238337367,0.00510426726088503,0.0728904832330931,-2.09346568452276,"EMG1"
-0.599958123324745,15.5048678597028,-4.2392315966246,0.00517000980650589,0.0733629827244271,-2.10721882956859,"KCTD18"
-0.595555359387419,15.7494659881891,-4.23815279245402,0.00517627411265188,0.0733629827244271,-2.10852013861188,"RBM19"
-0.404476367401216,19.7936110734921,-4.23216357488296,0.00529649898046983,0.0747857721212406,-2.12691944914824,"TFAM"
-0.255955432966889,19.0052864633873,-4.21298557430204,0.00532484901131222,0.0748084127339525,-2.13892972128271,"TRMT10C"
-0.237288990243236,18.9782161119435,-4.21083098370714,0.00533778860091067,0.0748084127339525,-2.14153771310911,"DIMT1"
-0.594785336704323,18.725576803966,-4.23481338113219,0.00537004591835263,0.0749817522673683,-2.13525548606883,"HNRNPA0"
0.442555719769516,18.1755085664988,4.21205134390617,0.00542806504016678,0.0755121963152353,-2.15251675294624,"WDR77"
-0.469245363651634,16.866340218799,-4.19228845182261,0.00545061178330158,0.0755470824376726,-2.16401220579433,"XPA"
-0.390183073474102,17.4011525863729,-4.17276397784153,0.00557229844762282,0.0768466571858512,-2.18773487513976,"DIDO1"
-0.743241382309797,17.7626942651379,-4.19519030563837,0.00561230653965501,0.0768466571858512,-2.18275411483441,"PSPC1"
0.602736276541364,17.8464081941921,4.19065567225999,0.00564080414846683,0.0768466571858512,-2.18820573301945,"PELP1"
-0.354996395838196,17.4400732177851,-4.16163535425523,0.00564301397124427,0.0768466571858512,-2.20128301600576,"PLOD1"
0.320262806959615,21.8361583320472,4.16112313582315,0.0056462928489339,0.0768466571858512,-2.20190706293882,"TMOD3"
0.360399481641746,17.0445041663221,4.15787471459511,0.00566713665924544,0.0768528964221414,-2.20586563841185,"RBM22"
0.474415360640212,16.6766086129998,4.14712751720926,0.0057367119503066,0.0772692880006617,-2.21897406567266,"WDR83"
-1.39698678289209,13.6374659784179,-4.14581697205144,0.00574526122059182,0.0772692880006617,-2.22057377826271,"CCDC15"
-2.01380119422694,13.8003483995629,-4.14366522544697,0.00575932889341802,0.0772692880006617,-2.22320088136282,"METAP1"
0.329833460615387,18.5462965499328,4.14022411031386,0.00578190619292719,0.0772971147068635,-2.2274036960473,"COIL"
0.329800895032438,17.4002229728433,4.13300246917702,0.00582960967320835,0.0776594645512208,-2.23622986707829,"SMARCC2"
-0.428776864722384,21.620013648169,-4.13848901996848,0.00590049104263994,0.0783269409533541,-2.24199184105029,"ILF2"
-0.513101866360799,19.147618226344,-4.13949521266775,0.00597379685087296,0.0790218039571616,-2.24993468726353,"CHTOP"
-0.230894888368219,18.3088719443683,-4.09116138315827,0.00611479209524491,0.0806040776191374,-2.28752723597706,"CCDC86"
-0.664465310330932,15.7385987276095,-4.06985945249247,0.0062659369639654,0.0823086493175943,-2.31374815207687,"BMI1"
-0.368991737680357,17.6304996529283,-4.05450925343769,0.0063774346694849,0.0834823913331878,-2.3326866925494,"RNF2"
-0.551824534471006,17.7888155537995,-4.07448065273469,0.00642912917227083,0.0838678788216645,-2.32896999555018,"METTL17"
0.870413593880683,14.2470213034101,4.03818228309659,0.006498460366858,0.084479984769154,-2.3528704825729,"ESCO1"
-0.33264236778712,16.6867323857005,-4.03219931466444,0.00654344889905892,0.084772516664784,-2.36027712295417,"KLF13"
-0.329828249098668,17.2705241316712,-4.02565875992828,0.00659302760939835,0.0851223085186019,-2.36838037819238,"CSNK1A1"
-0.347114173898813,18.0968520285043,-4.00684279692445,0.00673800548157175,0.0866972036366058,-2.39172889222902,"XRN1"
0.446167009721337,15.6916648794054,4.00377215593935,0.00676200022746821,0.0867100029168543,-2.39554441703283,"NOC2L"
1.02802775797498,17.7004793542573,4.01702971214715,0.00686394299789967,0.0874408593506298,-2.39935926956058,"AGL"
0.310357932913039,18.3376605838546,3.99067944575862,0.00686538312142876,0.0874408593506298,-2.41182955357253,"SMARCD2"
0.358066615022402,18.2810780382107,3.98389336196492,0.00691965902949819,0.0877941709885561,-2.42028072885432,"CAAP1"
-0.265710667208193,18.6308529659138,-3.98140281524261,0.0069396983964429,0.0877941709885561,-2.42338416170493,"ADAR"
-0.716609695310053,14.9896320771886,-3.95868082638822,0.00712553576230187,0.0898437117855453,-2.45174189294191,"EIF2S3B"
-0.39101790580361,16.1951741908048,-3.93042453352618,0.00736440381248844,0.0925460079102714,-2.4871175634692,"SUZ12"
-1.2330832524747,14.6584941595009,-3.92172044778146,0.00752030846211674,0.0941912388776748,-2.50515242926248,"PYM1"
0.272894846186713,17.548961586516,3.8955199413605,0.00767185117722863,0.0956422724424512,-2.53098595427511,"BMS1"
0.384225307084975,17.5956626093021,3.89145108031406,0.0077086094081182,0.0956422724424512,-2.53611188407916,"EXOSC4"
-0.469177119067972,16.4004524575836,-3.88726571860505,0.00774662437143996,0.0956422724424512,-2.5413872233801,"PURB"
0.271778973373866,17.3701423423712,3.88659713868989,0.00775271624329509,0.0956422724424512,-2.54223016712862,"XAB2"
0.465375016685826,16.2766400162605,3.88435669273934,0.00777316924900055,0.0956422724424512,-2.54505541353888,"EXOSC8"
0.64654788113792,19.3639095824871,3.90733473966586,0.00778837603178581,0.0956422724424512,-2.53518173338724,"CLTC"
-0.332310080783802,16.2087865467712,-3.86787421993113,0.0079254929331399,0.0970100920712254,-2.56586370714088,"NSUN5"
-3.44277308891,14.7781060632025,-3.8884476080887,0.00796114494956069,0.097131121229268,-2.55875506989307,"ALKBH3"
-0.351271241685861,21.2594609262876,-3.85994100821863,0.00799998744211392,0.0972901698605467,-2.57589376610409,"DHX9"
-0.269382354183556,18.6700247931413,-3.85422089426437,0.00805418280695425,0.0976343060521463,-2.58313172849971,"SGPL1"
-0.220044219535836,19.3164154715514,-3.84831000029566,0.00811061423463247,0.0980032553351423,-2.5906163286421,"POLR1E"
-1.65841173294379,13.0967759438981,-3.84283812544215,0.00816324570972655,0.0981620542797293,-2.59754976384634,"STK24"
-0.596168215363793,20.8158572985656,-3.86411959743012,0.00819000364415684,0.0981620542797293,-2.58920006388149,"HNRNPA1"
-0.414174887911205,17.1427314393734,-3.83884744545871,0.00820186925679436,0.0981620542797293,-2.60260924131933,"ZFP91"
-0.479862230495534,18.6202072098245,-3.85516638359343,0.00827606382937427,0.0987365842934842,-2.6004273118283,"HNRNPDL"
-0.601695895408128,18.1185732856083,-3.85242470159009,0.00830261831752695,0.0987409181611249,-2.60386781187393,"SLBP"
0.335723830895418,16.9796107395595,3.82310213828041,0.00835624973133858,0.0990662310916555,-2.62259510271389,"BICRAL"
-0.295980475028621,17.0345178753395,-3.80817108058695,0.00850562916762839,0.100521071981063,-2.6415821343548,"TRIM71"
-0.31125736184736,17.189039494577,-3.79357810320994,0.00865449264087525,0.101960741425312,-2.66017182590318,"MICU1"
-0.413668340538553,16.4333604304337,-3.78668563523222,0.00872580533823225,0.102480642134379,-2.66896317415528,"TRMT1L"
0.326974278552107,16.8293620821316,3.78209870366775,0.00877362473205938,0.102722252297714,-2.67481777709412,"CD109"
-0.557375980223471,15.4277787646737,-3.77375275312915,0.00886137913332668,0.103428480906011,-2.68547838881013,"ZMYND8"
-0.428725782364889,17.9023305372353,-3.77403478354001,0.0089987545861387,0.104225705662902,-2.69526489131008,"MAGT1"
-0.36145847099883,20.6212733289499,-3.77038129244766,0.00900531141756751,0.104225705662902,-2.69758701790592,"RBMX"
0.31219609385381,18.630625041125,3.75958148345773,0.0090126207018849,0.104225705662902,-2.70360389361238,"LYN"
0.229570813423848,20.0226712745077,3.75585854500495,0.00905282614596643,0.104370503273069,-2.70837064966187,"ACTL6A"
0.272906427124536,17.5779513220169,3.75030560731531,0.00911316405770106,0.10474581859004,-2.71548435025097,"CCNT1"
-0.410182118647949,16.9061318683238,-3.74660956633365,0.0091535718483127,0.10489047376334,-2.72022179626279,"MICU2"
-0.393839719161369,16.1043512989905,-3.74001838002957,0.00922612472727496,0.105401485520687,-2.72867520247144,"TRPT1"
0.459864681662129,17.7993384083626,3.74269062395754,0.00936947471655341,0.106715769430231,-2.7372015396675,"BACC1"
0.399582794131099,17.0093606145434,3.72081380975361,0.00944117524630423,0.107208526140262,-2.75334266267642,"CABIN1"
2.33057468355137,14.1423867959505,3.73327897435068,0.00955343319025194,0.107632549458486,-2.75448791953174,"DTNBP1"
0.21499690713598,19.108183797646,3.71081614383078,0.0095553191199409,0.107632549458486,-2.76620598961741,"MED17"
0.1879218396009,18.6469115060985,3.71004682499159,0.00956416553543574,0.107632549458486,-2.76719643637968,"MED24"
-0.322241756543061,20.3062537270917,-3.70271650915665,0.00964891295475841,0.108133840873312,-2.77663813785701,"SART3"
-0.29577140042668,18.2887497239456,-3.70124069512726,0.00966607543085045,0.108133840873312,-2.77854000185123,"MAP4K4"
-0.402106022650798,15.6669925947109,-3.67549593346148,0.00997096195324742,0.111214575632375,-2.8117688363365,"PPP1R10"
-0.804228547293233,16.0074099696632,-3.69138072819021,0.0100419156214175,0.111609972868191,-2.80796365630852,"HMGN2"
-0.412568129693845,17.328354858908,-3.66767956908828,0.0100656208952746,0.111609972868191,-2.82187680433092,"PTDSS1"
0.244501028810177,22.3862715760298,3.65387265878799,0.0102352633789833,0.113158190436268,-2.83975358789129,"GSN"
0.193561912479218,20.6350753906939,3.64617236279886,0.0103312456157971,0.11388536833788,-2.84973585935623,"RPS3"
0.366740923757028,17.0756105358497,3.64040982753833,0.0104037245561515,0.114066222613382,-2.85721179725578,"BRIX1"
0.378137722024945,18.6717628521101,3.65198601511828,0.0104121629492019,0.114066222613382,-2.85158338374017,"RPL30"
0.262797784176765,19.4857784872847,3.63766691981784,0.0104384209022856,0.114066222613382,-2.86077197309124,"BOP1"
0.312537314711339,20.205595187368,3.62330908160809,0.0106221374672514,0.115738318646062,-2.8794257478303,"RPS16"
0.693333950635783,14.7443848064415,3.60526785884832,0.0108580634705691,0.117968009464108,-2.90290752760185,"NOL11"
-0.592979171427308,15.4938644144055,-3.59159570122761,0.0110407065838095,0.119507975440109,-2.92073411822661,"CDC7"
0.387389437062986,16.7027410883089,3.58708997674783,0.0111016378310856,0.119507975440109,-2.92661487183805,"EXOSC7"
-0.450020738636002,16.5070681250896,-3.58411682457541,0.0111420470370157,0.119507975440109,-2.93049695512838,"RBM27"
-0.370637166864164,17.6903539502098,-3.58334673132894,0.0111525400858015,0.119507975440109,-2.93150268349213,"CBX2"
-0.311418259865281,17.2661585860902,-3.58118142786888,0.0111821022687002,0.119507975440109,-2.93433098966062,"CHEK1"
-0.254586023875834,17.6328033127417,-3.57907851683487,0.011210895351972,0.119507975440109,-2.93707844507227,"MARK2"
0.414263739847573,20.5203752346098,3.59666523527086,0.0112514349964727,0.119507975440109,-2.92981235332203,"HNRNPC"
1.55187476222808,14.0022752125681,3.57598478084621,0.011253403522875,0.119507975440109,-2.94112157030928,"GET3"
-0.408768182844153,16.0797733063543,-3.56966767456736,0.0113407539740409,0.120097310343074,-2.94938150644939,"TGM1"
0.367263740178419,16.5299314149957,3.56564362449455,0.0113967865025967,0.120352619369159,-2.9546461404477,"PHF12"
0.430474756360411,23.0258979376496,3.56382349424193,0.0117077672226497,0.123291291702205,-2.9723693934785,"RPL27A"
-0.254752504189053,18.2778673609622,-3.53875588900359,0.0117791044443389,0.123450930182744,-2.98988255416516,"TAOK3"
0.329315597274061,16.2939174551225,3.53811294927257,0.0117884177362833,0.123450930182744,-2.99072638834482,"UBN2"
-0.358511925717481,16.0834554908,-3.53263365518067,0.0118681178069953,0.123941285685242,-2.9979201365679,"TOP3B"
0.328848051271429,16.9338925774039,3.52225721792852,0.0120206809328627,0.125187754466554,-3.01155498636825,"WBP11"
-0.749865088588773,14.3367854397717,-3.50608789089445,0.0122627369970709,0.127356800217513,-3.03283211706297,"TCEANC2"
-0.613527385406922,14.9675105315528,-3.50137001093953,0.0123343711675011,0.127748844234833,-3.03904728321285,"POLR3H"
-0.454746384248033,19.8120374800406,-3.49551845139551,0.0127237579101948,0.13138422166457,-3.06137820198246,"USP34"
-0.719134963704128,14.6115596722494,-3.47425689126406,0.0127550729785763,0.13138422166457,-3.07482551838765,"HMG20A"
-0.222187570675278,19.7476889922549,-3.46557493832797,0.0128931024126934,0.132444131051373,-3.08630378439709,"SART1"
-0.197472199702123,18.7714406003415,-3.46032571165987,0.0129773527253056,0.132708991879055,-3.09324876551552,"AP3S2"
0.245966798793571,17.2537757805821,3.45846152164119,0.0130074184802024,0.132708991879055,-3.0957160959329,"PSD4"
0.29265136086461,18.6431804627591,3.45740513436236,0.0130244899191645,0.132708991879055,-3.09711448002073,"BRD7"
-0.53766914215827,15.8141333231852,-3.43608095384475,0.0133744101107482,0.135106776696436,-3.12537504507924,"POLR3D"
-0.388742077215081,16.9297096098253,-3.43459210469074,0.0133992242737647,0.135106776696436,-3.12735052174536,"MRM3"
-0.329962089326987,22.4179664252837,-3.43629677586369,0.0134092705089227,0.135106776696436,-3.12682822740123,"SRP9"
0.680961240700318,14.4279452515827,3.43312272992352,0.0134237634357908,0.135106776696436,-3.12930045617472,"LRCH1"
-0.628545202818753,19.086415572977,-3.44730608974597,0.0134993392570029,0.135106776696436,-3.12460248326838,"PPIB"
-0.394144885104991,15.7593820059813,-3.42819048308064,0.0135064954577207,0.135106776696436,-3.13584795386525,"NFKBIL1"
-0.223308720187202,20.9878957401889,-3.42794203289596,0.0135106776696436,0.135106776696436,-3.1361778563287,"SNRPA"
-0.452917116110855,15.673426424377,-3.42160927914085,0.0136177595560937,0.135483070160421,-3.1445895900188,"PRPF18"
-0.367359646128328,16.5086719374944,-3.42146669009997,0.0136201813238195,0.135483070160421,-3.14477905249002,"PAIP1"
-0.470858087889768,15.8798066294485,-3.41541436595177,0.0137234126274579,0.135800071127481,-3.15282351138361,"GTF2E1"
-0.906684599131928,14.0785593327848,-3.41537469682728,0.0137240920688516,0.135800071127481,-3.15287625409255,"CCDC61"
0.202428593346326,18.3581298622826,3.40138705010338,0.0139659855227022,0.137831846650752,-3.17148703667188,"DDX60L"
0.181178862851837,19.5954258900542,3.39673936204174,0.0140473918290301,0.138099858152653,-3.17767670745504,"NOP56"
-1.83273959304273,12.7781082707527,-3.39565812795255,0.0140664046500315,0.138099858152653,-3.17911708417222,"HSP90AA2P"
0.309816025216938,16.0889272330169,3.3833367276283,0.0142850732239175,0.139882405335504,-3.19554225009913,"VPS33A"
0.389760668077056,17.237398792232,3.37986632737668,0.0143473333285541,0.140128100126033,-3.2001721729402,"PIH1D1"
0.424044681401918,15.5959517141376,3.37362925176557,0.0144599774788037,0.14086334649894,-3.20849720875036,"AFG2A"
0.194500019387373,18.5678729366692,3.36452849420727,0.0146260835885889,0.14211426579634,-3.22065388094771,"INPP5D"
-0.463489318412439,15.5053468365512,-3.35970414386642,0.0147149841506029,0.142517110130789,-3.22710264214215,"SLC25A19"
0.210941915386272,20.4251856586801,3.35818236716274,0.0147431493238747,0.142517110130789,-3.22913745669439,"EFTUD2"
-0.250239577973854,17.5586703124987,-3.35332945825204,0.0148333625201161,0.143022446805212,-3.23562847468254,"SRP68"
1.8160056200061,14.3562091165719,3.3625353374821,0.0149923264856807,0.144186405232184,-3.23654877725114,"LIMD1"
0.290059125048266,16.5588302726899,3.34222487663504,0.0150420740636921,0.144296741018115,-3.2504931036662,"RPP40"
0.239855643056408,18.1869539056281,3.33831871125501,0.0151162534982845,0.144640293625717,-3.25572575931286,"GPATCH1"
-0.252406309036029,19.1817945094953,-3.33301569390771,0.0152176012408367,0.145241409311277,-3.26283281797429,"EIF2B4"
-0.209611974019168,19.4251587572086,-3.32655146837646,0.0153421482511306,0.146060350774652,-3.27150108208158,"AP3S1"
-0.346852644927505,16.7225073149981,-3.32220335062851,0.0154265512825748,0.146278147775174,-3.27733479109532,"KIF21A"
-1.99970621070099,13.7176922588358,-3.33028799175094,0.0154683582552973,0.146278147775174,-3.27411609145772,"DCAF8"
0.321499775872482,20.1345507934807,3.32789519119516,0.0154814273109535,0.146278147775174,-3.2760378750544,"BCLAF1"
-0.346050714300173,16.2031788572939,-3.3130608911799,0.0156056810659786,0.147083544046848,-3.28960888982546,"CIZ1"
-0.269606542921419,17.08024746083,-3.30173321712278,0.0158307887475659,0.148486854144679,-3.30483169296562,"EML3"
0.288331906932878,18.3915427572165,3.29908053094898,0.0158840154579346,0.148486854144679,-3.30839891496591,"CDK5"
0.368522279209113,15.9724039417097,3.29880933509952,0.0158894680745178,0.148486854144679,-3.30876365870738,"GOLGA8O"
-0.468464427198526,16.1257699967307,-3.29768383225708,0.0159121191178913,0.148486854144679,-3.31027749984809,"MAZ"
0.727117762195373,15.0029930122759,3.28981103163251,0.0160715517854453,0.149192514621871,-3.32087122654145,"TTC34"
-0.366656458960396,17.2625834077628,-3.28797588992474,0.016108965784602,0.149192514621871,-3.32334175053422,"HSPB1"
-0.277104663961879,22.9630970484577,-3.28748331579317,0.0161190243489723,0.149192514621871,-3.32400494197008,"SRSF2"
-0.451111453982886,17.4873041340413,-3.30195742087521,0.0161614336668668,0.149192514621871,-3.31682350268763,"DAZAP1"
2.30767838826435,13.8067234496422,3.30119541228393,0.0161856070239643,0.149192514621871,-3.31815666168338,"QTRT1"
0.213790396315069,18.6762264306796,3.27839469591375,0.016305854659405,0.14993432211209,-3.33624720407882,"SMARCB1"
-0.399246893927376,18.3533991458895,-3.29267003213964,0.0163595428923506,0.150061987114749,-3.3295381603451,"RSL1D1"
2.49986809706223,14.1529742394051,3.29068856307868,0.0164002617077377,0.150070355917891,-3.33218480040985,"CBFA2T3"
0.230293626583965,18.7335917152944,3.26891491566992,0.0165032498079425,0.150489871520773,-3.34902750319561,"SMARCE1"
-0.343969137068068,16.9887971395803,-3.26577818878915,0.0165691386102207,0.150489871520773,-3.35325882148687,"MRPL1"
-0.438314766293903,17.1448701869475,-3.27372191183757,0.0166038861048465,0.150489871520773,-3.34964540955118,"ZNF574"
0.596368742312784,16.3496395862084,3.27586795388114,0.0166057789264301,0.150489871520773,-3.34840978637771,"EXOSC9"
-1.61793346349597,16.9528777117516,-3.27685678033745,0.0166876133593277,0.150868830610709,-3.35067399607242,"MTA3"
-0.441768444420962,18.4360851754221,-3.27213400601361,0.0167869867112932,0.15140416244396,-3.35699265822172,"HMGB3"
0.250466377273995,17.2449157199763,3.2532926374739,0.016834266645966,0.151468222566329,-3.37011356703847,"MOV10"
-0.434442149335229,16.3371296673771,-3.25006584092279,0.0169035377257966,0.151665098733765,-3.37447271810323,"SCAF8"
-0.325699964586747,16.8411074197499,-3.24853051108434,0.0169366065164231,0.151665098733765,-3.37654728465482,"ABI1"
-0.452397739239156,15.7731575735537,-3.23573973006273,0.0172148615025644,0.153791535224331,-3.39384180005035,"POLR3A"
0.344297083801383,17.4653563759042,3.23246992942232,0.0172867916940539,0.154069041812253,-3.39826616993045,"RPA1"
0.232802780856026,19.3891736873049,3.22875771394828,0.0173688518854844,0.154316056836015,-3.40329076731775,"GPATCH8"
-0.471454751325449,16.2427524529989,-3.22751702797177,0.0173963724549885,0.154316056836015,-3.40497045142998,"GCDH"
-0.410386780117598,15.3438870841824,-3.22538909744878,0.0174436844414693,0.154372512545398,-3.40785175809507,"PCF11"
0.372859605266108,16.2899587146295,3.22098351188348,0.0175420839485924,0.154782920301923,-3.41381886775834,"ITPR1"
-0.183639434139639,18.053854011705,-3.21964175690845,0.0175721723844093,0.154782920301923,-3.41563666843562,"FARSA"
-0.682400206176442,14.716020483229,-3.21521418439453,0.0176718591614383,0.154838850134523,-3.42163667246541,"INCENP"
0.237929263315412,19.7716928562087,3.21341323251865,0.0177125838255898,0.154838850134523,-3.42407790707914,"SRSF9"
0.260249126509926,20.0735137919916,3.21313999458917,0.0177187714482371,0.154838850134523,-3.42444832228654,"RPL5"
0.766114663334088,15.160958967571,3.21238280738759,0.0177428072302689,0.154838850134523,-3.42569731415643,"MGST1"
0.299072471811744,18.009021189421,3.20514908813178,0.0179007759327,0.155856640337827,-3.43528520752016,"EIF3D"
1.26345287416233,13.6793423170328,3.19913775658414,0.0180390353793841,0.156551743806411,-3.44344257824995,"DCP1A"
-1.896951960885,16.9342123633035,-3.21404582465564,0.0180636627468936,0.156551743806411,-3.43494115462071,"FLT1"
-0.899547462177342,21.4253874371878,-3.21043215157311,0.0181465203991356,0.156909132809039,-3.43980430241378,"PTPN11"
-0.51239162067721,16.6257761655149,-3.19994335329438,0.0182375428579235,0.157197700214254,-3.44919462607828,"BIRC2"
-0.903662313226155,14.6231462287312,-3.18949353249113,0.0182632871866959,0.157197700214254,-3.45653886108666,"GTPBP10"
-0.523080886505966,18.464115022555,-3.20309083837185,0.0183161301984256,0.157293418788302,-3.44968893370804,"SNRPGP15"
0.179488517623849,20.3726600525508,3.18456109141511,0.018379150568063,0.157475903730903,-3.46324112584734,"FTSJ3"
-1.41990003070782,13.1459258203231,-3.17737712446779,0.018549336640964,0.158573694186926,-3.47300797533553,"VASH1"
0.253676918058645,17.1176068841912,3.16676622478805,0.0188038518213022,0.160385794946401,-3.48744503634046,"RUNX1"
0.585423308969091,15.5867837179057,3.16294594518308,0.018896414207286,0.160600942432046,-3.4926461087067,"MED25"
0.42732189026778,20.4378006811121,3.1772799680079,0.0189263317303353,0.160600942432046,-3.48449407485982,"RPL27"
0.254467527216661,17.6731458934815,3.16046154816388,0.0189568751677084,0.160600942432046,-3.49602937865963,"RCN2"
0.245233452838249,18.7438634515708,3.15440199088583,0.0191052266614694,0.16149485316982,-3.50428435386084,"HNRNPH2"
-0.228588700440984,16.9640523314354,-3.15220099802973,0.0191594241305868,0.161590668841862,-3.50728384077552,"IGHMBP2"
-0.351957087645991,15.714215589803,-3.14756448668344,0.0192741419693509,0.161854272823629,-3.5136042648858,"IBTK"
-0.18594774322219,19.311347393652,-3.1474677511087,0.0192765433681192,0.161854272823629,-3.51373615994788,"RBM14"
-0.185358954515721,20.2397006326715,-3.13978607035103,0.019468278751574,0.16279576326861,-3.5242132755484,"SRP72"
-0.564449251085748,14.8318085761944,-3.13951681331156,0.0194750369321334,0.16279576326861,-3.52458064117672,"RBM45"
-0.262999657712733,16.7811545419514,-3.13395819701802,0.0196151259343018,0.163526262636128,-3.53216649943838,"REEP4"
0.241476925138944,21.2665433351277,3.1312600704667,0.0196835189923869,0.163526262636128,-3.53584991686631,"RPS5"
0.259863315368726,17.5968589834915,3.12951281855499,0.0197279471705553,0.163526262636128,-3.53823566714244,"THOC7"
-0.450996131723766,17.0340710390307,-3.13814530502636,0.0197359282491879,0.163526262636128,-3.53293497096599,"JUP"
-0.260453462193475,16.6293892083888,-3.12106474337471,0.0199443027962336,0.164890398117984,-3.54977582909045,"MAP7"
-0.355122117529241,16.0844115471953,-3.11772699739232,0.0200304918551549,0.165240600205545,-3.55433745844224,"PATZ1"
-0.304652133517294,17.113230826057,-3.11102040627392,0.020204898607143,0.165841747046795,-3.56350702232219,"DNAJC1"
-0.4382533889274,16.3350641029201,-3.1107614766075,0.0202116651247137,0.165841747046795,-3.56386114453706,"TMCO1"
0.468711476378974,14.9125467129555,3.10985655209832,0.0202353325309087,0.165841747046795,-3.56509881339705,"PRRC2B"
-0.302793402629884,16.3523901427183,-3.10276959811259,0.0204217287378696,0.166709377074272,-3.574794841462,"ZNF346"
-0.172466072434869,18.2273954086195,-3.10247046617623,0.0204296371905342,0.166709377074272,-3.57520422279563,"TOE1"
0.326133506501765,16.201778962833,3.09994595077237,0.0204965129184406,0.166768289487838,-3.57865958202027,"TADA1"
0.318962882089256,19.9673332242747,3.10761086659939,0.0205253279369647,0.166768289487838,-3.57447643299906,"RPS20"
-0.650870014670973,16.2437513155235,-3.11182009342127,0.0205756256047202,0.166817437698484,-3.5731219298651,"SSR3"
-0.440747655243687,15.7550754671267,-3.09141149456899,0.0207243602184262,0.167662742539628,-3.59034611933429,"MORF4L2"
-0.228247580030558,18.275022143937,-3.0850823346194,0.0208951064448912,0.168307206601658,-3.59901806205958,"RPL7L1"
1.66042968336467,13.6815088597961,3.0871238564405,0.0209375054488015,0.168307206601658,-3.59880811900814,"MKLN1"
-0.519480153784531,16.9674060063503,-3.09798719599339,0.0209438141252647,0.168307206601658,-3.59191452493109,"MRPL40"
2.47360430276748,14.7282567323855,3.09641563533003,0.0209860955070256,0.168307206601658,-3.59405093783418,"FOCAD"
0.439953684913029,15.7148849678614,3.08022284650463,0.0210272398698623,0.168307206601658,-3.60567930908742,"EXOSC5"
-0.353349173329082,19.5756434915153,-3.09233242859937,0.0210963849936696,0.168502905563844,-3.59960304377241,"EEF1D"
2.30740432882568,13.6906636079837,3.08910850005048,0.02118391028093,0.168844274332148,-3.60398808464758,"NEGR1"
-0.206303752075382,17.3853537653033,-3.07033462462748,0.0212989151413828,0.169094642404254,-3.61924175503631,"GRK6"
-0.221671276344708,17.4065727712714,-3.0701137135314,0.0213050278891302,0.169094642404254,-3.61954487259738,"NKRF"
0.225423457884794,18.3170562985978,3.06778846951063,0.0213694843268008,0.169249907378233,-3.62273571739815,"SAP30BP"
-0.708703426049139,14.324762785593,-3.06315625058518,0.0214985216641996,0.169653810700904,-3.6290940757476,"NCKAP1"
-0.395562771781298,16.0389577890887,-3.06272838038383,0.021510483160486,0.169653810700904,-3.62968150304665,"RDX"
-0.184636445188104,17.8846679572649,-3.05397758494504,0.0217567083286936,0.171136509045109,-3.64169986156289,"NOM1"
0.377452175540615,20.6290687722687,3.06719971040012,0.0217892637511014,0.171136509045109,-3.63381827272785,"RPL8"
0.207854069860904,17.7818905025479,3.04959231203597,0.0218812458968964,0.171428958617178,-3.64772567603489,"TFIP11"
0.902989827789092,14.2541110389227,3.04832281210486,0.0219174424545039,0.171428958617178,-3.6494704801303,"ARHGAP19"
-0.184368378281651,21.2707844216179,-3.04608639830031,0.021981365956547,0.171572980654621,-3.65254462832877,"LUC7L2"
-0.381789233456511,15.6014453133076,-3.04296237937992,0.0220709981647702,0.171815600490845,-3.65683975267098,"TRPS1"
-0.279282183393885,18.7410296752612,-3.04326665625575,0.0221035984716339,0.171815600490845,-3.65744406553809,"PIP5K1A"
-0.268982700399828,16.693594455005,-3.02754748372891,0.0225191036249475,0.174376784566077,-3.67804823956717,"NSD3"
0.934965082261677,14.8878617870814,3.03562308234307,0.0225255952476604,0.174376784566077,-3.67282791911704,"GOLGA8T"
-0.182930171643569,17.82636667147,-3.01392035453532,0.0229234447891572,0.177055608728773,-3.69681756053554,"CDKN2AIP"
0.359254219724185,19.8383145623489,3.0264572244205,0.0229655683470478,0.177055608728773,-3.68943187559194,"RPL14"
-1.8451217623695,14.2547534639705,-3.02326765896163,0.0230605230536946,0.177149139718226,-3.69379317429621,"ADARB1"
0.280694723824244,16.7777238246331,3.00801750797866,0.0231010243874461,0.177149139718226,-3.704953746442,"SGO2"
-3.4273381275723,18.2676342381829,-3.02132158524272,0.0231186675706544,0.177149139718226,-3.69645469559693,"TBC1D22B"
-0.320250536589423,16.2363216013914,-3.00429925085328,0.0232136466545665,0.177516121476097,-3.71008062038045,"PUSL1"
-0.427403057726828,15.4233936999798,-2.99602246642434,0.0234664790872431,0.179086287771066,-3.72149797012881,"TRPM7"
0.568194696176578,14.6324650546416,2.99177991743567,0.023597229430345,0.17964632906917,-3.72735298451778,"WWP2"
-2.37646333842272,14.687413203588,-3.00426401653998,0.0236351669014081,0.17964632906917,-3.71980027701559,"CEP85"
-0.299735866117871,18.8709224168095,-2.989943374144,0.0238975111401022,0.181274883296148,-3.73538111592733,"FEN1"
-0.217967830808604,20.6767584572491,-2.97934930539473,0.0239848787727312,0.181400403639889,-3.74451838214468,"DEK"
0.212742336860256,17.1587606203238,2.97854197660098,0.024010292152866,0.181400403639889,-3.74563374682107,"PAXBP1"
-0.653211000620423,16.6079586914538,-2.99054871506047,0.0240595339455649,0.18140888594956,-3.73859343110699,"TIMM8B"
0.186505310180195,19.0789110715353,2.97457869520101,0.0241354721846999,0.181542735802347,-3.75111014131975,"MED14"
-0.300636907035287,16.1898393490219,-2.97337610791496,0.0241735950590923,0.181542735802347,-3.75277215910869,"PIP5K1C"
-0.434945103963665,16.0276199612497,-2.96339926520367,0.0244923863036954,0.183571165735451,-3.7665659156133,"THAP12"
-0.187783275500074,19.6574534920521,-2.95878012311314,0.0246415164104543,0.18432245410201,-3.77295548543538,"RRP1"
0.241833563676625,19.5438153239521,2.94849615236386,0.0249770672463132,0.186411673339373,-3.78718841005192,"CAPZA1"
-2.20853411756267,13.6457893249825,-2.95999218091985,0.0250349507591423,0.186411673339373,-3.78053165761993,"SDR9C7"
0.181952826161989,18.3129575338761,2.94468443037336,0.0251026872186628,0.186411673339373,-3.79246634037208,"SNW1"
-0.524025822064573,15.8003358254792,-2.94228393549251,0.0251821479807153,0.186411673339373,-3.79579090422663,"TIMM13"
-0.398193404263367,15.3770167928906,-2.93875171679101,0.0252995643780005,0.186411673339373,-3.80068382773665,"MTFMT"
0.27522043743523,17.5771134770444,2.93669076554256,0.0253683461167526,0.186411673339373,-3.80353924919115,"HCLS1"
1.50404082957208,13.5060786798252,2.93593875290436,0.0253934937938604,0.186411673339373,-3.80458125126462,"MOB4"
0.492696342401082,14.8842116200077,2.93586758256935,0.0253958751567762,0.186411673339373,-3.80467986886238,"UTP6"
0.673820865013981,14.7891346793132,2.93450090377915,0.0254416510190529,0.186411673339373,-3.8065737064934,"TENT4B"
-0.459829548457899,15.4671890079118,-2.93307546019512,0.0254894899274438,0.186411673339373,-3.80854915997506,"PNO1"
-0.170267875383413,18.8043849102478,-2.92977024743302,0.025600788646122,0.186411673339373,-3.81313041627382,"ABCF2"
0.295956665245711,18.5721605450671,2.93682692672023,0.0256157118970607,0.186411673339373,-3.8085560679456,"BAG2"
-0.335051071171343,17.3685777855596,-2.92800495506837,0.0256604470064222,0.186411673339373,-3.81557764682708,"DROSHA"
-0.62914476648813,14.3072815689752,-2.92786527640583,0.025665173862196,0.186411673339373,-3.81577129602188,"WASHC4"
-2.19793197387682,14.3188604263718,-2.93995244079379,0.0256978309601208,0.186411673339373,-3.80808598176471,"COL23A1"
-0.40399631864992,15.6650741064439,-2.92507476453671,0.0257598042350126,0.186411673339373,-3.81964041003675,"WDR46"
0.314486754005969,16.4417017737768,2.92502777275404,0.0257614010105605,0.186411673339373,-3.81970557140725,"SMU1"
-0.761256073513596,15.073543725379,-2.91776110626868,0.026205766464669,0.188767429560673,-3.83371520017468,"TTC33"
-0.33935744798193,15.77161597864,-2.91068498755208,0.0262537857739542,0.188767429560673,-3.83960342009069,"CCPG1"
0.302087311431706,17.2231658666549,2.9099841420251,0.0262781039313607,0.188767429560673,-3.84057618278825,"POP4"
-0.336329177221621,19.6354694648952,-2.92259743539935,0.0262872415170699,0.188767429560673,-3.83198006737767,"ATP5F1C"
-2.84900526672774,13.4586168095775,-2.91932188968365,0.0264001146223736,0.18914727001566,-3.83649297940195,"KCTD20"
0.267608923737409,16.3698052680954,2.90532229789065,0.026440480450465,0.18914727001566,-3.84704786470777,"EDC4"
-0.525619650086075,15.7788363574213,-2.90066967321208,0.0266036131116704,0.189953828467798,-3.85350867068198,"EIF1"
-0.499572687876039,14.7878909839959,-2.88912824875186,0.0270129783366436,0.192512151850939,-3.86954372298497,"PHC2"
0.901073459395873,15.9486017917723,2.8873805095925,0.0275286194068475,0.19550123047377,-3.88055241298682,"IKBKB"
-0.252303204906895,16.8202700973201,-2.87334239396603,0.0275838964059752,0.19550123047377,-3.89149439126923,"ERI1"
0.224717045738547,19.2830743896355,2.873230969314,0.0275879720456354,0.19550123047377,-3.89164940570427,"MPHOSPH10"
2.19822613635126,14.0887098923884,2.88319493674271,0.0276803112659431,0.195787567490817,-3.88633277468996,"BRMS1L"
-1.2173303170486,15.3858822660155,-2.87655908715141,0.0279226543022221,0.197074309116708,-3.89550020306564,"KANSL1"
0.331590029300992,15.6319514354306,2.86295120676498,0.0279667786147052,0.197074309116708,-3.90595513397633,"ARHGAP10"
-0.255006912864985,18.0134923740268,-2.85339593589775,0.0283239016268924,0.19921848718915,-3.91926049119954,"TSR1"
-0.286103754173318,16.2695781731118,-2.84445499409974,0.0286625015491276,0.200582614378201,-3.93171716393426,"TEFM"
0.171314088171059,18.8823442439126,2.84424509783946,0.0286705024826889,0.200582614378201,-3.93200967247401,"MED16"
0.183323526427149,18.0148501033274,2.84406259119535,0.0286774613129576,0.200582614378201,-3.93226401409465,"ASF1A"
-0.368319448606055,19.1461016912243,-2.85482998532297,0.0287323347583722,0.200594263035302,-3.92554584088987,"MSI2"
0.470655235991149,17.1463990774576,2.84711770148323,0.0290257610287217,0.201631975165232,-3.93621961547248,"SEC13"
-1.24092453171869,13.4271032446231,-2.8345587982445,0.0290423496780061,0.201631975165232,-3.94551218969833,"HMGA2"
-0.198621023532144,18.5954070417252,-2.83253287245573,0.0291207752274381,0.201631975165232,-3.9483372312054,"NRDE2"
0.223601987473675,19.4293413337801,2.83145217802089,0.0291627028343628,0.201631975165232,-3.94984433172955,"SMARCA4"
0.354797718609493,16.3229236044688,2.82947167506205,0.0292397083760908,0.201631975165232,-3.95260651269763,"USP42"
0.191151061111782,19.5690088265321,2.82924784755277,0.0292484249007429,0.201631975165232,-3.9529187012085,"DDX27"
1.22598808992616,13.0266779630952,2.82828404614751,0.0292859901078965,0.201631975165232,-3.95426302978394,"SETD5"
-0.680856335096557,15.3562956184163,-2.83315775078646,0.0293261030779922,0.201631975165232,-3.95144601421563,"TP53RK"
0.184609257806731,18.6218450329519,2.82632969171931,0.029362322112921,0.201631975165232,-3.95698922256427,"NOL10"
-0.994285713283469,13.9019136725608,-2.82462788814402,0.0294289639101244,0.2016579490514,-3.95936336536449,"FOXK2"
0.172763028904313,19.9170252648171,2.82350346173638,0.0294730848613585,0.2016579490514,-3.96093214693232,"FLNA"
0.26118169003384,17.1359379696452,2.81856792233756,0.0296675891453748,0.202299479253424,-3.96781928309522,"ISY1"
0.817845975327716,15.1482090534889,2.82829642996862,0.0296741676464572,0.202299479253424,-3.96090805128827,"TMEM123"
0.256233989440553,17.6048417284863,2.81326997661402,0.0298779075470149,0.203320778794668,-3.97521419876529,"SSBP1"
2.78282885684345,13.6277944868591,2.82238454779832,0.0299887211342181,0.20370716878559,-3.97048351962928,"RGS19"
0.225911790599191,19.2466396058646,2.8065501449371,0.0301469733038465,0.204413829776082,-3.98459684549479,"SURF6"
-0.177166548545383,17.786261849184,-2.79651579904707,0.0305535967345866,0.206799029963001,-3.99861368033844,"MECP2"
0.806827808063426,15.016170855532,2.79744532587904,0.0307976613043365,0.207604607130746,-4.00190567209459,"HECTD4"
0.484811000061391,16.9709332722226,2.80092538270864,0.0308520480701149,0.207604607130746,-4.00025167244985,"CLTA"
0.20742366539185,17.5246039690001,2.78831947564072,0.0308900950102755,0.207604607130746,-4.01006847348991,"MPRIP"
-2.05400188858339,15.5219170802961,-2.79862949789036,0.0309459823900747,0.207604607130746,-4.00343865091261,"PEX5"
-0.200613256640118,18.7699110299164,-2.78649618733257,0.030965487709292,0.207604607130746,-4.0126172735555,"SRPK2"
-2.35885166306117,13.0289836459524,-2.79227085371844,0.0310030222319921,0.207604607130746,-4.00899331361462,"GALNT14"
-0.900201237863563,17.7707507620583,-2.79295071266929,0.0311796464440845,0.208203019808109,-4.01132325571765,"MIS18BP1"
-0.416552780625162,15.1712084710673,-2.78078695600366,0.0312028398386157,0.208203019808109,-4.02059982035249,"BUD23"
0.546547088977452,15.8688406640571,2.78401882226323,0.0313047633165924,0.208514059546914,-4.01984513740694,"EIF4G2"
-0.315247017081447,17.0556582473627,-2.77597710284777,0.0314043124197088,0.208807072658655,-4.02732665949717,"NFXL1"
-0.401973021863171,16.8931501681573,-2.78128516442404,0.0314595271273517,0.208807072658655,-4.02429483866351,"FKBP11"
0.326184034987044,16.1660989727997,2.77185816946374,0.0315779501124084,0.209224730973251,-4.03308849480378,"RBM28"
0.462206173630845,14.7291622419282,2.76854721007914,0.0317182711166657,0.209734349471044,-4.03772093419153,"WDR75"
2.32887940319832,13.7778959688282,2.77636820712903,0.0318728626362691,0.209734349471044,-4.03436082341741,"ADD1"
0.21302561887132,19.9267080744337,2.76381240319326,0.0319200953038411,0.209734349471044,-4.04434681726628,"POP1"
0.391143653969021,19.9608653564408,2.77490799329114,0.031934692414665,0.209734349471044,-4.03639042928844,"NHP2"
-0.745089002442748,15.7058784692751,-2.77447745969683,0.0319529470153309,0.209734349471044,-4.03698887379481,"PKP1"
0.595152740869661,16.9089480140893,2.77297283867107,0.0320168307616073,0.209734349471044,-4.03908041298848,"EIF3K"
-2.2394045042859,13.4136603442573,-2.77232701909548,0.0320442931817828,0.209734349471044,-4.03997820251008,"AAAS"
-0.697215301840023,14.1281690651856,-2.75876188198534,0.0321368908482151,0.209872572602855,-4.05141618729077,"DNAJC25"
-0.62671148044738,14.2861284885383,-2.7571396684568,0.0322068584126892,0.209872572602855,-4.05368721340702,"TNPO2"
0.392206958089172,17.173518639984,2.76324026869026,0.0322324189753457,0.209872572602855,-4.04955981939162,"MAP3K11"
0.306549870400763,15.8837261407628,2.75456392297405,0.0323182872730436,0.210068867274783,-4.057293502232,"SEC63"
0.479431406358964,14.8940616483851,2.7487640884397,0.0325707033810027,0.211054650307063,-4.06541543008586,"HMBOX1"
-2.23696236637193,13.9203227700721,-2.75980222546565,0.0325819115328146,0.211054650307063,-4.05739554980861,"LCLAT1"
-2.73412883377121,13.7916740318631,-2.75759839653276,0.0326775050507057,0.211310795953963,-4.06046141465716,"RNF34"
0.279349764222449,18.1209448353073,2.74757651549447,0.0328040034335051,0.211765570110127,-4.06978757555123,"CWC15"
-0.17915771640908,19.1326632732455,-2.74114437028801,0.0329055277521405,0.212031052436734,-4.07608921130206,"TBL2"
-0.981343028474695,14.6999275003616,-2.74923870065143,0.0329576118641714,0.212031052436734,-4.0708332043852,"PHPT1"
1.94665018179019,13.926967134196,2.7474985869993,0.0331194535709753,0.212709267397916,-4.07451614299824,"EMC2"
-1.04541016024065,14.1056889737899,-2.72488047615815,0.0336325454585646,0.215526987966969,-4.09888420690165,"HMGN1"
-0.374134528695581,15.3072921377575,-2.72399715087579,0.0336725188096935,0.215526987966969,-4.1001227211081,"PLEKHA5"
-0.163784897672514,18.3926825611027,-2.71730847591197,0.0339768525004766,0.217106328689486,-4.10950248343247,"NUSAP1"
0.158191781160809,18.2359912532941,2.71140660655786,0.0342478225361949,0.218467497396709,-4.11778111467828,"CHAF1B"
-0.159743006653969,19.0328163307351,-2.70692197140454,0.0344552634341732,0.21941949855884,-4.12407314984205,"ARRB1"
0.343269723934014,17.6624541942849,2.70863667034141,0.0347242180357698,0.220241635418045,-4.126506551236,"POP7"
-0.441315816641584,15.2824115044574,-2.69992834668595,0.0347814361597764,0.220241635418045,-4.13388768188609,"TAX1BP1"
0.173469401705884,18.3975754673554,2.69920269609413,0.0348154673350437,0.220241635418045,-4.13490618742533,"DHX35"
3.40540708173422,15.1197198204984,2.70997989198464,0.034818041036911,0.220241635418045,-4.12678651540072,"STX10"
-0.356119605311999,15.7755682702138,-2.69528000728002,0.0350000465264436,0.221022069354594,-4.14041249529493,"LRRC8D"
-0.174072078804905,17.8527907387837,-2.67997013298004,0.0357304702920847,0.224884729982625,-4.16191125791531,"PRR11"
2.19178320849049,13.7214624906534,2.690613713868,0.0357310220847725,0.224884729982625,-4.15380204580574,"USP8"
-0.417449189651371,17.5394868207625,-2.68537420641407,0.0359823963156307,0.225832089930517,-4.16111493771601,"DSP"
-0.247030609745444,17.8443158970399,-2.67437692914074,0.036001349084414,0.225832089930517,-4.16976862716079,"MTPAP"
-0.382129701379988,15.9326518837686,-2.67313002226564,0.0360620340108847,0.225836990400391,-4.17152051485982,"GPATCH11"
-0.320175254971351,15.5296486939273,-2.67005275477939,0.0362122656048371,0.226401726915814,-4.17584438173532,"PTBP3"
-0.772337614059587,15.2436392704908,-2.67920542296154,0.0362807743351937,0.226454502059073,-4.16972688181555,"PLCL2"
-0.196374032291224,21.6062802934201,-2.66448223112739,0.0364859126554971,0.227358497043346,-4.18367276194618,"SF3B1"
-0.18418021430368,18.3579039650284,-2.66199649249068,0.0366087309080639,0.227747385352147,-4.18716653428813,"DDX49"
0.483519275989558,15.2750810796632,2.65923064472338,0.0367459057550409,0.228224159302313,-4.19105437171711,"COPS3"
0.150571263637456,19.1499747787357,2.65792117875135,0.0368110403838646,0.228252668169687,-4.19289516640959,"DHX8"
-0.461291334824454,15.1442611037014,-2.65151502704254,0.0371314638829824,0.229630659983774,-4.20190189039134,"YY1AP1"
-0.192024682343899,18.234256723825,-2.65104493230071,0.037155093525226,0.229630659983774,-4.20256289823328,"GTPBP4"
-0.282944028422724,15.7739494443305,-2.64936998846768,0.0372394156677187,0.229643221882118,-4.2049181502216,"RECQL4"
-0.522517419027224,15.0051885117181,-2.64845518588197,0.0372855556111727,0.229643221882118,-4.20620457278331,"TTC4"
-2.18668198557131,14.9098555672161,-2.657737979172,0.0373398660513895,0.229643221882118,-4.19971318736943,"RPTOR"
-2.15857891360498,16.1762159001794,-2.65628406104832,0.0374127759592965,0.229716881704476,-4.20174496449848,"AKAP7"
-1.43005516945641,13.8222391814527,-2.64341867053928,0.0378413676868524,0.231970660454363,-4.21699722579666,"MAP4K3"
-0.394747495058191,15.9338409191609,-2.63387651470775,0.0380291093328074,0.232743087962149,-4.22671081387908,"DHX57"
0.385549729790302,15.3259912814206,2.63184669960299,0.038133877351872,0.233006025310466,-4.22956670476044,"TMOD2"
-2.11231919830274,12.7072607326643,-2.62595503979737,0.0384397106721368,0.233607118248164,-4.23785713033038,"ZNF143"
0.295897003259604,17.4094017475592,2.6250182344515,0.0384885790345068,0.233607118248164,-4.23917549176849,"RPA2"
0.223778818246242,16.4862624536596,2.62362861822781,0.0385611896192785,0.233607118248164,-4.24113116132706,"HELZ"
-0.234272244407727,16.6362092651537,-2.62358158113774,0.0385636499536835,0.233607118248164,-4.24119736019526,"STEEP1"
0.249970554625897,18.6836941129459,2.62656859723493,0.0386021934162515,0.233607118248164,-4.23932221691577,"TMPO"
-0.493573527921717,15.8223096335967,-2.62405761932244,0.0386040410261555,0.233607118248164,-4.24130701913405,"MTIF2"
-0.321688913619585,15.4841111066611,-2.61836747589965,0.0388374148654163,0.23464271481189,-4.24853614938318,"SERPINB4"
0.307513510407809,19.2621676695772,2.62722756853902,0.0389021030617209,0.234657485668301,-4.24237260229274,"RNPS1"
1.42270472566675,13.4051229211847,2.61581697477117,0.0389720778054329,0.234704046847415,-4.2521263642649,"SCAMP1"
0.173550158645579,17.7997708267324,2.61128538446814,0.039212561751568,0.235775690276573,-4.25850592175823,"AATF"
0.240121477248582,16.5980383172258,2.60881768207089,0.0393441794593806,0.236190376690868,-4.2619802950944,"SEC16A"
-0.309837010324557,15.6266204337556,-2.60488398005385,0.0395549565185958,0.237078197257721,-4.26751920732614,"DHX33"
-0.573451501034389,14.4328305739984,-2.60229306567607,0.0396944369301144,0.237536551153224,-4.27116771750258,"SPNS1"
-0.674719562297781,14.0588093289539,-2.59894305138051,0.0398755556487934,0.237673742477718,-4.27588557151646,"PRR5L"
-0.360950621615441,16.2130947371491,-2.59869994550231,0.0398887331934312,0.237673742477718,-4.27622795628726,"SCAMP3"
0.813806859672813,15.981124924185,2.60829226416135,0.0399064931003702,0.237673742477718,-4.26887030906465,"CNOT7"
0.238949473667052,16.4710175757482,2.59625158036623,0.0400217040622906,0.2379839500234,-4.27967630226403,"WTAP"
1.91825374463607,14.3506429708843,2.60125917212703,0.0402865351143525,0.238589964003656,-4.27871634611382,"MVD"
-0.249779985806569,17.0490227388823,-2.59126776040562,0.0402938275144838,0.238589964003656,-4.28669634340782,"BAZ1A"
0.745316668395908,17.078637350087,2.59778207956918,0.0404758416949382,0.238589964003656,-4.28358490885876,"CS"
0.366197245214428,15.1309063483506,2.58786164995346,0.0404809318821935,0.238589964003656,-4.29149459758826,"ACOT9"
-0.234753474984679,16.5505473068774,-2.58778729160006,0.0404850267729156,0.238589964003656,-4.29159935229915,"METTL8"
-0.415101381192084,15.4308899922314,-2.58745491391764,0.0405033360642812,0.238589964003656,-4.29206760241115,"RIF1"
-0.335230980361253,19.9984998769547,-2.59553300127774,0.0405987929783638,0.238722141609923,-4.28673429655685,"KHDRBS1"
0.361851026917233,16.3906095766402,2.58425243997784,0.0406801964208966,0.238722141609923,-4.29657941382554,"CASC3"
0.227203267979224,16.9210675635294,2.58361063044166,0.0407157392719312,0.238722141609923,-4.29748367174073,"ITPRID2"
2.31986746598227,13.5050446161854,2.59030918402907,0.0408858971625007,0.239076646578698,-4.29405001546373,"CPPED1"
-0.335650830443209,15.3040203670264,-2.5799397033768,0.0409196642334371,0.239076646578698,-4.30265598621235,"DUS1L"
-0.646722860392119,15.6841763696946,-2.58885053944264,0.0409664492545992,0.239076646578698,-4.29609297778855,"PAM16"
-2.8146075159424,14.1952895782396,-2.58397367083455,0.0412369934696735,0.24028356318496,-4.30292408072559,"UQCC5"
0.31267405466992,19.8375220699285,2.58127369269136,0.0413875889117253,0.240788904625315,-4.30670637946412,"RPS12"
3.10189678650956,13.0592758745728,2.58004535768357,0.0414562940533154,0.240816993191062,-4.30842720084329,"RPS26P11"
-0.292268621414681,16.5481531315976,-2.56806339383775,0.0415868411139253,0.241190890348615,-4.31939272931055,"TUT7"
-1.31991082196859,13.5476686771748,-2.56697401076605,0.0416486126304902,0.241190890348615,-4.32092817583522,"ZNF581"
0.302556190997702,17.7308906649448,2.57085044847868,0.0417421965187637,0.241362087232729,-4.31883131309312,"DLST"
-0.698898008592248,14.6221107118661,-2.56364823029566,0.0418377955789783,0.241544394077715,-4.32561597379827,"SERF2"
0.163791971423812,19.1758808810331,2.56081005376907,0.0419999597564676,0.242100514546068,-4.32961674642786,"AGTPBP1"
-0.145043349272687,20.083404881505,-2.55971759340676,0.0420625562407624,0.242100514546068,-4.3311567737974,"TFB1M"
-0.319731788311678,16.5894920232472,-2.55172114792522,0.0425237522669653,0.244381929948871,-4.34243032722343,"CYC1"
-0.324897206671046,17.6075703345417,-2.55429575999411,0.0426986829936626,0.245013751729236,-4.34217627639669,"SELENOH"
-0.458046555509078,17.5092124106814,-2.55653093007568,0.0427951053529112,0.24519384069981,-4.34138008666915,"METTL13"
-0.992976357472385,15.2838124650612,-2.54710834597604,0.0433443669461625,0.247949221005493,-4.35459010530413,"CENPU"
0.231701158427523,18.0683382658233,2.53664995909965,0.0434075559319961,0.247949221005493,-4.36368280271024,"THOC6"
0.199927182969628,17.1614679536595,2.53438316482435,0.0435421526243234,0.248188912410957,-4.36687980559169,"SPECC1L"
0.192308941375853,16.9577288162245,2.53152025847211,0.0437127741873025,0.248188912410957,-4.37091772169417,"PPIL1"
0.179845433062024,18.0794543671665,2.53147592645861,0.0437154217924235,0.248188912410957,-4.37098025024077,"KPNA2"
0.370936643307186,15.470895219045,2.53024958730915,0.0437887285201736,0.248188912410957,-4.37270997140778,"CCP110"
-0.248503025952349,17.5077730083652,-2.52978651296128,0.0438164433565392,0.248188912410957,-4.3733631355784,"PRSS57"
0.292140813122508,17.1850463171473,2.52931781759248,0.043844513439177,0.248188912410957,-4.37402423327802,"EXOSC2"
-0.299560582786212,16.0054468647009,-2.52638441990728,0.044020625211438,0.248683059319734,-4.37816192400668,"R3HDM1"
0.805727965991863,13.9801676008389,2.52566823628786,0.0440637357097036,0.248683059319734,-4.37917216333656,"NIP7"
-0.226728323019476,17.4064928420271,-2.52389583248508,0.0441706165413848,0.248913638805711,-4.3816723425586,"GTF2H2"
-1.37145418661275,13.3863909024384,-2.52046690317859,0.0443781666338171,0.249250089998358,-4.38650943717212,"SCNM1"
1.38741864784559,14.2096408447293,2.5289579277756,0.0444235136569503,0.249250089998358,-4.38004378927535,"NCAM1"
0.189954616607949,20.4886404290151,2.51917112895755,0.0444568659971926,0.249250089998358,-4.38833741535203,"SMARCC1"
0.236892202419625,16.8117464119162,2.5185477860445,0.0444947773392294,0.249250089998358,-4.38921679199421,"CPAP"
-0.68314893696529,14.8978205448621,-2.50921731766888,0.0451694050309357,0.252650069256531,-4.40336706006245,"TRMT5"
0.381440267869955,15.1491335550926,2.50647558867315,0.0452357551056123,0.252650069256531,-4.40624909540932,"PCID2"
0.402223722473055,14.8137467900353,2.50455720557204,0.0453546943923261,0.252939641803357,-4.40895593917325,"AP3M2"
0.416788861814897,17.4573687507733,2.51071302988057,0.0455369287732229,0.253250203882584,-4.40563903244652,"MYH11"
0.163994218794286,18.0091289349979,2.50072433358587,0.0455933182442531,0.253250203882584,-4.41436432595848,"WDR12"
-1.67766907206072,14.1503566404273,-2.50863382206972,0.0456656720406869,0.253250203882584,-4.40855641092013,"MRPL45"
-0.804081681469444,14.5426998785487,-2.49905508246546,0.0457083233523921,0.253250203882584,-4.41682001246394,"CHCHD1"
1.5504923051001,13.6705093452897,2.50360988328707,0.045746256987809,0.253250203882584,-4.41343224797794,"CBX1"
-0.448878558940899,15.7422367927494,-2.49535572433621,0.0459297758534299,0.25357242002409,-4.42194013384623,"PTPN1"
0.20605032650926,16.7486081987589,2.49390682388172,0.0460210271082219,0.25357242002409,-4.42398480013134,"KDM5A"
0.315301572548666,16.4349318684503,2.49309374626011,0.0460723179559151,0.25357242002409,-4.42513221703314,"CARM1"
-0.220065564814199,17.407056485175,-2.49307496593389,0.0460735033730773,0.25357242002409,-4.42515871998885,"CDK9"
-0.3233089461758,16.8292029583725,-2.49003297542576,0.046265938257063,0.254260331237795,-4.42945167213211,"APOBEC3C"
-0.354557433187658,16.9822214601392,-2.48818138281061,0.0467102678433246,0.256328544060165,-4.43505574963229,"UFM1"
-0.480143957823298,20.8446386706383,-2.48963197820902,0.0468601962905228,0.256436333443349,-4.43522260382278,"HNRNPA2B1"
-0.180004625977627,18.981383535152,-2.48014711958995,0.0468971686195721,0.256436333443349,-4.44340378891978,"POLDIP3"
-0.472617101064042,16.14627921336,-2.48481401756531,0.0469339708424166,0.256436333443349,-4.43987073391746,"RBIS"
0.360570367157543,15.7007221916431,2.47521045335848,0.0472157656429423,0.25760265770462,-4.45037146776385,"NVL"
-0.214908231378349,16.7332212718889,-2.47331725778891,0.0473385489462168,0.257899320126066,-4.45304362257125,"TERF2"
2.61383886142996,14.3001485396646,2.47952702481199,0.0475088023927527,0.258453369438207,-4.44940619442074,"VAPB"
-0.199699643919093,17.0157549454503,-2.46659228705417,0.0477774149204727,0.259180455132652,-4.46253589036819,"KDM2B"
-0.701403785227892,14.1060715869419,-2.4665536098849,0.04777995127777,0.259180455132652,-4.46259048426675,"APOBR"
1.55066604986087,17.067997231481,2.47145937953751,0.048033425220942,0.260037786524585,-4.4607313652152,"SNRNP25"
0.594122421515822,14.8387242847371,2.46205460992334,0.0480759515139617,0.260037786524585,-4.46894103512705,"EDC3"
0.245712422116998,16.8114017021845,2.46048294989326,0.048179807882211,0.260226182974119,-4.47115954602752,"ZBTB11"
-0.325865871628928,16.8088199198813,-2.45736169905869,0.0483867608069842,0.260970083322361,-4.47556546937497,"RPS6KB2"
-0.825899352217791,15.1196007215256,-2.46288327375639,0.0485978034479127,0.261733884283759,-4.47277132351261,"POF1B"
-0.391304810152363,15.3300947835592,-2.45020450634603,0.048864842998952,0.26279665920977,-4.4856687193977,"MTF2"
0.144712790466318,18.4799448150901,2.44845275987524,0.0489826079984223,0.263054746658194,-4.48814156550625,"RAB11FIP1"
0.261640911196096,17.099868394217,2.44476368544026,0.0492315881846858,0.264015771630534,-4.49334927745875,"SSRP1"
0.4576515987739,17.433750622494,2.44836857799997,0.0495689369146999,0.265278652261521,-4.4931504351915,"LSM12"
-0.299649589793276,17.1321323826556,-2.43925995415031,0.0496165047931564,0.265278652261521,-4.50121028437901,"SKIC8"
0.206318625740977,21.2476777820035,2.43819541455874,0.049678177320062,0.265278652261521,-4.50262154648122,"RPL36"
-0.307669152093506,21.058079226842,-2.43858884213039,0.050234752727146,0.267857687093296,-4.50688260971117,"RPS7"
2.15068593274116,14.068106139099,2.4371106674885,0.0503362028502485,0.267857687093296,-4.50895824240188,"SNAP29"
-1.05066866501042,14.1068349725995,-2.43156739951869,0.0503742971217896,0.267857687093296,-4.51394892474188,"ZNF16"
0.166355041757104,18.0292255404086,2.42390515583291,0.0506645196838321,0.268855802596353,-4.52279497238367,"KNOP1"
1.05220139671145,13.2285310318547,2.42333013230969,0.0507046354498693,0.268855802596353,-4.52360672633346,"UBE3A"
-0.595911826834623,15.3370632522438,-2.4223024527248,0.0511140242922636,0.270026404485971,-4.52776101224338,"ZNF146"
2.04096649061428,13.8563614154354,2.42550929055633,0.0511399350531454,0.270026404485971,-4.52524914488641,"MTX1"
-0.540828795787498,16.7979131205751,-2.42550436325974,0.0511402792580857,0.270026404485971,-4.52525606402494,"ZNF593"
2.99099150149343,12.5704655513961,2.42110047379621,0.0514488945114249,0.271275989242059,-4.5314402389408,"C1D"
1.19595598271869,13.381668328819,2.41169187321284,0.0515237456198019,0.271291230428286,-4.54003613918377,"NSDHL"
-0.260205166039057,16.1013039277757,-2.40600380786471,0.0519290987537205,0.27274176494433,-4.54806562635034,"RACGAP1"
-0.306841406738503,18.8189143266129,-2.41409403801945,0.0519439223421828,0.27274176494433,-4.54127912889773,"DSG1"
-0.208587441790566,19.3797114047568,-2.39658244805751,0.0526078480717134,0.275843654006063,-4.56136472293796,"LUC7L3"
0.465362124576323,14.9612397852771,2.3909183514103,0.0530203644201986,0.277376451817941,-4.56935975888187,"PTPN22"
0.25005232072057,17.4246332058974,2.38956295752007,0.0531195776384571,0.277376451817941,-4.57127289124468,"RPP30"
1.58046278142273,13.5357210008214,2.39435296076142,0.0531209013826402,0.277376451817941,-4.56716401343988,"GPD1L"
-0.335998503140754,15.3976048589828,-2.38603678690471,0.0533785979794529,0.277625239452043,-4.57624997544179,"POLR3E"
2.84960375347996,14.1250867139482,2.39399389030489,0.0533919557520252,0.277625239452043,-4.56950489593161,"TCF7L2"
0.217517456458857,17.7330798324508,2.38534691661965,0.0534294274486269,0.277625239452043,-4.57722369081924,"SF3A3"
-0.20990645032483,17.4559917829014,-2.38489014883711,0.0534631097724625,0.277625239452043,-4.57786839139419,"CCAR1"
-0.376963340217788,19.9029315997354,-2.39192471906488,0.0535434017639897,0.277659731293317,-4.57241047371526,"NIPSNAP2"
0.158106278677138,18.0383778432304,2.38186508192547,0.0536867399236445,0.278020617461731,-4.58213803201779,"CDC40"
-2.72337109329105,14.9751980611296,-2.38867928146049,0.0537818467201242,0.278131086604758,-4.57696774686744,"IGHG1"
1.96830460375426,13.634308050452,2.38449439095424,0.0540909549211562,0.279346438428437,-4.58284411479428,"DPP9"
-0.653534469039318,15.0973512697566,-2.37983486773061,0.0541818215610183,0.279432923782543,-4.58752752550247,"ARAF"
0.142058248831074,20.2012366903731,2.37362473807813,0.0543008756343823,0.279664345821887,-4.59376803017641,"RFC4"
0.122400335758304,19.3475153442071,2.37018754748368,0.0545592030424575,0.280611453574441,-4.5986188234921,"TOP1"
0.177886662619795,21.3300866220674,2.3683053594776,0.0547012042588637,0.280958501438578,-4.6012750170331,"MYO18A"
-0.567969311670037,14.5647289726195,-2.36719036458401,0.0547855063887785,0.281008651817272,-4.60284850099119,"ORMDL3"
0.249676152780104,16.8814348303309,2.36368333973504,0.0550515478710705,0.281816717216406,-4.60779749189257,"IMMT"
0.41060871275744,19.4739923361018,2.37064283807734,0.0551273880690895,0.281816717216406,-4.60229330073391,"PPWD1"
0.156534972431363,19.8573440963792,2.36127194770039,0.0552352556644406,0.281816717216406,-4.61120024290102,"NAT10"
0.458915457284013,14.5068367254764,2.36069248213001,0.0552794963433431,0.281816717216406,-4.61201792013157,"PSME3IP1"
-0.377638969284334,16.4223815638942,-2.36370630255582,0.0553168092148914,0.281816717216406,-4.60965745557981,"ZNF292"
0.518876980958177,14.600127170009,2.35823002470977,0.0554679105320101,0.28192864404454,-4.61549259799818,"PSMD12"
-3.46969612126867,14.003771645711,-2.36461640399624,0.055584770485881,0.28192864404454,-4.61075451664293,"ANAPC5"
-0.481987911956065,14.915527653336,-2.35255463942706,0.0559047118031235,0.28192864404454,-4.62350047845183,"SYTL3"
0.125552141155111,18.5642777318957,2.35209210546312,0.0559404677813755,0.28192864404454,-4.62415307885213,"CACTIN"
-0.202880276023166,18.4844753760132,-2.35185230389324,0.0559590149010752,0.28192864404454,-4.62449141900963,"RPS4Y1"
-2.1053829777222,13.6286271117994,-2.35806298974285,0.05608664908393,0.28192864404454,-4.61995511567616,"FOXJ3"
2.12974184677609,13.615063002772,2.35748511009048,0.0561311310747062,0.28192864404454,-4.62076639621921,"SSH1"
-0.459922410602896,15.7785158578004,-2.35224299569846,0.0561522953801542,0.28192864404454,-4.62548648892686,"ZBTB7A"
0.241979664287543,16.0889783336335,2.34884187174272,0.0561923978053581,0.28192864404454,-4.62873878907638,"SYF2"
0.349525038412757,16.0733776785346,2.34772820305801,0.0562789911033934,0.28192864404454,-4.63030999818268,"EFR3A"
3.11476937082161,15.5890518474551,2.35521433655619,0.0563062796062578,0.28192864404454,-4.62395427053424,"TUBB2A"
3.30937382327079,15.1614670405758,2.35501571678436,0.0563216265789058,0.28192864404454,-4.62423310360914,"ORC1"
1.05232035115065,15.9805359625808,2.35425108914941,0.0563807486617997,0.28192864404454,-4.62530652337661,"DSTN"
-0.292290976523429,16.2062103633721,-2.3463579095237,0.056385728808908,0.28192864404454,-4.63224322761691,"TSEN54"
3.59562689003679,15.5784798696952,2.3521940826815,0.0565401209333435,0.282326166779741,-4.62819420069598,"VTA1"
-0.399917317131804,15.0235371116874,-2.34167338722099,0.0567522184108594,0.283010401334577,-4.63885190465942,"LRRC41"
0.267910792331012,18.2955066827315,2.34698498377174,0.0568406086375966,0.283076743148929,-4.63479392782753,"EXOSC3"
3.14464796426961,14.7241413493057,2.34549543121338,0.057062382331949,0.283806307904284,-4.6375974676847,"IL21"
-0.215204333510084,19.370693062172,-2.33735628354364,0.0573171459694327,0.284554530941438,-4.64644915297715,"FAM76B"
0.335299252694998,16.3810589673048,2.33392594840687,0.0573637781208204,0.284554530941438,-4.64978045883539,"SIN3A"
0.25591736221438,16.9209594306681,2.33074198056897,0.0576170933725556,0.285306935822271,-4.65427133965666,"MRPL57"
-0.686527111172389,14.1565318317934,-2.33011875263102,0.057666813022963,0.285306935822271,-4.65515035128758,"ALKBH8"
-0.342995713933885,15.4752338908451,-2.32879977911465,0.0577721846610643,0.285453651601851,-4.65701062098808,"DEPDC1B"
0.345543693052905,15.4245952480721,2.32712343892597,0.0579063947334615,0.285516111962996,-4.6593748508556,"ZDHHC5"
-0.165581504570437,18.8299871140293,-2.32661975717184,0.0579467834215193,0.285516111962996,-4.66008520464859,"GTF3C5"
-0.15481113371176,20.7096241133367,-2.32513934129167,0.0580656628778871,0.285516111962996,-4.66217302858261,"SF3B3"
-0.218871117980708,24.0810760793576,-2.3248645021061,0.0580877607097129,0.285516111962996,-4.66256062642189,"MTDH"
2.59551274876923,13.9005761674163,2.32868036944503,0.0583956472032952,0.286413529016244,-4.6611980857984,"YARS2"
0.203909955537569,16.4744554618446,2.3207171419963,0.0584222821786449,0.286413529016244,-4.66840927212473,"BCR"
0.273409062805651,18.0576449559229,2.32418676005871,0.0586184881901626,0.287002208411575,-4.66660809302753,"HMGXB4"
-0.38959425143943,15.3343173657549,-2.31677873539778,0.0587418013280195,0.287232932563727,-4.67396278989843,"CTAGE1"
0.505609781888488,19.4945856142824,2.32084308954868,0.0590281113142066,0.288259041003315,-4.67219598272573,"RPLP1"
-0.20071410240508,16.9730780751376,-2.30870355359957,0.0594026168563204,0.289251264959234,-4.68534806907302,"ANXA2"
0.199176532163332,16.400342031153,2.30841229631084,0.0594265948781614,0.289251264959234,-4.68575867716694,"TNKS1BP1"
-0.336942136950132,15.5757538867942,-2.30717307970867,0.0595287267802649,0.289251264959234,-4.68750566657081,"DUSP11"
1.64746517231421,13.1405774187816,2.30716795149061,0.0595408351490776,0.289251264959234,-4.68758633908466,"NANS"
-1.3282641207165,13.7254782610513,-2.31044315804757,0.0596149158815185,0.289251264959234,-4.68513666169312,"METTL16"
0.776150801657618,13.9999187623769,2.30132666358913,0.0600130285842989,0.290808634656564,-4.6957469823642,"BAZ2A"
-0.665671158492326,14.9226074013578,-2.30370810008688,0.0601715988615908,0.291202731332731,-4.69460449929854,"REEP3"
0.363144951008584,15.3472005105739,2.29546347278106,0.0605028228263655,0.292430310327433,-4.70401076275131,"TTC14"
2.47952350547006,14.6780078236114,2.2995425857618,0.0607833094859028,0.293113475217123,-4.70207866946803,"SMPD4"
-0.794985765222648,14.631336372249,-2.29605190959973,0.0608109769532228,0.293113475217123,-4.70536551142156,"XIAP"
0.222432497471178,16.2822470898553,2.29101243618249,0.0608774140835564,0.293113475217123,-4.71028337915777,"RAI14"
-0.117449444841768,19.1332316733708,-2.28451213986778,0.0614287876244576,0.295114125302125,-4.71944257306519,"XRCC5"
-0.169675553360399,20.8661883091612,-2.28400934768342,0.0614716507192614,0.295114125302125,-4.7201509604591,"HSD17B10"
1.80318509432506,14.3349508403927,2.29070038048285,0.0615277725430956,0.295114125302125,-4.71447962548235,"GPSM1"
0.131107493185489,18.7621772499725,2.27961895744195,0.0618472497822353,0.295808560258508,-4.72633618379385,"MCTP2"
0.136172962964253,18.304097404974,2.27893213859009,0.0619062217762887,0.295808560258508,-4.72730371028074,"CDK11B"
0.602955691118462,14.1797891513165,2.27891207489693,0.0619079453697515,0.295808560258508,-4.72733197385471,"SBF2"
0.148602636624773,20.2847383010333,2.27761130841467,0.0620197951471019,0.295967883170347,-4.72916431854283,"NOP58"
0.320374850079492,16.7662538472132,2.27888109192531,0.062141328260716,0.296172955174335,-4.72873372475236,"RANBP9"
0.333420731447392,15.3222762957881,2.27374627198168,0.0623533752844266,0.296808364674606,-4.73460844624478,"ANLN"
2.05653529880139,13.3350970657505,2.27674713928116,0.0627218637813942,0.298185909780399,-4.73404339464277,"HPSE"
-0.253067421452592,17.4240395741119,-2.26343040663288,0.0632528218075851,0.300331408330725,-4.74913578551349,"AMPD2"
-2.24838030684327,14.5204667781673,-2.26687823650485,0.0635809154643778,0.301301570973308,-4.7478762598179,"COPS2"
1.22855300779745,13.7794292452869,2.26341007763969,0.0636169895211546,0.301301570973308,-4.75122119948017,"ARID4B"
0.226796560288658,20.1597148240433,2.26177058552889,0.0637614141953267,0.301606689481031,-4.7535232646479,"RPL32"
0.158414116322273,18.2568605600744,2.25566129304055,0.0639390590325948,0.301870298494206,-4.76007347255861,"MCRS1"
0.219181779937838,16.5093333282193,2.25523104784048,0.0639772860734404,0.301870298494206,-4.76067910675623,"DNAAF10"
0.230332602378622,16.0893735029762,2.25368404909953,0.0641149310970822,0.302141612795,-4.7628566642328,"MTMR2"
-2.14615858495442,14.619926769707,-2.25974620313366,0.0642093141886434,0.302208632323577,-4.75787057107011,"PPL"
0.163970055161606,17.321810332076,2.2504753569358,0.0644014016498357,0.302734768353966,-4.76737285212764,"PDCD7"
0.169132925641726,20.3185083186792,2.24812196969977,0.0646123505161958,0.303259676669626,-4.77068488733765,"MYO1G"
-0.530401172228714,16.3025467798175,-2.2545191565986,0.0646739469608434,0.303259676669626,-4.76519402909363,"THAP11"
0.430972776443507,14.5464868727019,2.24536896207438,0.0648600249899701,0.303754402748059,-4.7745589743589,"COBLL1"
0.224586155825818,17.1426833457831,2.2443469199864,0.0649522221809149,0.303808781168796,-4.77599711414289,"URI1"
0.975335586221696,16.050550133984,2.2477545703039,0.0652804220484586,0.304841079982939,-4.77466992320624,"SPICE1"
-0.184722932329294,16.5268895047419,-2.23924124674259,0.0654148272633111,0.304841079982939,-4.78318061860121,"SMC1A"
0.341522130298115,15.0714684172196,2.23818953305369,0.065510540181426,0.304841079982939,-4.78466017308012,"ATAD3B"
0.995484024353294,13.4922396450191,2.23476963004203,0.0658227732298722,0.304841079982939,-4.78947089542133,"MAVS"
0.138830575687372,19.7158213819006,2.23413931944114,0.0658804870311362,0.304841079982939,-4.79035747419559,"POLR2B"
-0.404737797074773,18.2056098596471,-2.24040741155428,0.0659457950538243,0.304841079982939,-4.78495953359313,"GADD45GIP1"
-1.54856103693521,13.8093296692403,-2.23999070551791,0.0659837422232593,0.304841079982939,-4.7855430496388,"BID"
0.190746409729588,17.8864172931167,2.23214533054125,0.0660634084377359,0.304841079982939,-4.79316202499006,"CRNKL1"
-0.275582061791006,16.3560641114222,-2.23187517327698,0.0660882319252256,0.304841079982939,-4.79354198510685,"MOGS"
-0.514842523326978,14.724803575967,-2.23157239133026,0.0661160645643443,0.304841079982939,-4.79396782510828,"RBPMS"
1.3148042623719,13.6489571625289,2.2347077107552,0.066195008964488,0.304841079982939,-4.79150535270451,"GLTP"
0.353611292717231,15.4623343695542,2.23061387685011,0.0662042537944791,0.304841079982939,-4.79531587004827,"ZNF512"
-0.343239366286646,15.842210690328,-2.23039838896754,0.0662240966859488,0.304841079982939,-4.79561892297279,"CRISPLD1"
-0.388856588573473,15.7383865081939,-2.22946362722088,0.0663102438382753,0.304865389354022,-4.79693350186562,"UQCRQ"
-0.131325532286041,17.7212406068862,-2.22802043281301,0.0664434746475418,0.304866234964117,-4.79896300623111,"SPOUT1"
0.282449234117063,16.0839342768232,2.22522498130162,0.0667023260676365,0.304866234964117,-4.8028937985051,"LAS1L"
0.148566597996901,17.2735267656379,2.22424584813744,0.0667932365966547,0.304866234964117,-4.80427048991376,"ZCCHC8"
-0.528193429391839,14.4016669734025,-2.22390152547467,0.0668252365715065,0.304866234964117,-4.80475460508103,"PEX11B"
0.292667130290422,16.5634748826109,2.22387355282123,0.0668278369315382,0.304866234964117,-4.80479393412862,"EXOSC6"
-0.533221645019218,16.1907382776516,-2.23070102312081,0.066835587427352,0.304866234964117,-4.79854925537045,"MEAF6"
-0.305006686216794,15.2722441857234,-2.22261356531617,0.0669450744698629,0.304866234964117,-4.80656540695799,"METAP2"
1.33622288519977,13.9610936378484,2.22938306188688,0.0669573587666548,0.304866234964117,-4.80039414528425,"GGNBP2"
0.296277363519785,15.3476576419712,2.2183472163522,0.0673436182800788,0.306255055387089,-4.81256296910334,"GPKOW"
0.372136068289034,21.5467642632815,2.22222201957811,0.0676230092044959,0.307022755823897,-4.81041664726221,"RPL18"
-0.152089127736634,18.2722055187129,-2.21481629808501,0.0676753077160897,0.307022755823897,-4.81752585760854,"POLR1B"
-0.286765824812802,15.1905316627453,-2.21370309368236,0.0677802286894956,0.307129161249277,-4.81909036812786,"RBFOX2"
-0.315681068362167,16.1849180144393,-2.21054506063959,0.0680787890343793,0.308063130652197,-4.82352829240364,"POLR3B"
-0.361720565535286,15.163559985181,-2.20926333276365,0.0682003491109688,0.308063130652197,-4.82532930476365,"EBP"
-0.299514353672087,15.8881830809426,-2.20893537057255,0.0682314891497572,0.308063130652197,-4.82579012247198,"SMC6"
0.518087271765005,14.6990739541695,2.20599145925801,0.0685116692123808,0.308958125515162,-4.82992629252528,"LIG1"
0.249410697119277,17.0444105966355,2.20488748516035,0.0686170421289709,0.309063618669319,-4.83147722543717,"FLNB"
-3.10987022137172,14.708535735198,-2.20899708991098,0.068870331815426,0.309253388927234,-4.82891882435055,"DMBT1"
0.468058809247916,16.1432812754515,2.20800870689878,0.0689644997110113,0.309253388927234,-4.83030121544585,"SNTB1"
-0.218414427287914,19.3598220488851,-2.20511314667335,0.068966256394391,0.309253388927234,-4.83299720995989,"AGAP2"
0.233035977668207,15.9779330359912,2.20102218547935,0.0689872944529984,0.309253388927234,-4.83690682888143,"VAPA"
0.221525896981435,16.0915795454259,2.1957819243597,0.0694925332326343,0.310735567339019,-4.84426629287525,"ZCCHC3"
-0.85294389188123,14.452246222565,-2.19912752957587,0.069550853988031,0.310735567339019,-4.84143021384968,"FNDC3B"
-1.44380482730247,13.3948708569231,-2.19799043489831,0.0695652039347831,0.310735567339019,-4.84255941553669,"FCHSD2"
-0.209969402652447,16.956279960593,-2.19277669928449,0.069783994595013,0.311320362763257,-4.84848603158345,"CDK13"
-0.451089083404819,14.6601421190815,-2.19095614017127,0.0699611714945366,0.311320362763257,-4.85104204394662,"REXO1"
-0.351989823202384,14.8458965389451,-2.19041387530694,0.0700140339478655,0.311320362763257,-4.85180332451354,"ZSCAN26"
-0.297470765536158,18.336620213957,-2.19542078055751,0.0701754802827408,0.311320362763257,-4.84790214467394,"MRPL48"
-0.196964790758379,16.1076530350303,-2.18860764501662,0.0701904094335508,0.311320362763257,-4.85433892891916,"SLK"
-0.290784026685888,15.6600643918969,-2.18859553263266,0.0701915937264639,0.311320362763257,-4.85435593164894,"MGST3"
0.268963260239547,16.058116050545,2.18606009785407,0.07043994879341,0.311936124418963,-4.85791481836469,"RBMY1B"
0.265059484951196,15.3896903000549,2.18549006854795,0.0704959092851343,0.311936124418963,-4.85871488370684,"SCAF1"
-3.0434948115685,19.0421974252864,-2.18968185595353,0.0707348206514754,0.312020792944968,-4.85592332509493,"SERPINH1"
2.44686860620653,14.3130364292389,2.18903079753337,0.0707985647177697,0.312020792944968,-4.85683316535755,"RNF20"
0.238065185806931,16.3020515830796,2.18149962516596,0.0708889354962542,0.312020792944968,-4.86431503497699,"SSH2"
-0.165546898670421,18.1922139924744,-2.18137985541759,0.0709007665245862,0.312020792944968,-4.86448310128011,"KIF22"
-0.572172779216123,14.6410027040139,-2.18109549060731,0.0709288646031399,0.312020792944968,-4.86488213068267,"SLC27A2"
-0.44604135435033,14.3441729496378,-2.17869887537549,0.0711661282533212,0.312699654446411,-4.86824490418964,"MARK3"
-0.12610507191966,18.7284923619886,-2.17749219317778,0.0712858970439737,0.312861271077743,-4.86993788482397,"GTF3C3"
0.178817615498417,17.1500971402372,2.17277298029316,0.0717562885508819,0.314559543996308,-4.87655794086212,"MSL1"
-0.23042880791456,20.1895598583238,-2.17534261187233,0.0719505651167376,0.31460569331307,-4.87503076522303,"HNRNPL"
-0.795916185793354,15.1229496834601,-2.17632294484915,0.0720546703079793,0.31460569331307,-4.87458659388973,"NSUN4"
-0.185425639670182,20.2461348811925,-2.16951305465678,0.0720830810365755,0.31460569331307,-4.88112996299321,"SNRPD2"
0.134715907417309,18.2902368899126,2.16933857124519,0.0721006151253296,0.31460569331307,-4.88137465226043,"POLR2C"
0.403161279485278,15.8625293443575,2.16910031938572,0.0722347889706077,0.314795687574005,-4.88221055730442,"STK4"
-0.127505276492961,19.1457543842804,-2.16724682746096,0.0723111579414028,0.314795687574005,-4.88430785949789,"MYBBP1A"
-0.337260706714831,15.6464058702224,-2.16514591211824,0.072523257839689,0.3153548812637,-4.88725359289911,"TASP1"
-0.595067329217006,14.5631890398178,-2.16344099794468,0.0726958472943824,0.315474771606452,-4.88964383668188,"CENPV"
-0.937204697864004,15.6374322294947,-2.16970179862788,0.0727181900599487,0.315474771606452,-4.88383232220644,"PUS7L"
0.956790925794202,17.0759900725062,2.16453059642299,0.0732407699892762,0.316805106562211,-4.89105122505805,"LHFPL3"
0.275235897777712,18.0681116620108,2.16439714357971,0.0732543070886325,0.316805106562211,-4.89123749754407,"NHS"
-0.312738740535707,16.2147116149247,-2.15773105016878,0.0732769371146547,0.316805106562211,-4.89764738360713,"SNAP23"
-0.124047418318092,18.591606832861,-2.15372048835707,0.0736879240045331,0.318217037224616,-4.90326738636638,"KIF14"
-0.247563097202626,17.1511990362468,-2.15131507277856,0.0739355522554396,0.318921089248292,-4.90663747626237,"NCKAP1L"
-0.610761551673107,16.0940372246009,-2.15611172436659,0.0740998059134726,0.319264306621476,-4.9027996865024,"CCDC88A"
2.39519895701039,13.2127820439423,2.15515079297155,0.0741985114467057,0.319324644011507,-4.90414032523382,"HEXB"
-0.414717406549125,14.4243086200331,-2.14569207049175,0.0745177437667945,0.320332832384054,-4.91451369689066,"NDUFS8"
-0.172036296806088,17.6614247952136,-2.14476504099928,0.0746141751343678,0.320382050406112,-4.91581194918722,"DNMT1"
-0.12696164434649,19.7654966500003,-2.14219017936453,0.0748826867439094,0.32090407803502,-4.91941751918303,"RCC2"
-2.5010002938549,13.899647630183,-2.14756212532144,0.0749827603087584,0.32090407803502,-4.91472516269224,"EVI5L"
0.37205642484423,15.8872330668469,2.14060238962728,0.0750487565274441,0.32090407803502,-4.92164061684975,"TRIM27"
1.31408761192517,13.1784910555429,2.13971293013735,0.0751419510782634,0.32090407803502,-4.92288587409541,"DPP7"
-0.352280230405622,14.8723557371008,-2.13902773297305,0.075213824324182,0.32090407803502,-4.92384511484339,"DNAJB12"
-0.323696562847273,16.1277700969004,-2.13871669614743,0.0752464734702806,0.32090407803502,-4.92428053712884,"CENATAC"
0.406270984997272,15.4281213825924,2.13619888397892,0.075511298490982,0.321323347917378,-4.9278049311227,"CHMP6"
0.410672283448788,15.5083032183668,2.13566162074132,0.0755679312822768,0.321323347917378,-4.92855691292071,"RAB6A"
2.85837578291963,13.5972777307329,2.14139748136488,0.0756260945255492,0.321323347917378,-4.92332046283962,"SAMSN1"
0.285743684491774,16.9376304338068,2.13685443532975,0.0756857116579926,0.321323347917378,-4.92790889260734,"PCDH10"
0.336231527202454,15.1450793198649,2.13197213020818,0.0759580128934279,0.321956755372485,-4.93372023807209,"EXOC6"
-0.19343333672667,19.9224132135184,-2.13257554046517,0.0760057061754673,0.321956755372485,-4.93333977035633,"SMN1"
-2.92617377007915,12.4593190654533,-2.13080969427313,0.0767442435752543,0.324579025190224,-4.93807580378838,"USP11"
0.260901815595684,16.5561787011943,2.12410236730473,0.0767969470741857,0.324579025190224,-4.94472969624478,"MLLT3"
-0.181108956862044,16.6272361799179,-2.12016451061736,0.0772202734385439,0.326002722131367,-4.95023648814743,"TERF2IP"
-2.32443749833246,13.8693809803784,-2.12337488659469,0.077539512188431,0.326357456029346,-4.94843154238579,"MINK1"
1.59204593732809,14.0608483530653,2.12330673939465,0.0775468404402075,0.326357456029346,-4.94852644103091,"TMEM165"
0.36123782030511,16.2176303722672,2.11970371526086,0.0775640001597596,0.326357456029346,-4.95206129621219,"PTRH2"
2.72180967430392,13.2644743969791,2.12050356254761,0.0778488961602011,0.327134017799298,-4.95242966916378,"DNTTIP2"
0.304253633517032,16.419253555718,2.11368415777252,0.0779221082185066,0.327134017799298,-4.95929564653395,"VRK3"
1.48681750822193,12.7844165849528,2.11076055665481,0.0782408643598961,0.327755754029967,-4.96338137963327,"SH3BGRL"
-0.327093256672971,16.7063277075763,-2.11424334115842,0.0782440792113981,0.327755754029967,-4.96002830766131,"SNIP1"
0.20448166214808,22.0908896498608,2.10977185803207,0.0785946051889219,0.328858669880395,-4.96572460026767,"RPL23"
0.177469749732577,18.9343247765692,2.1044255467956,0.078936126046491,0.329921502433782,-4.97223174616713,"CUSTOS"
-0.611470581227975,14.0948680457674,-2.10099196382579,0.0793155838130492,0.331140366528456,-4.97702702287359,"TGM5"
0.195418407493602,16.9502139791124,2.09955542324711,0.0794748914521649,0.331438430060467,-4.97903292295185,"IQGAP1"
-0.303300407198577,15.0677888065831,-2.09816967810548,0.0796288745374542,0.3317136541505,-4.98096770087135,"PACS1"
2.22455152633824,13.820341273646,2.10217385073238,0.0798538597660689,0.332283721101633,-4.97793535797476,"EML4"
-0.945130176987112,16.1829290268264,-2.10017792260011,0.0800753396245766,0.332726919326143,-4.98071082889333,"WRAP73"
-1.18227306854235,13.6223061243642,-2.0958246372104,0.0801368813655537,0.332726919326143,-4.98517284879773,"RTF2"
-0.739404582782786,14.2961549757282,-2.09253204094565,0.0802584601459885,0.332865120737488,-4.98883698375177,"TYW3"
-0.886841909278481,17.325621898152,-2.09637603941104,0.0804989536936826,0.332925425031756,-4.98599656312603,"ABCC11"
0.159849077480835,19.7802616070853,2.09022272746777,0.0805178129017501,0.332925425031756,-4.99205950181959,"LMO7"
-0.20242486387664,17.9683890514217,-2.08931103604719,0.0806204369113285,0.332925425031756,-4.99333156564287,"MAP7D1"
-0.4654696968495,14.5838198647533,-2.08847099241182,0.0807151136077999,0.332925425031756,-4.9945035849602,"PRR3"
0.264192709752194,16.3123247371006,2.08762311354735,0.0808107879513115,0.332925425031756,-4.99568646189611,"TAF6L"
0.258260743600099,15.5724796142086,2.08741326763546,0.0808344846735128,0.332925425031756,-4.99597920670523,"POGZ"
0.229910775684267,19.344948956011,2.09287414074212,0.0808911642782728,0.332925425031756,-4.99086401291407,"POM121L12"
-1.36537909935126,13.374484648919,-2.0857550585839,0.0812991683412308,0.334239765154242,-4.99931097560184,"SPG7"
-1.61227479267723,14.1055717219889,-2.08708680810142,0.0815436158319671,0.334381635466777,-4.99890549063456,"POLR2F"
0.193784656918623,17.2615624942758,2.08085789512046,0.0815783118821534,0.334381635466777,-5.00512193761034,"DDX60"
0.134747590816062,19.2630338453697,2.08062165166359,0.081605247441549,0.334381635466777,-5.00545134009244,"DDX24"
-0.274508764373383,20.1019669626629,-2.08580843893178,0.0816884578951993,0.334381635466777,-5.00068133712277,"SNRPD3"
1.51316041317344,14.206352483759,2.08429294956733,0.0818605056783344,0.33472245814243,-5.00278636936003,"EMC1"
-0.409036040447429,17.9090044653422,-2.0781258060935,0.0825644521586073,0.337235086281636,-5.01135023007349,"SHPRH"
-0.186446977784431,16.2425273554188,-2.06987338263939,0.0828403203081788,0.337995679179474,-5.02043167715755,"RPS6KA4"
-1.23950988035272,13.0467101635038,-2.06414912868851,0.083505810535516,0.340342600777184,-5.02840465564059,"DDHD1"
0.367655360463502,15.5716922305443,2.0622958910586,0.0837224236025996,0.340856951384234,-5.03098513660097,"EMILIN1"
-0.214777962033015,18.2031179156341,-2.06389597831367,0.0838673723963991,0.340867278922846,-5.0299072212431,"GTF3C1"
-0.211527636385345,17.6428513868566,-2.06073087521642,0.0839057917348543,0.340867278922846,-5.03316399023891,"ABCD3"
-0.225912423962306,16.6926464953709,-2.05792269208457,0.0842358388220949,0.341839733433044,-5.03707291356938,"KTN1"
-2.96334769069213,13.8553175891735,-2.0622245756441,0.084408038405032,0.341851557078272,-5.03341302933601,"MRPL39"
0.200241065793032,16.0695946174618,2.05635971208154,0.0844201060052708,0.341851557078272,-5.03924815303101,"BYSL"
0.51439553208558,14.4341357196014,2.05465512181087,0.0846215337613951,0.341946307874677,-5.04162015420486,"RNF40"
-1.87501310177526,12.4204930671108,-2.05444587795851,0.0846462931730306,0.341946307874677,-5.04191130169725,"NFATC2IP"
2.01797446164748,14.6000423780935,2.05960611490959,0.0847156104920286,0.341946307874677,-5.03704354670521,"CREBBP"
-0.17296700907519,17.1638024757737,-2.05120993867408,0.0850301306812952,0.342509505430208,-5.04641322578835,"TXLNA"
2.86338214086464,13.8906815586588,2.05537870250757,0.0852145789050197,0.342509505430208,-5.04290331407567,"IGLC7"
2.47841629137351,13.4989994693935,2.05522614096513,0.0852326416758345,0.342509505430208,-5.04311474843176,"NUP98"
-0.20623605281361,16.0553804775814,-2.04894089225142,0.0853003287159213,0.342509505430208,-5.04956925210162,"MAP2K7"
0.316822239399571,16.6800595908567,2.05214289202185,0.0853093967106009,0.342509505430208,-5.04642337128311,"PFDN2"
0.257436622279467,24.6856416145649,2.05229894242734,0.0855799657318277,0.343230288094671,-5.04717104121255,"ACTC1"
0.197878836519122,15.9594561624659,2.04492249168102,0.0857809735822901,0.343396268825928,-5.05515696902856,"HMMR"
1.86840061245902,13.9136775151909,2.05042119593119,0.0858035239347544,0.343396268825928,-5.0497725801471,"GNG2"
0.307322833721722,15.6704819394309,2.04336288774287,0.085968256596327,0.343690697103025,-5.05732513058442,"RFTN1"
0.135762768554901,19.6094664622712,2.04193367214066,0.0861402452213808,0.344013479326913,-5.05931176976166,"RACK1"
2.72565169515573,14.5250651812514,2.04199476159501,0.0868140640515113,0.345985269680841,-5.06144215140895,"FBXL6"
0.201361775832225,16.2007832719297,2.03568077733985,0.086896804704316,0.345985269680841,-5.06800051012382,"PCM1"
-0.406687783846348,15.7973450895433,-2.03745981323613,0.0869823128353655,0.345985269680841,-5.06649999144371,"WASF1"
0.15558925017276,18.3202428636705,2.03482334738363,0.0870010704661637,0.345985269680841,-5.0691915831462,"EIF2B5"
0.406577348291805,16.3393878129037,2.03820819633459,0.0872720892915293,0.346697341021144,-5.06668342639005,"MT-CO2"
0.251468221489628,16.708193327911,2.03156491924215,0.0873984582490693,0.346833881683149,-5.07371710132371,"RPAP3"
-0.373028405456498,18.7108948099692,-2.03555876218788,0.0875940218461744,0.347244439915959,-5.07034971790385,"HLA-A"
-0.212591811494509,21.0047128481841,-2.03165333600085,0.0877902593144933,0.347656804218109,-5.07486925877643,"RPS9"
-0.728052349126401,13.6999954406621,-2.02647183719784,0.0880232703977053,0.347942156256266,-5.08078805192886,"LPCAT1"
-0.138648476018968,19.3615432287208,-2.02627993160425,0.0880469010791719,0.347942156256266,-5.0810544190757,"CDC5L"
0.220525771506237,15.8513308845816,2.02381817647833,0.0883506028170839,0.348552832770372,-5.08447094862707,"CLIP2"
-0.149624643370618,17.9212746358394,-2.02352904513133,0.0883863416786406,0.348552832770372,-5.08487216691041,"DPM1"
1.1093810381693,13.5519616977541,2.0138584531682,0.0895901407474701,0.352927287331086,-5.09828552920292,"APC"
0.367167551045751,15.8168198027082,2.01311913291438,0.089682849141427,0.352927287331086,-5.09931048426029,"VPS4A"
0.287259068709609,17.9861575173991,2.01381011855366,0.0902825513849807,0.354770738140404,-5.10041367283526,"RPL18A"
-0.356901896890278,16.0364895483423,-2.00901081890073,0.090452716459226,0.354770738140404,-5.10575648716118,"DGCR8"
-0.440049099457488,14.2416250144242,-2.00645031245129,0.0905234795163602,0.354770738140404,-5.10855251633566,"R3HCC1"
0.487926232175141,15.3800824420266,2.00953976341758,0.0905277055944479,0.354770738140404,-5.10544512222314,"ABCB10"
0.215370277950836,17.4056098203798,2.00403716011821,0.0908296187093048,0.355322163321216,-5.11189533462204,"ACAP1"
0.122794839433684,21.607114526893,2.00382240263955,0.0908569139102526,0.355322163321216,-5.11219278923883,"TPM4"
-0.447548841652075,16.1329831664619,-2.00829508079432,0.0909774750240192,0.355424954238915,-5.1080279992996,"FLG2"
0.365168438464439,15.5209355647133,2.00146478891484,0.0911571049547824,0.355758059709658,-5.11545784317405,"TTF1"
0.14814315685031,20.4067962021691,2.00057177067355,0.091271072050745,0.355834479453266,-5.11669438457911,"RFC2"
1.79367300614203,13.3078059182825,2.00257150976169,0.0917043880948425,0.356395292918281,-5.11592611521508,"TBC1D24"
0.143650873661031,20.5073802747068,1.99614897563196,0.0918376270831726,0.356395292918281,-5.12281691328898,"PIP4K2A"
-0.546570604444257,14.1822550373588,-1.99551222358289,0.0919194851959782,0.356395292918281,-5.12369815472815,"BRD2"
-0.451162689335593,16.6729257758736,-2.00050592852594,0.0919681612366463,0.356395292918281,-5.11877542375481,"TRIR"
1.751476207277,13.380797409248,2.00033722898257,0.0919897378266834,0.356395292918281,-5.1190081069707,"PAXX"
0.748482197626911,14.5613673284212,1.99695142663794,0.0921978152568075,0.356395292918281,-5.12303330650418,"ZNF668"
1.15130150379025,13.6431333765176,1.9946044239967,0.0923745983551049,0.356395292918281,-5.12591778762395,"IARS2"
-0.185449993797246,20.0826105812511,-1.99231259469512,0.092585925005675,0.356395292918281,-5.12884441908504,"EIF2AK2"
-0.128649044596695,18.6663303710376,-1.98996777191375,0.0926353648766785,0.356395292918281,-5.13136908514124,"PNKP"
-0.266765120778301,15.9208128244688,-1.98915480409573,0.0927408026057798,0.356395292918281,-5.13249349036647,"MEPCE"
-0.240842308745918,15.6054924944449,-1.98798870726748,0.0928922500026776,0.356395292918281,-5.13410614078005,"TRMT2A"
0.170066291332208,17.7271268792919,1.98794845627329,0.0928974820564797,0.356395292918281,-5.13416180234697,"EIF2B1"
0.181621799921782,16.3131998248245,1.98590900142253,0.0931629700812399,0.356395292918281,-5.13698178580374,"PHRF1"
0.212581908331146,17.388057033441,1.98544428209945,0.0932235719598259,0.356395292918281,-5.13762427709437,"MED15"
-0.18268423720728,18.5239755072149,-1.98523685060826,0.0932612435098497,0.356395292918281,-5.13794050992083,"TFPT"
0.125291167533611,21.0272034187553,1.98434130024521,0.0933675652974146,0.356395292918281,-5.13914906603101,"DAXX"
0.219670838114512,15.8446916453622,1.98432712920815,0.0933694167674244,0.356395292918281,-5.13916865528566,"RCL1"
0.185538134049327,19.4350521313531,1.98663989301237,0.0933731705944013,0.356395292918281,-5.13682100568665,"SRSF10"
-0.45143513470555,14.593183507583,-1.98408799610391,0.093400665476452,0.356395292918281,-5.13949921527361,"BRK1"
-0.269884447558994,17.4215403688754,-1.98816318815981,0.0934044288887887,0.356395292918281,-5.13535693039531,"ICE2"
0.536622209583319,15.0980482483148,1.98673575538736,0.0934521488349532,0.356395292918281,-5.13694242785351,"INTS13"
-0.252346801642915,16.2415838066716,-1.9833690250291,0.0934946802907638,0.356395292918281,-5.14049301858082,"CKAP2"
-0.814670082281136,16.6718295347365,-1.98458033706484,0.0940277071921885,0.358065107186415,-5.14072448544307,"UNK"
1.20303233305525,13.6006977857256,1.97937446461008,0.0944163465347059,0.358718242009221,-5.14709477362222,"SIGIRR"
-0.368092513189374,15.4575270939601,-1.97622253762034,0.0944343596178173,0.358718242009221,-5.15036724881351,"DNAJC2"
1.2901742797876,13.0665075310568,1.97584191441259,0.094484672232137,0.358718242009221,-5.15089294372732,"SUPV3L1"
-0.397077103621008,15.2307267625725,-1.97422235810964,0.0946990539626312,0.359170456176177,-5.15312954428423,"CSNK1E"
-0.688373284440747,15.3461964927485,-1.97671429584318,0.095062048622261,0.360184847543642,-5.15155290283114,"WAPL"
-0.35812997808398,17.4814457535157,-1.9745288182268,0.0953514545307964,0.360918658213958,-5.15455990209001,"HNRNPH3"
-1.3806705958215,12.9658317237647,-1.96768731990706,0.0955690704113266,0.36137953405286,-5.16215046577596,"PPP1R16B"
-0.115635206164228,18.4950317784483,-1.96445442911004,0.0960024275780378,0.362654460890985,-5.16661076722295,"NUFIP2"
2.21094154925148,14.2671707481067,1.96805541975625,0.0962138870780192,0.362781205709286,-5.16346267100174,"MRPL50"
-0.307069420540577,15.7764789660559,-1.9623167020531,0.0962900633750997,0.362781205709286,-5.1695592444312,"PDCD6"
-0.81378435986089,13.8916626754922,-1.96205997223736,0.0963246649641896,0.362781205709286,-5.16991329444424,"LATS1"
1.68676797082944,12.9952045535466,1.96343390436615,0.0965386879475265,0.363009372729058,-5.1690526756081,"B2M"
0.225078564992092,17.8861692462623,1.96293172272209,0.0966063217477514,0.363009372729058,-5.16974382004658,"RPP14"
0.104950246588459,18.8085097798374,1.9593638439665,0.0966887976264094,0.363009372729058,-5.17363085425364,"NFRKB"
-0.279366603328722,15.5694646782509,-1.95876101240879,0.0967704030749876,0.363009372729058,-5.17446191721339,"NSMCE3"
-2.0566304123778,14.4772429198175,-1.95929040117407,0.0973941346533484,0.364741212859822,-5.17550742596514,"CEP250"
-0.787901582949861,14.6792016631276,-1.95905840552633,0.0974255706498251,0.364741212859822,-5.17582607793474,"CNK3/IPCEF1"
-0.121429271388475,18.2988964198699,-1.95176156262469,0.0977229849444439,0.365352985276491,-5.18410724468887,"GNL3L"
1.12403976461848,13.5235980756405,1.95151225755054,0.0977828016297028,0.365352985276491,-5.18451507014887,"ALDH16A1"
0.277552257397533,15.5892201243317,1.94970092041396,0.098005209953166,0.365821427250926,-5.18694538162293,"SURF2"
0.18523533592888,17.7703590168436,1.94524750687453,0.0986179369105912,0.367744433385686,-5.19307681409944,"THOC3"
-0.777147474001472,14.2549305142419,-1.94673302071929,0.0987213401426516,0.367766257250787,-5.19179087444334,"ECM1"
1.45980198968889,13.6280311272249,1.94882608308772,0.0988222541742825,0.367778774172799,-5.18987245053118,"PPP4R2"
-0.196439419809266,16.7062644406572,-1.94273383563133,0.0989654726162899,0.367948552034924,-5.19653623080794,"ZNF148"
-0.27858988110232,18.3259674061492,-1.94573585820055,0.0992479973656244,0.368300098557952,-5.19411143397114,"NCOA5"
-0.13769731695271,19.2476239919586,-1.94064349849216,0.0992554111763606,0.368300098557952,-5.19941226774158,"LRRC47"
0.173477219339443,19.3492053034338,1.9352972276705,0.100070580542687,0.370959772513205,-5.20693079181861,"RPS10"
0.17208400049914,18.0205507129344,1.93144267574273,0.100541726937135,0.372340187183692,-5.21206301137015,"NCBP1"
-0.678927928237471,16.9725992570736,-1.93549670566548,0.100671835135976,0.37245615158256,-5.20814635788587,"NUP93"
0.259713471786121,17.6492748593039,1.93161780217775,0.101216555573764,0.374104327954011,-5.21345892668838,"EIF1AY"
1.00330031322952,14.0957120024466,1.92925477671603,0.101549843801448,0.374769872722757,-5.2166941680543,"TUBB4A"
0.187065699663595,18.36214733241,1.92580808856364,0.101595440297787,0.374769872722757,-5.22039738966901,"RSBN1"
-1.82474811554358,13.0833350707675,-1.92716532323142,0.101845461176988,0.375324915578929,-5.21955411465413,"MTRFR"
-0.203501206792502,18.1086657842894,-1.9232447666935,0.102053604798409,0.37547996964501,-5.22412622418249,"YLPM1"
0.292668345318802,16.587163762706,1.92281677003611,0.102086729147516,0.37547996964501,-5.22464941135217,"CD2BP2"
-0.19260018706748,17.4333678658828,-1.91940250406096,0.10225016420914,0.375714541002394,-5.22859661065147,"JMY"
1.14236925971662,13.5342627614069,1.91881363426363,0.102592580820516,0.376605676429741,-5.22998593352315,"CEP85L"
0.268958450016019,15.7374946606493,1.91427799371566,0.102986058581327,0.377682335458758,-5.23562617262832,"NTPCR"
0.415176509763366,16.1426623847186,1.91733686081624,0.10324758382308,0.378042454286759,-5.23299736252415,"IRF2BP2"
-0.538220046371841,16.5983695797251,-1.91695080383926,0.103303050516774,0.378042454286759,-5.23352508339727,"KPRP"
-0.415059303261154,15.0598663816021,-1.91097854593263,0.10346265857855,0.378042454286759,-5.24014981132977,"DNAJC19"
-0.169408092770741,17.1909828459229,-1.91082175415926,0.10348536149176,0.378042454286759,-5.24036473050475,"FBXO11"
-0.674989306310376,14.111606787858,-1.90991045490196,0.103617412743757,0.378158418241979,-5.24161379112257,"SBSN"
0.270951663207256,17.8105767261297,1.91400265578872,0.103727608017325,0.378194470237248,-5.23755424220922,"BTF3"
-0.369906920123693,15.8000294861285,-1.90924198068892,0.103972970545896,0.37870213138885,-5.24309414703508,"KLF16"
-1.83736860746423,13.7393376006751,-1.91164939156102,0.104067747511631,0.37870213138885,-5.24076934984861,"MBD4"
0.423789007345906,16.2352017876879,1.90878688673584,0.104482993601947,0.379544765228047,-5.24467894725657,"MRPS5"
0.202155892702763,17.6364503847746,1.90353339007533,0.104546182733757,0.379544765228047,-5.2503503714239,"CNOT1"
0.129474664728047,17.7325303674185,1.90315652173925,0.104601329196801,0.379544765228047,-5.25086645729881,"SNRPA1"
0.678199527147914,15.0934149732862,1.9059521646262,0.104895838825239,0.380247415741492,-5.24854923598085,"CYB5R1"
0.562871123170444,16.0921629571524,1.90517164061322,0.105009798790454,0.380284991032983,-5.24961465767072,"PSMA5"
0.197225449882328,16.3354888451653,1.89970353682589,0.105107947123705,0.380284991032983,-5.25559382395659,"ABLIM1"
-0.249108185128314,16.137445290598,-1.89575573798041,0.105690153380338,0.382024811355586,-5.26099601675143,"RING1"
0.133813963167412,19.2172206714804,1.88795035368331,0.106850709127089,0.385849782958933,-5.27166866653688,"EIF6"
0.219258392002299,16.9427150850342,1.88238597938477,0.10768577373835,0.38791740792673,-5.27927026926135,"GULP1"
0.24295009685402,17.440584119608,1.88493604145388,0.107718101636273,0.38791740792673,-5.27662158690599,"MFAP1"
-0.363682297944575,16.2585978748752,-1.88618465445489,0.107801611301277,0.38791740792673,-5.27546217801181,"KMT2C"
-0.144969731844618,17.8796727983315,-1.88139702589048,0.107834865651781,0.38791740792673,-5.28062069792942,"SF1"
0.0999918203591861,20.0143857930437,1.88034913887008,0.107993065650373,0.388069376627236,-5.28205140215299,"PRPF19"
0.483677965442849,15.2254168398687,1.88244030212616,0.108082982880265,0.388069376627236,-5.28000248186351,"CHORDC1"
0.14410122798278,16.8418300562013,1.87838346106467,0.108290446085731,0.388408763001698,-5.28473463337527,"NOL9"
-0.167670875566714,21.3623719591408,-1.87759647683391,0.108409733648965,0.388408763001698,-5.28580869613929,"U2AF2"
-0.358719254181425,15.5509996146984,-1.87695907903996,0.108506443048258,0.388408763001698,-5.28667852049921,"LSM1"
-0.226371010104527,15.4708044921234,-1.87641137648395,0.108589611725143,0.388408763001698,-5.28742588120377,"CEP131"
-1.24815399109381,15.2864661917339,-1.87958387278571,0.108814823448318,0.388845388057024,-5.28448349084098,"POLR3F"
1.34204498843586,13.7454949902153,1.87451524340257,0.109584676078807,0.391225595470739,-5.29137671919875,"UBA5"
-1.58812399193302,13.5789653000886,-1.87044389273224,0.11020697332754,0.392371490671088,-5.29691025389109,"HSF1"
0.233680972501205,15.6772597864807,1.86542030221132,0.110272023369677,0.392371490671088,-5.30241155753291,"ZC3H7A"
-1.72588653375488,13.7702703293005,-1.86980794937682,0.110304492297869,0.392371490671088,-5.29777431286413,"POLR2K"
-0.292591122998139,21.0354278512745,-1.86924889646169,0.110390291235874,0.392371490671088,-5.29853383840018,"RPL31"
0.261581486219907,18.015487287868,1.86901612337801,0.110426034907699,0.392371490671088,-5.29885006520556,"KPNA3"
1.87132166735016,13.1275675911348,1.86781425057291,0.110610772413788,0.392381839603153,-5.30048267238899,"FAM204A"
-0.144858401692399,17.0744868429637,-1.86305716837687,0.110637107559191,0.392381839603153,-5.30563051726547,"TRIP12"
0.102849730942953,20.5274966448545,1.86207684589176,0.110788909884141,0.392531839978273,-5.30696555209827,"RFC1"
1.06931792804733,15.7023349798247,1.86443371002416,0.111132035032181,0.392531839978273,-5.30507330271149,"CCNB1"
-1.0968323798428,15.0134040467009,-1.86408744108013,0.111185565419167,0.392531839978273,-5.30554340006595,"INPP4B"
1.82769357676357,14.1477557790548,1.86371923690702,0.111242514878913,0.392531839978273,-5.3060432520776,"TACC1"
0.575013153063194,14.7760880231913,1.86168762200602,0.111255940335349,0.392531839978273,-5.30824701966211,"ZNRD2"
-0.222313636041434,16.242295384759,-1.85875954916063,0.111304121203388,0.392531839978273,-5.31148176159824,"TEX10"
0.163832908474959,19.0719236108232,1.85727157032357,0.111535989251866,0.392981943438816,-5.31350681328837,"LRRFIP2"
0.117956366855719,19.8161101687359,1.84879297494404,0.112866327782116,0.39698465396183,-5.32503730919456,"RSBN1L"
0.105355128364398,18.9041017976542,1.84846494211663,0.112918111737346,0.39698465396183,-5.32548313009315,"FAM111A"
1.87492834091752,13.4686805323407,1.85252399384762,0.112987939973752,0.39698465396183,-5.32122893853943,"CCNH"
-0.47521041181656,14.0920605381125,-1.84605692114058,0.113298965949442,0.397360399229352,-5.32875514531272,"NEK4"
0.113702091912717,19.8455850126366,1.84601451597548,0.113305684130386,0.397360399229352,-5.32881275489887,"RUVBL1"
0.119104214928278,17.3486998168083,1.84372756956175,0.113668584389891,0.398130582256697,-5.33191914904022,"RPS19BP1"
0.140072230759845,19.7472192776905,1.84330032207685,0.113736508512059,0.398130582256697,-5.3324993681094,"RFC5"
-1.55980553116509,13.1516324220006,-1.84398505195328,0.114177264925608,0.399302679749112,-5.33251975932155,"COL1A1"
2.08294802638848,13.4625461363543,1.84369531249354,0.114383510221428,0.399653228484507,-5.33318744670879,"IRAK4"
0.485077020767761,16.7740436233386,1.84249428260994,0.114574673331146,0.399950480054093,-5.33481306689461,"TBL3"
-0.182998811797376,16.4894263061103,-1.83691125218632,0.114757037482473,0.400156196765198,-5.34117152882244,"YY1"
-0.28799629666123,18.5394268775041,-1.84079369367307,0.114845889893884,0.400156196765198,-5.33711436225538,"PHF6"
0.196345002654581,18.5764070164094,1.83361630236776,0.115705797438881,0.402265976637695,-5.34633775048589,"CAD"
-0.248373075726674,15.2753500534625,-1.83055586768054,0.115781142241123,0.402265976637695,-5.34978960894606,"RASA3"
-0.192680294756034,18.5981973582396,-1.83245327901208,0.11589344692609,0.402265976637695,-5.34791166962185,"HDLBP"
0.962200817272706,13.9080851790096,1.83214609395027,0.115943060209838,0.402265976637695,-5.34832733679977,"FOXM1"
-0.302822996073761,15.4017413251752,-1.82882323427751,0.116061897001548,0.402265976637695,-5.35213764699461,"MRPS21"
-0.18277829970436,17.5634527842042,-1.82864008580248,0.116091613416926,0.402265976637695,-5.3523858101639,"GEMIN5"
-0.439094223749679,14.7162633085276,-1.82775834419899,0.116234783671926,0.402392226302259,-5.35358045679631,"MRPL41"
-0.223743026398683,22.7144588088009,-1.83113897220543,0.11639773598559,0.40253623843214,-5.35016849573904,"H2AC11"
-0.275410866646563,18.1752180234184,-1.83032143833938,0.116530089334661,0.40253623843214,-5.35127301757768,"POLR1F"
-0.195669799372549,18.5040496079029,-1.82811106853057,0.116596703545861,0.40253623843214,-5.35378552528621,"ABT1"
-0.214764631748505,16.2373111184433,-1.82450103151438,0.116765189453657,0.402749098115542,-5.35799227506338,"PARP2"
0.793815582428293,13.7445716472454,1.82173507040314,0.117217455733018,0.403923043904152,-5.36173682340378,"TNFAIP3"
-0.195400215157616,16.65584027362,-1.82100292580694,0.117337457992973,0.403923043904152,-5.36272772531744,"EHMT1"
0.422287467097952,14.9743738746522,1.82045731810463,0.117426964487785,0.403923043904152,-5.3634660892738,"ACADSB"
-0.198642175032967,15.7346268166686,-1.8197880047433,0.117536856534155,0.403932496931417,-5.36437177551797,"HERC5"
-0.112923348740019,18.5108735943123,-1.81690064348095,0.118012082032363,0.405009387482874,-5.36827772736383,"GTF3C4"
-0.428465542636875,14.7993782908642,-1.81611845540504,0.118141145859303,0.405009387482874,-5.36933554331538,"TEDC1"
-0.470143834576755,14.9667485484416,-1.81600996927261,0.118172500326568,0.405009387482874,-5.36950319456342,"OAS3"
0.116543252132967,20.3254310599795,1.81430586741578,0.118440762954967,0.40556010566778,-5.37178634377206,"RABL6"
-0.405009802401883,14.6008005927772,-1.81070785558825,0.119037721126777,0.407234309117921,-5.37664910268672,"SNAPIN"
0.186808815559576,16.4182639901474,1.80734900882129,0.119597665698004,0.408778966166341,-5.38118607431017,"OGT"
-0.324019345464983,20.5212712227807,-1.80950966199147,0.119949833106984,0.409611296026567,-5.37934405297349,"HNRNPA3"
1.21280162359883,14.0157983990796,1.80789445324092,0.120219338952977,0.409833717259196,-5.3815188457473,"IPO4"
-0.115048189505217,22.1825715993303,-1.80356024473317,0.120232384957207,0.409833717259196,-5.38630077686597,"GLI2"
2.03247154857277,13.3353352601598,1.80435023235652,0.120812800913046,0.411440162097726,-5.38628899093036,"SERPINC1"
-0.198625665586089,17.1310992035758,-1.79863329887093,0.121062726444052,0.411919204597541,-5.39294721828895,"FIZ1"
0.261730815510761,15.9519768374226,1.79621482752158,0.121472368434494,0.412274560006688,-5.39620774399099,"HAUS6"
0.204512300755695,15.9671041740319,1.79552083570368,0.121590167865607,0.412274560006688,-5.39714312421038,"MED11"
-0.208777114277321,16.8549032464395,-1.7947337737722,0.121723900701184,0.412274560006688,-5.39820381520564,"ZNF638"
0.272903085392347,17.5976692256532,1.79887091005504,0.121735962574855,0.412274560006688,-5.39365823668727,"CAPZA2"
-0.16127174224167,17.927094029669,-1.79460923411571,0.121745074938276,0.412274560006688,-5.3983716393527,"CSNK2B"
0.477342242523003,15.1505269517379,1.79656244885967,0.121823304999324,0.412274560006688,-5.39632748674732,"NDUFAF3"
-0.925398577855354,12.9026275102233,-1.78970280871614,0.122582143674431,0.414193591408362,-5.40498052175195,"BRI3BP"
-0.724212201503914,14.9721020651457,-1.79372013540629,0.122610092310804,0.414193591408362,-5.40057963727147,"ABCB1"
1.17573499411255,17.9274141511419,1.79078197931207,0.123111481183864,0.415515026018951,-5.40452519239572,"OTUD3"
0.538973722953955,15.2995511014655,1.78975040932626,0.123287993110253,0.415738581418296,-5.40591000026354,"SAMM50"
-0.478893688589226,14.3982170343839,-1.78331433334965,0.123680511640181,0.416689480682289,-5.41357745299609,"CMTM6"
-0.183680197608815,16.5538759854384,-1.78187898375647,0.123928612715571,0.417152562444379,-5.41550769852475,"DDX42"
1.80370812621313,14.8107625381253,1.78309534231262,0.124432727012778,0.418475808062599,-5.4148382277203,"RABL3"
-0.262373921066716,15.5017310150867,-1.77761688736285,0.124668191097023,0.418528956946416,-5.42123650373404,"RNF138"
0.200693093998384,15.7059545231412,1.77760326408255,0.124670561976346,0.418528956946416,-5.42125480837111,"EXOC1"
-0.179599293530941,17.8591402496147,-1.77524866429375,0.125080999222515,0.418759147440921,-5.42441786323973,"CCDC137"
-0.370712241815472,16.0593451186966,-1.77853142459426,0.125223783834778,0.418759147440921,-5.42095526298388,"ZNF384"
-2.85911171642732,13.1633312457443,-1.77845156131491,0.125237670214347,0.418759147440921,-5.42106226187828,"GINS1"
-0.0940224036784976,20.1870851200155,-1.77396036040524,0.125306125935578,0.418759147440921,-5.42614795611533,"DDX3X"
0.337894937729208,15.2185288523253,1.77394564144538,0.125308700309942,0.418759147440921,-5.42616772028336,"CHAMP1"
0.138779521708706,21.666836866294,1.7733918855239,0.125405590838408,0.418759147440921,-5.42691124959719,"SRSF1"
0.159523819743459,17.7345652169339,1.77248451731396,0.125564511066967,0.418918767011033,-5.42812941826144,"SNRPB2"
0.503949174223223,16.9903915773804,1.77420467397904,0.125978283623484,0.419927612078281,-5.4267500378284,"TMX1"
0.375909912371259,17.4021569886039,1.77190569456379,0.126380990179229,0.420741004399311,-5.4298272886716,"UGGT1"
2.0521953583279,13.8874292138326,1.77153805163864,0.126445506096663,0.420741004399311,-5.43031927625346,"MYNN"
0.211564888429319,16.6924259921778,1.76602958089852,0.126700745669393,0.421218528371792,-5.43678971546269,"KIF5B"
-0.277577688773643,18.1609764483458,-1.76895664602443,0.126899413698528,0.42139558408357,-5.43377288614147,"VARS1"
0.379173196958345,15.7737082896347,1.76684909592855,0.126977555310062,0.42139558408357,-5.43622284999697,"ZNF800"
0.153697536747359,17.6068726225723,1.75943592799035,0.127871756511892,0.423989905057022,-5.44562580368057,"UCHL5"
-0.287022121666837,16.4001283286686,-1.75904771245324,0.128292085968079,0.424038367441208,-5.44657355106366,"GFI1B"
-0.213002049844921,15.966774638529,-1.75703239511478,0.128301235326547,0.424038367441208,-5.44884413337713,"DNAJC11"
-0.147529454273553,17.5198101946121,-1.75702185446244,0.12830312189159,0.424038367441208,-5.44885824420468,"SRBD1"
-0.168859826834449,16.0474445287263,-1.75683661505317,0.128336280437777,0.424038367441208,-5.44910622076132,"TIGD1"
0.285049509940571,17.1386783813415,1.75916513366903,0.128635665292915,0.424462742760522,-5.44685858958424,"MAPKAPK3"
-2.30092449824934,14.0537911469496,-1.7588613770059,0.128689897871426,0.424462742760522,-5.44726417852211,"FTL"
0.512078938266786,15.7179445146391,1.75753445635708,0.128927067799607,0.424800855899331,-5.44903568278962,"LAPTM5"
-0.521607034541086,13.7654355182823,-1.75303980252813,0.129017766579505,0.424800855899331,-5.45418709173706,"TMEM126A"
0.284103545921537,15.7502900248365,1.75233459345865,0.129144731479831,0.424847851377804,-5.45513040814167,"OPA1"
0.148665054298462,17.4447267828169,1.75128710628836,0.129333544305926,0.425098048852085,-5.4565313433316,"INO80D"
-0.186168878635751,21.1051469623878,-1.75228590132086,0.129575492013046,0.425430934983772,-5.4556936567394,"ARGLU1"
-0.448842973187643,15.1270868141945,-1.7512290231746,0.129660515728476,0.425430934983772,-5.4569810642374,"ZNF451"
0.184644626822358,17.7191798273313,1.74609208213811,0.130287460434893,0.426756485258102,-5.46349082547805,"TAF7"
-0.116109189573255,20.281519090486,-1.74539835104048,0.130400023323796,0.426756485258102,-5.46440204829033,"CPSF6"
-0.405173029503905,15.1221172120331,-1.74510049532779,0.130454193052162,0.426756485258102,-5.46479992240663,"ZFP1"
-0.129674870063944,17.9826334159061,-1.74475363996169,0.130517301724825,0.426756485258102,-5.46526322204155,"KIFC1"
-0.288010692797702,15.3272766435024,-1.74315354021409,0.13080881690177,0.42733902921982,-5.46740010782928,"L3MBTL2"
0.420510156977931,15.6406109183966,1.7450178727519,0.131061750650776,0.427794631994308,-5.46558514945811,"CNPY3"
0.215916069015041,16.6168055750599,1.73892504172044,0.131582239249599,0.428211541797751,-5.47304404306888,"TBL1XR1"
-0.854887262321029,18.5880082163832,-1.74266729838164,0.131613733255029,0.428211541797751,-5.46885513203106,"PRSS1"
-0.2068556058721,15.6258308757038,-1.73863307310015,0.1316358061356,0.428211541797751,-5.47343357788506,"RBM15B"
-0.159686997895488,16.7641237451965,-1.73858943846586,0.131643813512889,0.428211541797751,-5.47349179190758,"TJP2"
1.5605603828401,12.8977546159625,1.74003590205406,0.131790102469482,0.428317833025816,-5.47201994138304,"TAP2"
1.58730568621461,13.9810474801565,1.74019255571677,0.132066218001701,0.428631719748149,-5.47214899440465,"NABP1"
-0.263119594316256,15.147566204934,-1.73603135972523,0.132114073832188,0.428631719748149,-5.47690374235388,"SFMBT2"
0.185328944027265,16.5744517457679,1.73453595869135,0.132389733934937,0.429156747149365,-5.47889752841179,"WDHD1"
-0.714061507775336,15.6882347580919,-1.73583768610073,0.13286615061134,0.429788162235725,-5.4779416170735,"PHF5A"
0.337706743132852,16.9390943107454,1.73563048623172,0.132904327899983,0.429788162235725,-5.47821710634119,"VDAC2"
-0.216711419083889,18.5213918160159,-1.73551004539592,0.132926524447442,0.429788162235725,-5.47837723742635,"PRKRA"
-0.257129750514636,15.9495630382777,-1.72639636278595,0.133899995484089,0.432564681212524,-5.48973982089115,"COXFA4"
-0.279909388814445,14.9222973977092,-1.72399543509115,0.134348659205312,0.432778190071798,-5.49293468973789,"INTS4"
1.76402633645344,13.0429777851006,1.72778129043505,0.134358459536759,0.432778190071798,-5.48864534559767,"KSR1"
-0.246931438054062,16.8459222698238,-1.7254825159108,0.134422177065138,0.432778190071798,-5.49132034521315,"PPP1CB"
-0.114470234893499,18.5700548488798,-1.7227308531521,0.134585558629695,0.432778190071798,-5.49461684131427,"DOCK2"
-0.324473253973446,15.9500617435286,-1.72429412304115,0.134609603598129,0.432778190071798,-5.49286372754527,"ECT2"
1.0629423185558,13.6781181945934,1.72393534570375,0.134782383613807,0.432778190071798,-5.49344871365651,"PITRM1"
0.442349233875902,15.8365947247226,1.72544615801844,0.134794042341952,0.432778190071798,-5.49174474620156,"GPALPP1"
-0.210353275248181,16.5009953203783,-1.72062258153244,0.134981410540848,0.432778190071798,-5.49742034266957,"C9orf78"
0.366542170069529,15.2952227585464,1.72038228014643,0.13502660142564,0.432778190071798,-5.49773981260365,"PPP6R3"
0.186218165519326,15.8791024580608,1.71991755046632,0.135114039712071,0.432778190071798,-5.49835760690805,"SIN3B"
0.130615333027649,17.8374584954948,1.7177476453946,0.135523031142394,0.433383564920329,-5.50124144614836,"RALY"
0.266530102037557,18.1401509063572,1.72127076222329,0.135576322092722,0.433383564920329,-5.4972832547495,"SNU13"
0.200033160166946,17.0430305190742,1.71708638414,0.135647906261535,0.433383564920329,-5.50212002648382,"PINX1"
-0.121383507868114,17.6552975891836,-1.71581259277783,0.135888768086118,0.433550744248513,-5.5038121152399,"KIF23"
-0.459087418008469,14.7813495811443,-1.71534221686503,0.135977816358668,0.433550744248513,-5.50443684826727,"OTUD4"
2.19162046514232,13.466201040607,1.71875978581971,0.136048887382248,0.433550744248513,-5.50061182434265,"RAD18"
0.3463027128881,15.2300274207021,1.7142773492453,0.136179618422224,0.433550744248513,-5.50585094289723,"TP53BP1"
-0.271017395823829,18.8896080767106,-1.71756009202048,0.136275233934878,0.433550744248513,-5.502201575163,"SNRPF"
0.208821992221809,15.9879632275652,1.71161956211162,0.136684558763231,0.433898058675857,-5.50937904566119,"TNRC18"
-1.28501238863302,13.7337540305525,-1.7146492362829,0.136825946719434,0.433898058675857,-5.50605729342612,"INPP4A"
0.183469360905466,17.368384133252,1.70964378185795,0.137061101452814,0.433898058675857,-5.51200059141431,"CCNK"
-0.618986892581242,13.9990836068492,-1.70913044122346,0.137159097639454,0.433898058675857,-5.51268154171107,"SLC43A3"
-0.154620248987012,16.6952716886677,-1.70855598259548,0.13726884154406,0.433898058675857,-5.51344348171768,"WDR4"
-0.143775725816209,17.3712521599468,-1.70828118333672,0.137321368899173,0.433898058675857,-5.51380793365497,"ZFC3H1"
0.469105901602168,14.6290734571127,1.7079917150235,0.137376721240176,0.433898058675857,-5.51419181846193,"TSPYL2"
0.782091710681247,16.1824341016151,1.71077678906712,0.137561934622272,0.433898058675857,-5.51118332497032,"GTF2H5"
0.130356278069744,17.5515444399924,1.70676163658832,0.137612178485253,0.433898058675857,-5.5158228629151,"H3-7"
-0.200750946033168,17.292926498619,-1.70681225319289,0.137616016327986,0.433898058675857,-5.51576850275249,"BLMH"
-0.243146243765178,16.0705444367386,-1.70630895652991,0.137698927083476,0.433898058675857,-5.51642299958621,"SBNO1"
0.215442231480527,18.6664113547985,1.70970920769694,0.137765510937666,0.433898058675857,-5.51259581439584,"NIN"
2.65866534595679,13.4015244764176,1.70769101275233,0.138151157537492,0.434302604684501,-5.5152652198317,"CALML3"
-0.321167473700818,14.6739139045761,-1.70359890674206,0.138219369673536,0.434302604684501,-5.52001466778193,"VPS26B"
-0.150359602123903,16.8614470541866,-1.70349399195175,0.138239555867746,0.434302604684501,-5.52015367292811,"GEMIN4"
-0.100344442082413,18.6047052752136,-1.70120572743047,0.138680540100588,0.435325259100097,-5.52318472877863,"DDX47"
0.127356415753404,18.6318399680473,1.69971938785318,0.138967708639634,0.435863778345608,-5.52515278452038,"CHD6"
-0.114909300734769,17.4114828020481,-1.69810293665099,0.13928066732893,0.436188347283491,-5.527292436011,"MTA1"
-0.125223610802735,17.0732547030759,-1.69705777001735,0.139483382615286,0.436188347283491,-5.52867551337767,"SMG6"
-0.286954754030514,15.3163352718996,-1.69681913979126,0.139529706064133,0.436188347283491,-5.52899125267119,"PIP"
1.37245704526101,13.1293405214466,1.69892141402484,0.139533991199971,0.436188347283491,-5.52657936128813,"BARGIN"
0.868071226987542,14.6009570060206,1.6959663579262,0.140412337559959,0.438457685702978,-5.5307517425294,"SH2D3C"
0.131324522180179,19.3226228477184,1.6913169562439,0.140601929689604,0.438457685702978,-5.53626701976131,"TPM3"
-0.915067860225935,14.009376055107,-1.69495608351227,0.140608844035783,0.438457685702978,-5.5320844457526,"DCLRE1A"
1.55407408802003,14.4275777474235,1.69272250798826,0.141044237112325,0.439179419638486,-5.53502988909639,"ADAT1"
0.196559297570364,19.2555041208231,1.69257373898533,0.141073283072203,0.439179419638486,-5.53522602469407,"ANPEP"
0.508605151499754,13.8792760926758,1.68776879515936,0.141297578671843,0.439514745538653,-5.5409544553376,"EPPK1"
-0.132357485335064,16.8522604654858,-1.68621510044665,0.141603237987502,0.440102396713012,-5.54300591919392,"GTF2E2"
0.184115734578885,16.5588990076268,1.68408211140218,0.142023900192641,0.44096494892924,-5.54582116956058,"RUNX3"
0.381809995660465,16.525480267489,1.68681683739352,0.14220172443352,0.44096494892924,-5.54281124829813,"EIF4A2"
0.219901634014466,16.4234261888993,1.68303087259601,0.142231665224922,0.44096494892924,-5.54720818935193,"GGCT"
0.320475647267305,16.1105932798265,1.68427104331325,0.14240921655039,0.441152626454373,-5.54592099321974,"LEO1"
-0.323589300820348,15.7254080902108,-1.67945954122461,0.142953219488954,0.442279979643778,-5.55192882907103,"DIS3L"
3.07349508923983,14.1176153984821,1.68273164269077,0.143007770606304,0.442279979643778,-5.54818835402473,"GTF2B"
0.161479434781072,16.1953644043011,1.67798664284912,0.143232676267877,0.442467620172909,-5.553859280947,"PLCB4"
-0.249059240303867,15.0931770063639,-1.67744256029031,0.143341051966492,0.442467620172909,-5.55457625264515,"C19orf47"
-0.296876295285125,15.1336339697242,-1.67704376037556,0.143420538952598,0.442467620172909,-5.55510172282461,"ISG15"
-1.72734904453999,14.3335199675922,-1.67955835743072,0.143636931169471,0.44277287858455,-5.55236199102717,"AARSD1"
-0.20965927742915,15.8781620424556,-1.67404473103558,0.144019651794419,0.443589849707391,-5.55905187716635,"APTX"
-0.207395966264055,16.7021323904895,-1.67345729229325,0.144137285382375,0.443589849707391,-5.55982531770353,"SECISBP2"
-0.103279711429437,18.4579381103966,-1.66963666439087,0.144904616630548,0.444588665044245,-5.56485326062361,"LARP7"
0.508575982010514,14.170663090643,1.66948739223762,0.144934675862037,0.444588665044245,-5.56504961735198,"AUP1"
-0.456353779725315,16.2183484742578,-1.67187839175629,0.145170693227679,0.444588665044245,-5.56245140432811,"GON4L"
-0.292842219155494,15.8396666639571,-1.66814030396281,0.14520621285946,0.444588665044245,-5.56682132355176,"WDR3"
0.325835011981249,15.3434863231511,1.66803617651046,0.14522722250974,0.444588665044245,-5.56695825135001,"KPNA4"
0.284063232049547,16.4145248081134,1.66974984753036,0.145293580602112,0.444588665044245,-5.56501565332075,"ZFAT"
-0.674693334193165,16.691490878891,-1.67083361523764,0.145380561159481,0.444588665044245,-5.56382268249011,"SREK1IP1"
0.62306350486619,13.8721532884367,1.66715438057304,0.145405258355319,0.444588665044245,-5.56811768885536,"CHP1"
-0.550745887508029,13.5733528521854,-1.66437757252425,0.1459672702699,0.44594538810172,-5.57176732671112,"NET1"
0.236960065088516,15.4588271766716,1.66306968557727,0.146232701960535,0.446394563879529,-5.57348554243734,"SAP130"
-0.411348424296449,15.6861310393769,-1.66527541784963,0.146501978259482,0.446854739513145,-5.57111267425754,"CSNK1G2"
2.51312003671512,14.3279487102345,1.66441841925308,0.146675624984392,0.447022721253967,-5.57223591097474,"NECTIN1"
1.10221078527526,13.4469676348925,1.66176471719116,0.146909662018312,0.447374334256089,-5.57549506908317,"DIAPH2"
-0.593215109678678,14.5684753369248,-1.65420914721009,0.148454702791333,0.451714470963136,-5.58539376528471,"NTHL1"
1.43149685908906,13.3087816691536,1.65499770051127,0.148597567962044,0.451784541303956,-5.58456941247646,"GGCX"
0.715434719295144,15.8209008076836,1.6534715429799,0.148911192912372,0.452373245189076,-5.58656502712224,"A2M"
0.545197146673869,14.6882780043614,1.64952478653409,0.14942042935909,0.453554765445869,-5.59152244248309,"SUMF2"
0.245291927213479,16.9123658231598,1.64644634787058,0.150069116078611,0.454795075304866,-5.59555345353975,"SRSF8"
-0.258694279328896,18.9099420505842,-1.6478577195951,0.150070311320757,0.454795075304866,-5.59389985294287,"SNRPD1"
-0.70308278765785,14.0850155252978,-1.64448865627032,0.150224134582237,0.45489557218878,-5.59795037065714,"KCMF1"
-0.606951570008224,16.8143044594492,-1.64271762511686,0.15113920638548,0.456768028906147,-5.60060759305232,"TMEM237"
-0.265859788690113,15.0233084704882,-1.63924691128709,0.151149205435152,0.456768028906147,-5.60469375511552,"CPNE8"
-0.0913137704208751,21.3424995979752,-1.63867699189083,0.151268740493741,0.456768028906147,-5.6054382701022,"HNRNPM"
-0.127306880290021,19.1214883360485,-1.63804010263141,0.151402428732945,0.456768028906147,-5.60627015408512,"STT3B"
-0.164428511303878,20.5736509433701,-1.63978219293462,0.151448285446335,0.456768028906147,-5.60424809598285,"NDUFS3"
-0.249204879447154,15.7186456755669,-1.63622238068177,0.151784604620025,0.456947838619246,-5.60864372179981,"PATL1"
1.2048481943227,13.5743439924188,1.63961258388373,0.151788440445035,0.456947838619246,-5.60465582553523,"NHLRC2"
-0.449323950428681,17.1168868681331,-1.63921615039946,0.151871523021198,0.456947838619246,-5.60517247326566,"H2AC6"
0.110107574083727,17.8660187720074,1.63513829459995,0.152012972207342,0.457008696349027,-5.6100588318552,"GATAD2B"
0.189751285396593,20.1918444374066,1.63772488541095,0.152184445420299,0.457159648792453,-5.60711552770724,"PABPN1"
-0.840043860159669,15.4773763730007,-1.63486010548691,0.152787315672621,0.458605238921802,-5.61084634249862,"UAP1L1"
-0.345281694668643,14.823484988722,-1.63061108071157,0.152970201297418,0.458656440034258,-5.61596451870812,"NSD1"
0.912389417748434,14.0208631463465,1.63362616519988,0.153047692722307,0.458656440034258,-5.61245254731957,"SLC25A4"
0.189090170527788,16.7183501741863,1.62915445198945,0.153279410831873,0.458986003841271,-5.61786332514326,"DYNC2I1"
-0.261067086264104,15.3683308845855,-1.62694360151123,0.153749864411049,0.460029356214012,-5.62074404932453,"TTC39A"
0.089270149361024,18.3379062273228,1.62606251837689,0.153937736319334,0.460109821193352,-5.6218916714982,"USP10"
-0.386539285121682,18.2320367717003,-1.62865959641487,0.154100002923386,0.460109821193352,-5.61891281140991,"TARS1"
-0.569684600159718,15.1358392863243,-1.6284578608729,0.154142892352043,0.460109821193352,-5.61917506063112,"RMI2"
1.62624859325678,12.8202714875765,1.62519241676758,0.154545124270798,0.460803146303215,-5.62325741027216,"CRYZ"
0.272664100554742,15.6029847139814,1.62287319042094,0.154619623361689,0.460803146303215,-5.62604378659366,"SLC16A1"
0.143054741900993,18.8643431873421,1.62147392473869,0.154919697997202,0.461332749960071,-5.62786445434824,"PWP1"
0.253728368705534,16.6595716494726,1.62164505139545,0.155293763610012,0.462081680197115,-5.62786213258348,"BCL7C"
-0.142943992337248,22.5173209375966,-1.61663757236666,0.155961139392954,0.463153390266067,-5.6341525733078,"ABCF1"
-1.4042635905793,13.1731307755394,-1.61994136844212,0.155963963393288,0.463153390266067,-5.63023484331871,"RFX5"
0.12626999119507,18.9078397022956,1.61623076759694,0.156049042467147,0.463153390266067,-5.6346811549288,"FBL"
0.239313958359356,16.1006825552612,1.61578533119977,0.156145347222326,0.463153390266067,-5.63525987236697,"S100A7"
0.0994245682585984,17.9795537431878,1.6120570952987,0.156953624442536,0.465163212771194,-5.64010117767444,"TGS1"
0.662798477419408,16.8691136656989,1.6147405874981,0.157086126677082,0.465163212771194,-5.63697773235124,"GNAI3"
-1.22862548440767,15.3912122984827,-1.61338876700308,0.157379065757986,0.465163212771194,-5.63872900871345,"GATAD1"
-0.156362390452124,16.0928165922121,-1.60979849637248,0.157445220386646,0.465163212771194,-5.64303192722621,"TNIK"
-0.26528563565518,14.9546525201298,-1.60967517240575,0.157472104609351,0.465163212771194,-5.64319190492727,"THEM6"
-0.290548317659205,16.060291377595,-1.61035294972972,0.157640266995103,0.465163212771194,-5.64246674820341,"SHOC2"
0.495883129501452,13.7131503950236,1.60745456641954,0.157956936883915,0.465163212771194,-5.64607167304058,"MTOR"
0.600134847166139,19.8332264773997,1.6106301296375,0.157978478864073,0.465163212771194,-5.64230103432011,"RPLP2"
-1.93796898805014,12.3813108870122,-1.6085911642854,0.15811896912676,0.465163212771194,-5.64479484572229,"CBLB"
-1.77236002672231,13.2916456637081,-1.60975590868239,0.158168888548623,0.465163212771194,-5.64343252211212,"UBR3"
-0.386058038222965,14.5995844044638,-1.60612873852808,0.158247085348279,0.465163212771194,-5.6477903019969,"DHX34"
-0.358987650311464,15.5852302660967,-1.6077460356104,0.1583035549033,0.465163212771194,-5.64588924187702,"COMT"
0.292985930656323,14.8938789440196,1.60474429188305,0.158550602578378,0.465384951461258,-5.64958431148227,"CNOT6L"
-0.123565890299918,22.3406999806805,-1.60440120047568,0.158625905206291,0.465384951461258,-5.65002880436413,"RPS3A"
-0.191307493047809,17.2693405831631,-1.60335308703323,0.158927436548158,0.465563219017413,-5.65141919744262,"ISG20L2"
-0.353813622136128,15.0766071038057,-1.60300066674165,0.158933650630082,0.465563219017413,-5.65184287394857,"NUP42"
-0.12923937876522,17.2942876470442,-1.59892332798602,0.159832812847784,0.467385086690392,-5.65712050279841,"UHRF1"
0.31153996690044,17.2228417380388,1.60215226959578,0.159834246058588,0.467385086690392,-5.65326358567596,"CLNS1A"
0.622405237525209,14.3602605042818,1.60035082426464,0.159927523031991,0.467385086690392,-5.65545590774916,"CCDC88C"
0.134677370043441,19.0867890489243,1.59678508700868,0.160306279718804,0.468129104988296,-5.659886033604,"SFSWAP"
1.77814996237011,13.0294853237563,1.59914584133701,0.160497311700312,0.46830922847129,-5.65714564985029,"RAB33A"
-0.177004549842689,16.3255768517552,-1.59538778072483,0.160616401170657,0.46830922847129,-5.66169245473331,"ZC3H7B"
0.43932562220713,15.7701899215166,1.59721588323095,0.160924340877049,0.468333975373461,-5.65963619098021,"STUB1"
-0.184686640018736,16.7578772818519,-1.59372750268453,0.160985626771119,0.468333975373461,-5.66383800890219,"CMAS"
0.887339689254011,13.6477952963536,1.5948545245285,0.160997568192044,0.468333975373461,-5.66249273088596,"DERA"
0.135191536353528,17.2864593238688,1.59297385613028,0.16115349397598,0.46842611587467,-5.66481163640835,"EIF2B2"
0.426451305639677,15.7914643737173,1.59283480395147,0.161897726691423,0.470226833302516,-5.66528536273655,"RAB14"
-0.147667974760406,16.362145287492,-1.58865284939521,0.162119161264067,0.470507496509263,-5.67039027371852,"ARHGAP4"
1.1014051628606,13.6696957261801,1.58952054868337,0.162637800460662,0.471649621335919,-5.66955479112326,"UBXN7"
-0.100160199277063,19.3667881908619,-1.58529986499315,0.162872266602555,0.471966521976657,-5.67471487441905,"STAU2"
0.682494191595959,15.4442129328144,1.58783661805704,0.163015052244061,0.472017470783495,-5.67172266281606,"ACAA2"
-0.209946130432563,15.4237917149999,-1.58335078316947,0.163311565617949,0.472513125387312,-5.67722702992421,"RNMT"
0.109007112019601,20.7984653067081,1.58212352576334,0.16358874923338,0.472857731427383,-5.67880817900231,"RBBP4"
-0.161296917651708,16.5648807626327,-1.58171320279778,0.163681522417171,0.472857731427383,-5.67933670984486,"GLYR1"
0.192975262249865,16.0777022065051,1.5808046716311,0.163887116553403,0.473089149621997,-5.68050677381673,"AGK"
0.121231229438941,19.6837507899217,1.57829045415565,0.164457339658652,0.47437197437882,-5.68374329305716,"ZNF207"
1.27080245869159,13.1146950302435,1.57953264462709,0.164584530067014,0.474375900881225,-5.68229153062874,"MIER1"
0.119876683745183,20.5432951328901,1.57519000278523,0.165163102424168,0.475679828983281,-5.68773152130088,"CHERP"
-0.225459399187043,16.0462003426208,-1.57436999603606,0.165350240332773,0.475855271797369,-5.68878578182156,"PLEKHF1"
0.178674256995272,16.3488133602936,1.57308294125121,0.165644369526972,0.476338118319361,-5.69044005208845,"TASOR"
-0.321028501731732,15.7900650542183,-1.57234132198211,0.166201619794542,0.47753292434537,-5.69152112505151,"MRPL55"
-0.118429011398241,17.45202623704,-1.5701643161782,0.166313190892698,0.47753292434537,-5.69418930972154,"ARRB2"
0.142144891163898,17.0470435671022,1.56821987846695,0.16676018475558,0.478426469216832,-5.69668551066663,"DDX31"
-0.0936452711646396,18.2127432062219,-1.56703341521815,0.167033489417914,0.478426469216832,-5.69820801272916,"DDX20"
-0.407890802295514,14.9051399454934,-1.56663893025468,0.167124453523449,0.478426469216832,-5.69871411931983,"MAPK3"
0.855334856083978,15.9526317482017,1.56943715403121,0.167191527818903,0.478426469216832,-5.69534895026242,"FABP5"
0.236552242824391,19.0305684964347,1.56914388965045,0.167258908866786,0.478426469216832,-5.69572460894006,"ACTBL2"
0.0913512317914353,21.5774759230262,1.56509127361336,0.167481778285904,0.478700761287232,-5.70069917568056,"HNRNPH1"
0.205606769426325,18.4868334566282,1.56745757402894,0.167646859054502,0.478809589875359,-5.69788414116076,"CSK"
-0.215843117931602,15.876255624628,-1.56024210237722,0.168606029125338,0.481184504014022,-5.70691345740243,"SMC3"
1.70439073905028,12.9598206761561,1.56261378135221,0.168765948351742,0.481276569807918,-5.70408184832377,"NEK6"
-0.43418639459172,19.0573377102597,-1.56204488944436,0.168897844959148,0.481288643609967,-5.70480923056636,"HRNR"
-0.169393079317167,17.8636696876081,-1.55793329462316,0.169457810570993,0.48241918490932,-5.70995546057636,"SF3A2"
-0.193353208163842,16.3453495099207,-1.55570594464772,0.16966414113179,0.48241918490932,-5.71271920018424,"TCF25"
-0.120640965395399,19.4985833516823,-1.55544366696425,0.169725511225322,0.48241918490932,-5.71305466432329,"SF3B6"
-0.152089212042654,16.9418391712702,-1.55453589088709,0.169938082139736,0.48241918490932,-5.71421556158654,"MKI67"
-0.166675276627947,16.0238858292666,-1.55395392946069,0.170074489852241,0.48241918490932,-5.71495964290315,"TAF12"
-0.1093968104258,21.4549383923745,-1.55307055159681,0.170281744329879,0.48241918490932,-5.71608888012408,"SF3B2"
2.59453839660419,14.1831345640693,1.55606822210965,0.170289420422949,0.48241918490932,-5.71244427106837,"CASP3"
1.6484859828936,13.9007679720986,1.55594473973891,0.170318285176208,0.48241918490932,-5.7126018872642,"PYHIN1"
0.224078739459145,18.1416517182568,1.5545190526061,0.170651882643798,0.483001199374715,-5.71442129143585,"KAT7"
1.0055475217644,15.6879145197591,1.54944996165514,0.171842999223134,0.485829207328873,-5.72088456062363,"ATP2C1"
0.210418416329141,21.8637248070921,1.54917091148817,0.171908796439447,0.485829207328873,-5.72124010008419,"SRSF7"
0.228086700558674,16.3027929019524,1.54541582233712,0.172087634991443,0.485970325032014,-5.72586250461544,"SH3KBP1"
-0.873909435179948,13.5761283040928,-1.54402411693668,0.172510302161362,0.485998915682175,-5.72765770341245,"PPP1R7"
0.400540579083914,14.3895103925523,1.54196402643857,0.172907848522668,0.485998915682175,-5.73026296968416,"PPP2R5D"
0.454741042935053,15.8478690493242,1.54483625690971,0.172933916454682,0.485998915682175,-5.72675941569211,"CRKL"
0.419970490463609,14.9108787625764,1.54226945192489,0.173036122171702,0.485998915682175,-5.72991693774938,"MRPS35"
0.150187215620885,19.8231080885598,1.54272017516727,0.173134944376412,0.485998915682175,-5.72938717539953,"RBM4"
-0.19821852389278,16.3907486171876,-1.54049096426578,0.173258992433772,0.485998915682175,-5.7321395798934,"RAB8A"
0.186332185010556,22.4083898858877,1.5432098342862,0.173320038502694,0.485998915682175,-5.72882864031413,"MYL12B"
0.270626480753808,15.6102167027926,1.54023116330459,0.173320992331735,0.485998915682175,-5.73247047297384,"WDR18"
0.704889558606917,14.6605534110044,1.5431667221274,0.173330284606536,0.485998915682175,-5.72888347732527,"GRK4"
-0.294321918522565,14.6517593558056,-1.53995516234833,0.173386881059025,0.485998915682175,-5.73282197245067,"SNAPC1"
-0.191903958628803,16.1197682916096,-1.53745059062201,0.17398586338716,0.487315531180976,-5.73601040219584,"HELLS"
-0.772391206372346,13.9974627345278,-1.53435448775648,0.175146156889843,0.489640176669228,-5.74002566373132,"ZNF653"
-0.217002021325701,18.0788363907173,-1.53444931426012,0.175413821840462,0.489640176669228,-5.73995818092598,"NDUFA13"
0.115584783928799,18.7122387730913,1.53121938294299,0.175484518094706,0.489640176669228,-5.74393315765911,"RBBP6"
-1.54800861599772,14.3709350198376,-1.53415149176611,0.175485418192065,0.489640176669228,-5.74033606122123,"PCK2"
0.160472813606898,17.0730217911959,1.53117918403413,0.175494225390513,0.489640176669228,-5.74398422331052,"PHF10"
-0.612689893287254,15.7106927086586,-1.53280160049565,0.175810275534627,0.489640176669228,-5.74204841992865,"FLG"
0.167217172518946,17.9793685943529,1.53148226380635,0.175827383151895,0.489640176669228,-5.74366981949242,"GNB1"
-0.21189456008336,15.7786629098416,-1.52938946235421,0.175926920032428,0.489640176669228,-5.7462571526501,"TAPBP"
-0.290850678963356,15.1193357564921,-1.52893626074871,0.176036647331648,0.489640176669228,-5.74683252862271,"RTF1"
-0.453839533931596,18.1714318580482,-1.53034915234083,0.176401913450408,0.489640176669228,-5.74515771972287,"ZBTB10"
0.247991362214762,19.063522331976,1.52995606326071,0.176496917368215,0.489640176669228,-5.74565589107891,"PAICS"
-0.544803882005537,14.3268992305632,-1.52624370327457,0.176689879937772,0.489640176669228,-5.75024939589798,"CEP57"
-0.235882907182061,15.6458075127113,-1.52607634956273,0.176730555844807,0.489640176669228,-5.75046168067243,"UBAP2"
-0.230945107128838,15.7262713468122,-1.52601183268659,0.176746239237181,0.489640176669228,-5.75054351626647,"LSG1"
-0.519300032504789,16.1697285834298,-1.52885204209656,0.17676400011852,0.489640176669228,-5.74705474666835,"LSM8"
0.113211881901357,18.0227076129424,1.52377967466396,0.177289656286518,0.490531477847727,-5.75337392480335,"FNBP4"
0.125857033260196,24.5894108043926,1.52354861860548,0.177345995837255,0.490531477847727,-5.75366680234936,"ACTG1"
0.57168763693976,14.8999181137653,1.52454319336351,0.177810020626002,0.491070700612293,-5.75251008703572,"CD34"
0.143905330246433,17.057258702715,1.52103385122255,0.177960267398174,0.491070700612293,-5.75685314669767,"RSRC1"
-0.355452283172475,14.6220223555782,-1.52058364964909,0.178070445859653,0.491070700612293,-5.75742332909577,"GPATCH2"
-0.228672997765424,15.8229625774686,-1.51943978625538,0.17835067189719,0.491070700612293,-5.75887169930937,"CELF2"
-0.422945131013265,16.2816114620993,-1.52181383607008,0.178475601545083,0.491070700612293,-5.75596218632005,"STBD1"
-0.157906241067217,15.952854595477,-1.5185837029571,0.178560666433115,0.491070700612293,-5.75995536185863,"DGKZ"
0.150821455545767,16.0125803834757,1.51850176307746,0.17858077813272,0.491070700612293,-5.76005907016427,"NCBP3"
1.14230383416754,12.840808590071,1.51849268899128,0.178583005448131,0.491070700612293,-5.76007055474935,"GATD3"
-1.61637566730094,14.5638529976616,-1.51977091210096,0.17897531568941,0.491790772703408,-5.75854430740694,"ESD"
0.176769798624264,20.663892016362,1.51871118499591,0.179235048595812,0.491918563905582,-5.75988313197706,"RPL13A"
0.650659888441478,14.2231989469119,1.51715231726551,0.17931759019086,0.491918563905582,-5.76181596625379,"PPP2R1B"
-0.420485597062237,15.8109943208025,-1.51795176505602,0.179421395017668,0.491918563905582,-5.76084230544233,"MBD2"
-0.254486392927022,14.888643587008,-1.51458842659372,0.179543751706653,0.491918563905582,-5.76500912342416,"MTHFSD"
0.404404034186793,14.9915491728833,1.51452236682358,0.179819675434654,0.492316758452175,-5.76512189913633,"DARS2"
-0.514715192528595,15.3766506714039,-1.51547636370065,0.180030068669285,0.492535093529177,-5.76396735344079,"NUP35"
-0.403874346748216,14.7314767675085,-1.51198041571352,0.180188206223612,0.492610251967381,-5.76830486551535,"GAS2L3"
-0.15569064372027,16.1648833729325,-1.51028446478844,0.18060844249975,0.493401324800042,-5.77044666722636,"CGGBP1"
0.163264759257657,18.9034149589026,1.51118917091361,0.180935775399705,0.49393763450897,-5.76935938343645,"TCOF1"
0.155129329986327,16.6309544546805,1.50816943568762,0.181133801654062,0.494056213479338,-5.77311620054881,"MED22"
-0.0993161316388935,18.0409774346252,-1.50748487851038,0.181304145968661,0.494056213479338,-5.77397986845573,"STRAP"
0.226156814399896,16.6150771035443,1.50846231388572,0.18137236059825,0.494056213479338,-5.7727749857845,"MTMR1"
1.9459226806941,12.6942743659227,1.50927909434366,0.181562390373985,0.494216759357345,-5.77178113118118,"PXN"
0.132096516033016,18.4795680046442,1.50587279770464,0.181705883858214,0.494250492168448,-5.77601304085718,"LTV1"
0.228260839444005,16.8628401772925,1.50587128817903,0.182121245033671,0.495023138988422,-5.77604880518436,"LSP1"
0.66060309702365,13.5746988612662,1.50230700362865,0.182597442892375,0.495959913331596,-5.7805067509014,"FAM193B"
-0.114016671485327,20.4532821923346,-1.50005168752712,0.183163442274793,0.496868945212642,-5.7833464593951,"PRPF3"
0.611202985691431,13.7043609245794,1.49992329948425,0.183195711895377,0.496868945212642,-5.78350805655891,"MCAT"
-0.367247721372626,15.8898465946014,-1.50000284973109,0.183878797421986,0.498363095816597,-5.78345029723823,"BCKDHA"
0.156799915919606,17.5573653118609,1.49656238273517,0.184042343002799,0.498448012299247,-5.78773606691891,"GSPT1"
-0.132059396712346,19.0404635906893,-1.49556490741321,0.184294311028199,0.498772112402234,-5.78899004874905,"MYO9B"
-1.3294980159016,13.6810583080436,-1.49692947623135,0.184652322937262,0.499382537642381,-5.78730935279436,"TMEM192"
0.159778400483727,17.8265521584684,1.49464208736922,0.184786294797171,0.499386617480525,-5.79016096698069,"RNF214"
0.190522273544826,15.7879936876281,1.49217764001968,0.185152348973458,0.500017446726316,-5.79324550635823,"PNISR"
0.189646116300231,18.379656549426,1.49359915118101,0.185493942747686,0.500389249544763,-5.79148700700105,"FBXO28"
-0.0838884156568334,20.6912408076804,-1.4905912238266,0.185555482987687,0.500389249544763,-5.7952370100617,"SRPK1"
0.28198579548827,14.7046386037923,1.48915039679024,0.185922326481516,0.50093042995164,-5.79704490207969,"FRYL"
-0.138695880648125,16.3976538095854,-1.48875972328058,0.186021910326869,0.50093042995164,-5.79753496440611,"UBE2S"
-2.01039979579278,12.5912354457116,-1.49079074651523,0.186206441409694,0.501069439053923,-5.79500666764908,"ADH5"
0.441521612214039,14.8880762061204,1.48877650815702,0.186420590357666,0.501287892759201,-5.79752301496121,"ATP1B3"
1.39048173986984,12.4982616542671,1.48295168176823,0.187508245806215,0.503853233563386,-5.80481356573629,"IMPA1"
-1.7156979167685,12.7817538483164,-1.48431684243691,0.187858599029959,0.50443512702489,-5.80310863737511,"NCDN"
-0.0871004223967589,20.0909431666487,-1.4809993794995,0.188010326820919,0.50448322570453,-5.80725720909346,"XRCC6"
-0.589738407409344,14.0253130776634,-1.48022320868652,0.188210283469428,0.504660575163403,-5.80822830398807,"NHSL2"
0.312241740810787,16.7786902041124,1.4812098615844,0.188656339543486,0.50484701402413,-5.80699122575418,"WRNIP1"
-0.14676829040215,18.9369752546606,-1.47978527558414,0.188725333907966,0.50484701402413,-5.80877302562923,"POLR1C"
-0.418922900113344,21.9277187714392,-1.48030459892741,0.188889363875381,0.50484701402413,-5.80812176845601,"RPL24"
-0.175153555023027,15.6311858115056,-1.47725286269926,0.188977322797323,0.50484701402413,-5.81194241251647,"PRKCI"
0.283236540559155,16.7229761704646,1.47980071528446,0.189019184714215,0.50484701402413,-5.80875090859767,"KDM1A"
1.22495553850413,13.5622351186906,1.47955203706696,0.189083284828136,0.50484701402413,-5.80906136739546,"AMOTL1"
0.346965015956687,15.9247920429916,1.47781953992598,0.189530419381783,0.50538915538874,-5.81122361054828,"BCCIP"
-0.684959138920521,15.0453010710828,-1.47772654784184,0.189554447140498,0.50538915538874,-5.81133963623388,"JCHAIN"
1.71112153879816,13.1370307079125,1.47596475396425,0.190010202711463,0.506246264467998,-5.81353717812675,"FGFR1"
-0.191461483338422,15.5995402234162,-1.4725877593708,0.190187846190636,0.506361709137497,-5.81776857711172,"PHF19"
0.266222848160375,15.6357412753429,1.46883721082031,0.191166252571664,0.508607460970481,-5.82244627751922,"RAB5C"
-1.43247679441026,14.0392499602294,-1.4663574142025,0.192513439655574,0.511113386064621,-5.82549926564001,"VPS72"
1.17195871821396,13.2436797646596,1.46564040997748,0.192513831764129,0.511113386064621,-5.8264010940561,"ATP6V1E1"
-0.456371522533772,14.9405952937665,-1.46567700746809,0.192514856289592,0.511113386064621,-5.82635499239488,"RPL22L1"
0.427036406880337,16.2900531110281,1.46505081326797,0.192856230767252,0.511659387749852,-5.82712329387584,"HOXA10"
-0.271859187397563,16.8574556864745,-1.46387627039737,0.1931648581052,0.512117802430804,-5.82858260207059,"MRPL16"
0.106384346406657,17.4954706075977,1.45885373940683,0.193793345072981,0.51342298729806,-5.83487011825168,"ACTR5"
-0.256738774680564,15.2543003954443,-1.45741888214975,0.194173644938883,0.514069270659824,-5.83665239210155,"KCNN4"
-1.46643076223492,13.108126562426,-1.45795278245714,0.194728310021476,0.51517595002173,-5.83593382862341,"MGAT2"
0.244809540808763,17.3808578716867,1.45638887120391,0.195143037908476,0.515911117051162,-5.83787234047502,"MED19"
-0.339752269016545,14.3811559954968,-1.45224141164959,0.195551625334741,0.516629031192692,-5.84307646711126,"MEN1"
-0.343498685837893,16.2267493169976,-1.4527158842152,0.196120273898651,0.51776851022263,-5.84242123062104,"FAM76A"
0.194740283261964,18.4543072847462,1.45217354910686,0.196264949935332,0.517787866519384,-5.84309243476162,"CAPZB"
0.220788634712438,16.1970546856654,1.44872261339289,0.196493283895314,0.518027748451284,-5.84743621818408,"GPHN"
-0.858964984618606,15.9774036644244,-1.44895066649463,0.197126735668432,0.519334586631718,-5.84707867088879,"BRAP"
0.391771645830854,15.310619246479,1.44688314508282,0.197530651244034,0.520035303903638,-5.84965113567756,"NSRP1"
-0.717794064919465,15.022906490177,-1.44653768717463,0.197774239631709,0.520036986577057,-5.85006040477254,"MED29"
0.206612142095558,17.9249571622621,1.44592541036106,0.197938850848897,0.520036986577057,-5.85081662067798,"EIF4B"
1.40378944808286,13.2894343359419,1.44552416050594,0.19804679573969,0.520036986577057,-5.85131211643438,"PRDM15"
-0.357944910320169,14.5726084629636,-1.44281698831911,0.198083053773118,0.520036986577057,-5.85474170716233,"EIF4E2"
-0.163330614639557,16.0223281405377,-1.44173485725111,0.198375637098378,0.520090209304329,-5.85607877334372,"NOSIP"
0.203744638675451,15.5687513583812,1.44172155446376,0.198379236334118,0.520090209304329,-5.85609520704359,"SPAG5"
0.105249246487595,17.7085178391297,1.43487256187249,0.20024029730676,0.524086821842145,-5.86454631910926,"BAZ2B"
0.363901216582061,16.3924066630197,1.43665137410601,0.200447664506891,0.524086821842145,-5.86225202736916,"C1QBP"
0.90202418687573,14.5858320216647,1.43658271055027,0.200466348019503,0.524086821842145,-5.86233656087105,"STK35"
-0.207267937026067,16.838349953258,-1.43479834841112,0.200643051989556,0.524086821842145,-5.86457990931215,"DOCK8"
0.294064572902705,16.4287727699869,1.43524486617269,0.200830698266524,0.524086821842145,-5.86398322539273,"MAP1A"
-0.358879780732568,14.3087512449318,-1.43263285212752,0.200852354301947,0.524086821842145,-5.86730566084829,"ATF6"
-0.184626056786495,17.8873626421652,-1.43507582228157,0.200876779194138,0.524086821842145,-5.86419123744807,"CFAP20"
-0.313089845627307,14.426471758523,-1.42996812628944,0.201582790637168,0.524664454414461,-5.87058586143177,"DIPK2A"
-0.281835237627579,20.4125299251924,-1.43231298283844,0.201631300726137,0.524664454414461,-5.86758928251421,"H1-3"
-0.144113051503226,16.3563332535814,-1.42975049920113,0.201642552422577,0.524664454414461,-5.87085362107272,"THYN1"
0.154984381963844,15.9285029070052,1.42970571435953,0.201654852638343,0.524664454414461,-5.87090872004993,"GID8"
0.346333508299066,14.8589392406109,1.42526114736908,0.202878981134242,0.527485350949029,-5.8763726425121,"ATP2B4"
-0.164417095571068,24.2782447943369,-1.42444775551765,0.203510406079621,0.528762392088334,-5.87729740252954,"IFI16"
0.423951938015165,15.4680668786637,1.4233931289314,0.204085079871763,0.529589997170381,-5.87853807735318,"SLC1A5"
-0.861393646623,13.6499185958976,-1.42224397443151,0.204109884851078,0.529589997170381,-5.88000206631293,"SEC11A"
0.263934842060248,15.4962439762799,1.4192741556166,0.204538671630288,0.530337546111544,-5.88371938358911,"PABPC1L"
-0.389038638577121,13.9093804666214,-1.41763729889216,0.204994589441267,0.530813363722296,-5.8857253140516,"SERPINB7"
0.340759187843469,14.7595764787419,1.41681919989185,0.205222804264964,0.530813363722296,-5.88672744184583,"MICOS13"
0.123381708732442,17.1858088549824,1.41662988747298,0.205275647416383,0.530813363722296,-5.88695929825126,"TNRC6B"
0.292150615702884,15.6474946018669,1.41750342283515,0.205285380452814,0.530813363722296,-5.88583788283553,"NCAPG"
-0.549842116195016,14.6360503547821,-1.41736895389549,0.205757739587197,0.531171135143473,-5.88591351327029,"SP4"
-0.12199649357261,19.4061560507065,-1.41402605765861,0.206003720868223,0.531171135143473,-5.89014670849494,"POLR1A"
0.722350393483039,15.6999414616751,1.41606398569124,0.206121724527853,0.531171135143473,-5.88750915768256,"IDE"
-0.154400674889722,16.5284186114631,-1.41320098114071,0.206234916920758,0.531171135143473,-5.89115609041624,"EED"
1.26248832660362,13.9472789340122,1.41558000417824,0.206256867575443,0.531171135143473,-5.88810075900354,"MBLAC2"
-0.584329825257262,15.1723324596008,-1.4155361779938,0.206269109244044,0.531171135143473,-5.88815432558212,"TRAF2"
-0.17534181900553,15.8949290359042,-1.41228974376027,0.206490531277974,0.531378363766526,-5.89227053573932,"WRN"
0.434683236003652,15.4168434872718,1.41419980303127,0.206642709057785,0.531407239527865,-5.88978731571737,"SETD3"
0.209029093451122,15.9710037088722,1.41066322938966,0.206947508672962,0.53182829427203,-5.89425886739065,"CWC27"
-0.13836997725215,16.2793463936895,-1.40983145549335,0.207181555864921,0.532067074666725,-5.89527522291136,"LYZ"
0.078895989703895,17.9226852281093,1.40932402231047,0.207324457493358,0.532071616575873,-5.89589511377754,"ACTR8"
0.165857981913369,16.9120606547048,1.4082620459104,0.207623818459438,0.532475957709971,-5.89719208160728,"SMARCAL1"
-0.27877750260947,14.803649987383,-1.40756993212972,0.207819130617464,0.532475957709971,-5.89803707877553,"CYP1B1"
-0.420694339381223,15.1173699796496,-1.40969824414308,0.207905732028933,0.532475957709971,-5.89528237573206,"CNTRL"
0.196794522594647,16.8921941695839,1.40650603226905,0.208450959135717,0.533509922567315,-5.89925766880598,"LRRFIP1"
0.121682638798987,19.7353971551952,1.40458614302045,0.208663062984345,0.533690466384655,-5.90167756073063,"POLR2A"
0.991056037028025,12.9268346995851,1.40083427257446,0.209728665762343,0.53569206192427,-5.90624960443235,"STXBP5"
-0.638496829022298,14.2717591093304,-1.40220032349467,0.209906917481955,0.53569206192427,-5.90444510751335,"PANK4"
-0.171073029164191,15.7899693679584,-1.39927694739262,0.210172427688467,0.53569206192427,-5.90814553932973,"MSH3"
0.130100759306746,17.3273990215137,1.3990872791049,0.210226532201323,0.53569206192427,-5.90837637382713,"DNAJA1"
0.17784149348897,16.997627869301,1.39896674087803,0.210273844364886,0.53569206192427,-5.90851975524161,"DOCK7"
-0.725846980395431,13.3806066071533,-1.39789047588846,0.210568222713778,0.53569206192427,-5.9098325668147,"AMER1"
-0.243096701770298,17.3055469062536,-1.40024744878371,0.210580355840083,0.53569206192427,-5.90679045647549,"DSC1"
0.19538804068182,17.5228843102191,1.40016029112309,0.210605167319031,0.53569206192427,-5.90689640594236,"RBBP7"
-0.480414380890769,14.1693937806072,-1.39734372257717,0.210724490141563,0.53569206192427,-5.91049760926022,"CEP97"
-0.14410807813508,16.7568685179459,-1.39601994261885,0.211103275860531,0.536293362529785,-5.91210723597249,"PTK2"
0.522941466264164,17.7070867375167,1.39604143485858,0.211780738982959,0.53716246845178,-5.91189952006534,"PRKCSH"
-0.118162677797049,18.0240485697818,-1.39344110460005,0.211842959632834,0.53716246845178,-5.91524068510578,"MIB1"
-0.222149351216016,15.199662008683,-1.39327495668134,0.211890696154093,0.53716246845178,-5.915442463354,"GTF3A"
-0.231687819688123,14.6499048540708,-1.39284136405954,0.212015319113063,0.53716246845178,-5.91596898152081,"PHAX"
-0.139824517759624,16.9677395644277,-1.39144223452917,0.212417909968988,0.537507362951431,-5.91766739198794,"DNAJB11"
-0.33138238179852,15.6831190357042,-1.39334191434975,0.21243659702855,0.537507362951431,-5.91520685137184,"DNMT3B"
0.753238260523636,13.1231057337245,1.39037327792725,0.212725962899954,0.537878524569301,-5.91896441251634,"CD101"
0.40044772125548,15.1544049637117,1.38654134583805,0.214397408681694,0.541741441508033,-5.92344505666565,"SEC61A1"
-0.111301088300351,17.8592216527559,-1.38407857267652,0.214548207418602,0.541759371713415,-5.92659167373519,"USP39"
-0.948933830546929,13.1365776296334,-1.38278583262485,0.214924186660464,0.542345504491265,-5.92815586384417,"MAP3K7"
0.16829987685508,20.521124266291,1.38436394098787,0.215146179924579,0.542542540679373,-5.92604327045707,"RPL21"
0.283047800283617,14.9771239547098,1.38096550432767,0.215454620518097,0.542957165343064,-5.93035713945218,"SKIC2"
-0.210244454075777,15.6361410573331,-1.37863836153036,0.216134462608473,0.544016803954237,-5.93316909696241,"MELK"
0.309149949132436,18.1004041974225,1.38069915025129,0.216212343156286,0.544016803954237,-5.93046952668231,"DDB1"
-0.0880434068287315,17.9092653629475,-1.37804536646157,0.216308007726101,0.544016803954237,-5.93388523617999,"DDX54"
0.546634260705821,14.5871151843821,1.37885223826229,0.216751462646589,0.544539699535706,-5.93269790107636,"LMAN1"
-0.260633513383919,16.8041551468144,-1.37861887208432,0.216819669659875,0.544539699535706,-5.93297935751773,"U2AF1L4"
0.0827415974201422,19.2839215752,1.3754016888552,0.217083236677444,0.544539699535706,-5.9370759565745,"RPS17"
0.952314704346888,12.9729634167997,1.37536613812956,0.217093678621264,0.544539699535706,-5.93711884182849,"SIPA1"
0.302897927452062,15.2420167558742,1.37487366733771,0.217238373629236,0.544540338153071,-5.93771285546538,"NEK9"
0.267652383510386,15.1331739843906,1.37390348922271,0.217523680872693,0.544714728264414,-5.93888274966729,"TFCP2"
0.404612959540193,15.7004137643898,1.37561192009118,0.217700267686988,0.544714728264414,-5.93660375882538,"ASCC2"
0.117229364715502,19.2600318085868,1.37250943605166,0.217934232713779,0.544714728264414,-5.94056301872597,"FLII"
0.131152577302871,17.4506259756935,1.37215092231944,0.21803992888773,0.544714728264414,-5.94099499514263,"MED27"
0.14751469096387,16.8801683807802,1.37171085967575,0.218169730394341,0.544714728264414,-5.94152514967596,"TAF9"
-0.251071507068644,15.8967254280416,-1.3719931081267,0.21817486463641,0.544714728264414,-5.94115587711768,"CBX4"
-0.376540733783134,17.2398663788192,-1.37343721272764,0.218339157533079,0.544764145532566,-5.93922247153156,"TAF15"
-0.439275697446623,15.8172958317086,-1.37279930915619,0.218526883941265,0.544871926229211,-5.9399902073466,"TRAF3IP3"
-0.110032159882401,19.9509838389505,-1.36724466503972,0.219491036687613,0.54637800990493,-5.94690063028542,"MATR3"
-0.772097602716149,14.9716553354393,-1.36892220127646,0.21967101030961,0.54637800990493,-5.9446524365051,"PITHD1"
-0.355411986312145,17.7754244604459,-1.36889549661957,0.219678909556136,0.54637800990493,-5.94468452512174,"ZFP36L2"
1.5894251318333,12.2556990248477,1.36650477207803,0.219710626794661,0.54637800990493,-5.94779026914158,"CYCS"
0.150122896580573,16.5258980289138,1.36572068169414,0.219943550253765,0.546402737316746,-5.94873277327863,"ESS2"
0.168723349375805,15.5019114949041,1.3654763065811,0.220016190301488,0.546402737316746,-5.94902646238501,"BRPF1"
0.214301301950369,14.8725980680189,1.3650082706918,0.220155373470593,0.546402737316746,-5.9495888687223,"NDUFA11"
-0.410604789157722,14.3577444881511,-1.36429939923347,0.220366326743459,0.546566481462395,-5.95044047655517,"FKBP15"
-0.153090598927857,16.4535536459816,-1.36280171873534,0.220812620966104,0.547157290307723,-5.95223895665156,"TUT1"
0.53531414557926,14.7988675790014,1.36479530223582,0.220894799959776,0.547157290307723,-5.94960749068778,"NUDT5"
0.14459097179202,17.8310901192119,1.36256522208437,0.221116136882876,0.547345919926752,-5.95243987221157,"TADA3"
-0.289355989290026,21.1517743406667,-1.36298008240738,0.221435033172682,0.547618859058521,-5.95178449890087,"RPS15A"
0.776979018723816,14.3618282661654,1.36270531157615,0.221516912483884,0.547618859058521,-5.95211390162313,"CDV3"
-0.264230460510035,16.9248857818789,-1.36207908865804,0.221703623620822,0.547721271985911,-5.9528645045699,"AHSA1"
0.0771083713676077,23.4037546594282,1.35852964891256,0.222090132137474,0.548235046802155,-5.95736329083562,"PUF60"
0.293804149151239,14.9285282564788,1.35815518534334,0.222202427457213,0.548235046802155,-5.9578120514217,"TBC1D31"
-0.203976373348164,15.9321871138004,-1.35692157585003,0.222572727582677,0.548789524517131,-5.95928995482246,"ZHX1"
-0.381561955464484,17.8164819550488,-1.35697623259165,0.223230365297465,0.550051292268917,-5.95897412913394,"TNPO1"
-0.20488656234752,15.0162020181397,-1.35299568099768,0.223754883371805,0.550914134266728,-5.96398853607237,"SETD1A"
0.126756210982904,16.8579961239552,1.35237447889189,0.223942454419824,0.550914134266728,-5.96473133558504,"KIF15"
0.726395231683282,13.9553853483484,1.35384859693007,0.224018930459123,0.550914134266728,-5.96277060369248,"DYNC1LI2"
-0.360929281234798,15.5834250883488,-1.34963017511828,0.225444904957927,0.554059512184737,-5.96774826193787,"PLEKHF2"
0.186913173415249,15.4900497670272,1.34495173846158,0.22619468666825,0.555277200831904,-5.97359288321467,"NUP50"
0.887682505291018,15.0665034552761,1.34702514286511,0.2262349550339,0.555277200831904,-5.97085364364564,"RTN4"
0.427477554041523,16.2625601246292,1.34567550544266,0.226645249464525,0.555922310007326,-5.97246125033608,"DSC3"
-0.3037169524153,14.9000788217934,-1.342392090068,0.226976041544691,0.556371701315659,-5.97664260001267,"EZH2"
0.211136050709522,15.1909641521613,1.34129879365045,0.227310516244552,0.556829529721873,-5.97794426190205,"MTCH2"
0.213801005859832,17.6058226102757,1.34294734650491,0.227476662424643,0.556874686585003,-5.97570824274373,"EVL"
0.456137164875651,14.8226199890399,1.34052832704582,0.228216155194411,0.558322456251091,-5.97858435678573,"CCDC6"
-0.118204031869098,17.8365943267031,-1.33718741103441,0.228572275264139,0.558831049121791,-5.98283406954934,"FHOD1"
0.200812995891333,16.2247848298028,1.33543340127511,0.229112475123824,0.559788743497612,-5.98491769381358,"RPF2"
-0.527484057840482,14.2320678953811,-1.33486655425786,0.229517713807177,0.560176119909598,-5.98549234133503,"RNF10"
0.152714539640755,16.7457593296937,1.33368814754102,0.229651111203385,0.560176119909598,-5.98698943986636,"UTP20"
-0.2497155629119,14.7773730188341,-1.33347560425734,0.229716785512,0.560176119909598,-5.98724164377548,"UNC50"
0.267841848423627,15.1562506136814,1.33210224716018,0.230141547518361,0.560849149414494,-5.98887074133004,"MRPS31"
-0.748048666916041,14.9546259383131,-1.33368681192765,0.230319296024254,0.560919732565528,-5.98670355557506,"RBX1"
-0.193285618663396,18.2136597479701,-1.33295785025877,0.230544406425076,0.561043719424084,-5.98756733472763,"SEC62"
-0.639135945957932,14.6348237968664,-1.33210888518307,0.230806823500595,0.561043719424084,-5.98857298978507,"AMPD3"
-0.0739522860294208,19.7586037736423,-1.3299240995558,0.230816660166248,0.561043719424084,-5.99145261445529,"DDX23"
0.469658297245486,15.3706627372511,1.32941605199442,0.231640955450024,0.562684537401154,-5.99176053493321,"HDHD5"
-0.379580860647687,14.3998595262499,-1.32633803278756,0.231932007315224,0.5627402894655,-5.99569833049058,"PCNP"
-0.280766985201774,14.8482389745178,-1.32624039201222,0.231962442925567,0.5627402894655,-5.99581384419126,"CHD8"
-0.109739352660036,16.646781270453,-1.32425599953706,0.232581770359086,0.563614218963037,-5.99816046324927,"ZNF512B"
0.191871747914586,16.4037773085328,1.32412829391958,0.232621677640978,0.563614218963037,-5.99831141383327,"PLEKHA2"
-0.0786561712620326,19.4737981562398,-1.32272501869429,0.233060595421413,0.564314993409588,-5.99996958555056,"XRN2"
0.370089789827981,14.8188976883521,1.32051856018927,0.233828647736581,0.565811297796477,-6.00253956834322,"PDK3"
-0.117083028924533,19.5981831982,-1.31961584735903,0.234048248713493,0.565979408370667,-6.00363424998629,"RBM10"
0.132528922967829,19.4874212290406,1.31871344105521,0.234700612938671,0.567193147935123,-6.00452660800933,"NAP1L1"
-0.435130211451852,14.7056398302159,-1.31802221451541,0.234918011951332,0.567253951633732,-6.00534109107287,"HSD17B4"
0.100989660406096,17.5534129764135,1.31624929704167,0.235095650117813,0.567253951633732,-6.00760901043827,"PPIG"
0.425918193777509,16.9526831911437,1.31809553919017,0.2351771688073,0.567253951633732,-6.00512239275357,"VWA8"
0.14484746828402,16.6053598580787,1.3144330860319,0.235669243455332,0.567817341794271,-6.00974787247403,"TAF3"
-0.219021774160499,16.3603879786966,-1.31545710876849,0.235711973450407,0.567817341794271,-6.00836836009509,"TSEN2"
-0.459584740010545,15.8551089253278,-1.31340584457185,0.236656163283732,0.569375772142277,-6.01063942253312,"RAB1A"
-0.33924622353941,14.5289633897334,-1.31129529188353,0.236663149589227,0.569375772142277,-6.01343923214275,"ZKSCAN8"
0.154874333765839,17.997888484984,1.31226710122043,0.236811992233181,0.569375772142277,-6.0120761643823,"MED7"
0.532157922711892,17.2339415174031,1.31165288711874,0.237211120725974,0.569755382729959,-6.01269885130394,"POTEI"
-0.347803512869758,15.5095360015527,-1.31146038122528,0.237272135513537,0.569755382729959,-6.01292492081757,"DST"
-0.270799848016065,14.3124929625828,-1.30752008736199,0.237863891249045,0.570681912183853,-6.01787393890334,"MCM10"
-0.0844433774343933,18.7025407761923,-1.3071454206668,0.237983352229237,0.570681912183853,-6.01831366797192,"MAP7D3"
-0.91482974084985,18.4503643177994,-1.30881468007172,0.238112108187056,0.570681912183853,-6.01603004702131,"LCN2"
0.127837167121395,15.8783087925996,1.30478972442859,0.238735676768007,0.571812897976738,-6.02107682528941,"DOCK10"
-0.114084775858235,17.698299599645,-1.30271660221517,0.239399501266333,0.572889305605487,-6.02350622203475,"RTRAF"
-0.0861216664701985,18.3784932042085,-1.302437474877,0.239489004147015,0.572889305605487,-6.02383315301294,"RASA2"
0.265182362476363,17.3825443845342,1.30239400357053,0.240161593570945,0.573787752408556,-6.02355122568961,"IPO9"
0.209467169432678,19.7491162049183,1.30194712228896,0.240304820382986,0.573787752408556,-6.02407393754047,"LLPH"
-0.203739461670931,17.3167526694379,-1.30189608348211,0.240321183303212,0.573787752408556,-6.02413363068901,"GCH1"
-1.02237979231317,13.7979078958916,-1.30020136996628,0.240865066705711,0.574722342709195,-6.02611496636422,"PAPSS1"
-0.289917090755315,14.7277910997436,-1.29762903463944,0.241035502945339,0.574765241052452,-6.02945890526358,"TRIM58"
0.460744430377895,15.3199026450438,1.29790042832832,0.24160525559655,0.575759679898225,-6.0288027557358,"FAM83D"
-0.121472523642865,18.0151451137585,-1.29467604216769,0.241989624485867,0.575949627913857,-6.03290801507183,"EPB41L2"
-0.338385378693394,13.9453672375604,-1.29467331620422,0.241990506794576,0.575949627913857,-6.03291119695933,"IDH3B"
-0.13832149226894,16.4323305312688,-1.29314949468945,0.242484165320324,0.57652499642769,-6.03468928797646,"GTPBP6"
0.169764207622322,16.1531821933606,1.29231313897565,0.242755490002907,0.57652499642769,-6.03566469653938,"LACTB"
-0.123932741699097,16.7253152506853,-1.2920431564263,0.242843133117336,0.57652499642769,-6.03597949014886,"ZNF281"
-0.11379007060826,18.5035278705184,-1.29204063813377,0.242843950749913,0.57652499642769,-6.03598242624609,"ELOC"
0.302658438613509,14.1132890200554,1.28792711397756,0.244182769129211,0.579262706503998,-6.04077407863775,"KLHL6"
-0.18216407245081,22.6599626375185,-1.28956242992442,0.244304430594524,0.579262706503998,-6.0385202369461,"SRSF3"
1.15622537434377,12.7347978751331,1.28519642523429,0.245087449550173,0.580628895840965,-6.04394341949986,"SENP5"
-0.125381925123143,17.9552059337349,-1.28484962385649,0.245188647792789,0.580628895840965,-6.04435321604355,"NAA40"
0.199191993765083,15.7639259772275,1.28402138860936,0.245459980043072,0.580906544106956,-6.0453156239102,"DHX38"
0.129329277925464,16.5111488380742,1.28329372814961,0.245698582092348,0.581106433179519,-6.04616087154743,"PLK1"
0.241310653710681,14.9086683425925,1.28132068189311,0.246346578626925,0.582273731300005,-6.04845137586507,"NUP133"
0.101269388181244,19.8634827145866,1.27885297306883,0.247159152711472,0.583828324387374,-6.05131329108986,"PRPF8"
0.407440375583588,15.6132399582876,1.27782120700399,0.248150534787266,0.58580307836443,-6.05214401710714,"PHF23"
0.190566387347399,18.5875419840799,1.27681477083688,0.24848269035594,0.586220114294052,-6.05330852942201,"TRIM28"
0.135139746236426,18.9554030191759,1.27517163813615,0.248807594015068,0.586323545288495,-6.0553322861928,"MED4"
-0.839460359101178,14.8562779943075,-1.27540537738673,0.248948493459761,0.586323545288495,-6.05493841035771,"BIN1"
0.133796544957228,17.5670098542487,1.27330957776605,0.248993102389093,0.586323545288495,-6.05773065755834,"MED20"
-0.375399637570167,14.4767010705863,-1.27253964329491,0.249248767580278,0.586341278992204,-6.0586207094657,"ATXN7L3"
0.285405297480461,15.2968479640776,1.27235025999754,0.249311689714722,0.586341278992204,-6.05883959083193,"ABCF3"
0.375813748185818,15.0885059951525,1.27297914419446,0.249623792272603,0.58670928732401,-6.0578151663534,"SLC2A1"
-0.164456936832694,15.7716369626162,-1.27047276634892,0.249936237538967,0.587077642069722,-6.06100850207328,"USP36"
-0.704130880995438,14.4445770886243,-1.27123422477629,0.250331567311296,0.58764010508318,-6.05975607615623,"SLC27A4"
-0.585771544927217,13.6834647464776,-1.26724463395087,0.251013286490124,0.588285009716068,-6.06473335954022,"KNSTRN"
0.317656714349072,14.8677549932021,1.26711344911621,0.251057141577608,0.588285009716068,-6.06488461416042,"RANBP3"
0.120179967970667,16.7953600552666,1.26706175558109,0.251074424571128,0.588285009716068,-6.064944213723,"SP110"
0.482492637121835,15.4952740962713,1.26763197920019,0.251531442401525,0.588736323394748,-6.06390937710092,"RHOG"
0.125206705987541,19.9266097193659,1.26666387606406,0.251579367901575,0.588736323394748,-6.06518552399188,"SNRNP200"
-0.917178480928046,13.6895351016644,-1.26572192247074,0.252169714974264,0.589751752762392,-6.06610887748305,"DOHH"
-0.51638932309954,14.3700322989328,-1.26393837472521,0.252501692311345,0.589992575189116,-6.06831770701337,"AACS"
-1.08759543515523,17.2445171237376,-1.26408945924956,0.252716353686211,0.589992575189116,-6.06798720472066,"SPG11"
0.205557327010467,17.9830027025737,1.26401241686577,0.252742177435125,0.589992575189116,-6.06807581586449,"IMPDH2"
0.1784884994316,15.3897051601596,1.26131186632768,0.253003340025548,0.590183115037681,-6.07156466878515,"UTP4"
-0.139196870629164,17.2655305254602,-1.25998154769605,0.253451466718048,0.590183115037681,-6.07309390627722,"TGM3"
0.0866681051422518,17.7026463975445,1.25966755964653,0.253557336973161,0.590183115037681,-6.07345470669638,"CCDC59"
0.124212542233163,17.270431769094,1.25944884092506,0.253631107255718,0.590183115037681,-6.07370600308665,"CEP78"
0.582578574617088,14.0985322095272,1.26007242961737,0.253791446937628,0.590183115037681,-6.0727676554234,"SQSTM1"
0.0857035360051093,18.4279349331679,1.25840200808,0.253984447139068,0.590183115037681,-6.07490840630889,"MACROH2A1"
-0.327760286618847,14.6488982837075,-1.25791858244667,0.254147764204514,0.590183115037681,-6.07546347679496,"JAK1"
0.163459978718212,16.7462963414,1.25766211467079,0.254234444735548,0.590183115037681,-6.07575790307528,"NOL4L"
-0.159657959368189,17.5489258381695,-1.25854782475877,0.254315207648,0.590183115037681,-6.07451230824896,"CDK1"
-0.217953930795963,16.0962630386519,-1.25790602249882,0.254389273723138,0.590183115037681,-6.07533483828139,"DENR"
0.102872292302369,18.4088486862223,1.25624889132901,0.254712547401532,0.590191980647477,-6.07737966019248,"MED1"
0.678185299189785,12.8825409190171,1.25582485315357,0.254856155519361,0.590191980647477,-6.0778660607231,"ZCCHC4"
-0.494341829640767,15.3732388536057,-1.25765168358124,0.254882233218268,0.590191980647477,-6.07538090977245,"NCCRP1"
-0.21039021253622,15.0479848694895,-1.25534340161788,0.255019293494626,0.590191980647477,-6.0784182016104,"AGPAT5"
-0.0848993769796103,18.6019575238415,-1.25241244439224,0.256014406989474,0.592131481196513,-6.08177681741025,"SYTL4"
-0.392044497238556,15.7344694061295,-1.25169710043707,0.256900024516485,0.59317361849322,-6.08220016031817,"CLU"
0.187774438502075,17.9551097852647,1.25013783788185,0.257430707235979,0.59317361849322,-6.08398272771879,"TTF2"
-0.13104540074626,22.0440997843374,-1.24862687742482,0.257673064114076,0.59317361849322,-6.0858786894182,"RPS4X"
0.426038727306045,14.5701008819357,1.24804748684669,0.257817169259763,0.59317361849322,-6.08657405254552,"GLRX3"
0.249927453641893,15.8940668363395,1.24811346948412,0.257848389967802,0.59317361849322,-6.08646516373846,"TWF2"
-0.372065086853075,14.530970139628,-1.24684526595864,0.257913903912096,0.59317361849322,-6.08814358109863,"DVL3"
0.256189420150505,15.4967615371053,1.24649654015404,0.258033295653839,0.59317361849322,-6.08854183563697,"EIF2AK4"
0.255730925972253,14.6873804007259,1.24590687160875,0.2582352875178,0.59317361849322,-6.08921510368321,"SLC25A10"
0.408874414404723,14.9285574120753,1.24761416019052,0.258291653309167,0.59317361849322,-6.08686507378372,"INF2"
-0.098115123918376,19.4387348618008,-1.24562600349014,0.258331547765127,0.59317361849322,-6.08953572530118,"FIP1L1"
0.103936756195669,17.3518283729342,1.24555571957798,0.258355640640038,0.59317361849322,-6.08961595036808,"GEMIN6"
-0.298507925346854,15.4910304128343,-1.24631698978553,0.258472318093919,0.59317361849322,-6.0885101626827,"MRPL47"
0.144165629959712,16.6261313783697,1.24510435406196,0.258510412515745,0.59317361849322,-6.09013109448417,"AZGP1"
0.165746813887186,18.9868394767486,1.24530033262347,0.259083220409515,0.594126363104544,-6.08950474803145,"SPTBN1"
0.105093109726365,17.0939611678971,1.24135732347254,0.259798379055863,0.595404187866629,-6.09440331508121,"VANGL1"
-0.610422653382637,13.4364957785468,-1.23958735314948,0.260408710722289,0.59644036416952,-6.09641870995676,"STX5"
0.727358030439417,15.5743024158539,1.23991006152715,0.260935469156113,0.596588101662521,-6.09564294059307,"PYCR1"
0.154360726164398,16.294245894513,1.23805158284021,0.260939294312283,0.596588101662521,-6.09816604503215,"POLR2J"
-0.363263374758688,16.1835875115996,-1.23987384787184,0.260947952159548,0.596588101662521,-6.09568412601987,"SF3B5"
-0.14383896464955,16.3758847446951,-1.23693310493257,0.261326301463982,0.596639685270838,-6.09943779065294,"METTL1"
-0.124624782640549,16.2224278864561,-1.23683696829986,0.261359589195769,0.596639685270838,-6.099547069159,"RPUSD4"
-0.58755934554506,13.9665725631862,-1.23740334786854,0.261445294447593,0.596639685270838,-6.09872148897485,"ATF2"
0.572286277594063,13.5726147872608,1.23511402658156,0.261956790361992,0.597445311351911,-6.10150467808098,"EEF2K"
-0.174890983162808,18.4129094977345,-1.23519379439347,0.26256557420017,0.598471713866167,-6.10100072432221,"EWSR1"
-0.296824221578397,14.0649219843219,-1.23037621437898,0.263605110488748,0.600206534296646,-6.10687937719297,"GPATCH2L"
-0.1193283026134,17.4644562047092,-1.23026159587736,0.263645098354176,0.600206534296646,-6.10700925022975,"ANKRD18B"
-0.423941161719924,15.1215744014063,-1.23116180207069,0.263966195109624,0.600523179993391,-6.10557156698324,"COX7A2"
-0.167300190758414,15.8632939988639,-1.22895083741205,0.264102767222557,0.600523179993391,-6.1084939411167,"FXR2"
0.187444354411392,15.1936076072146,1.22810170193707,0.264399621729857,0.600835788982255,-6.10945524653876,"NFKB1"
0.593383554285277,14.4611036254599,1.22868330844964,0.264830388146562,0.601452146573819,-6.10837688853267,"SECISBP2L"
-0.116317755661136,16.2418786166477,-1.22615893326104,0.265079893995309,0.601656351813556,-6.11165315131105,"UTP18"
-0.110878730653553,17.0352644483902,-1.22560603273929,0.26527377240535,0.601696286346522,-6.11227827952387,"WIZ"
-0.147889902797074,15.4438368810782,-1.22519868359045,0.26541669076771,0.601696286346522,-6.11273873381721,"USP40"
0.288886400808829,15.9885862248996,1.22205739748852,0.26715276795311,0.605267989893765,-6.11585996488017,"CDC123"
-0.140835251815979,15.8554556042706,-1.21967551580188,0.267361080185117,0.605376139518253,-6.1189728291538,"MYO1B"
0.34041651394571,14.8327466873889,1.21909431255565,0.267648637902432,0.605650800899895,-6.11957188982092,"RNH1"
-0.229679468935245,19.5005159763974,-1.22020925961606,0.267803683050431,0.605650800899895,-6.1179428689975,"NDUFB9"
1.24891324078227,12.110858950852,1.21656850161661,0.268460283886814,0.606750216957415,-6.12247228163683,"NIF3L1"
0.10360989162735,17.743436110517,1.21614136723949,0.268611700822792,0.606750216957415,-6.12295294307938,"ZBTB48"
0.44318091121364,14.1564547926038,1.21466624250421,0.269135192045415,0.607234157604934,-6.12461213753965,"ANXA6"
-0.899595926368503,14.5495749164266,-1.21640440228877,0.2691480841798,0.607234157604934,-6.12222509023514,"TAPT1"
-0.0914176972074578,16.7269080078722,-1.21275450347221,0.269814938249269,0.608374591626641,-6.12676060707288,"ERCC6.1"
0.233433438627056,17.0788876322271,1.21207791532092,0.270683891742194,0.609969080614509,-6.12708459571939,"RPN2"
-0.205798585481867,15.1093123470055,-1.20703991110385,0.271855675230633,0.612111981929174,-6.13317053570193,"ELF1"
0.100024096328045,17.5226220136262,1.20659560894414,0.272014895362375,0.612111981929174,-6.13366812452439,"CPSF2"
0.69492591928584,13.3550107257029,1.20629705152079,0.272121931488938,0.612111981929174,-6.13400242599142,"CYB5B"
0.510061591208295,14.2987114544729,1.20596211842162,0.272610952156938,0.612846326554357,-6.13411719676072,"NDUFB10"
1.33380405222456,12.6517114341051,1.20444334380603,0.27317768171122,0.612937009156152,-6.13580049244486,"CASP1"
-0.106391656569837,16.9876534836054,-1.20313191908695,0.273258896574576,0.612937009156152,-6.13754337914122,"GEMIN8"
-0.0865657700334275,17.9377542520837,-1.20308138306934,0.273277082985774,0.612937009156152,-6.13759986942649,"MED31"
-0.194660783496229,16.4312992117202,-1.20386557296871,0.273301621324003,0.612937009156152,-6.1365056646299,"NDUFA10"
0.221748025043535,15.6394399652669,1.20209155382244,0.27363350294637,0.613316472121175,-6.13870602892961,"REST"
1.16791202240369,13.7605857477198,1.20010786825149,0.274972502205606,0.615951475528898,-6.14047461729942,"RPUSD3"
0.637343837569873,14.1126794815413,1.19927169705574,0.275274260859294,0.616202388722099,-6.14140695677732,"CUTA"
-0.192437333164753,15.7468506027428,-1.19639977703197,0.275690770440076,0.616202388722099,-6.1450558616519,"NDUFB4"
0.196008808119394,16.1325093982805,1.19613916278424,0.275785285273112,0.616202388722099,-6.145346162135,"NAA15"
0.105169064008752,16.5599975871434,1.19586025270146,0.275886466092573,0.616202388722099,-6.14565679926328,"ASH2L"
-0.0999134182342871,16.8595977612576,-1.19581810411967,0.275901759194404,0.616202388722099,-6.14570373851115,"TAF5"
-0.104303110459583,19.9392281965844,-1.19469771028166,0.276308547097101,0.616443156956772,-6.14695110325011,"ASPH"
-0.131560698916864,16.9907483757995,-1.19462053195812,0.276336587601312,0.616443156956772,-6.14703700136804,"CKAP5"
0.129390230762585,21.3783201586538,1.19489090407141,0.276651238552825,0.616780111971703,-6.14643650589579,"RPL28"
-1.29513432322337,13.8490231249826,-1.19400239933456,0.27718241597355,0.617599118333502,-6.14727312607967,"ECHS1"
-0.115042556266925,18.9471366472538,-1.19256412057797,0.277389124792919,0.61769462520337,-6.14910229557569,"CHD4"
0.586683889343687,14.8442048503202,1.19178634608684,0.277988298657616,0.618663450967658,-6.14973546509185,"GCSH"
0.180668395293109,15.7669288989564,1.186869167719,0.279165266135025,0.620916255651354,-6.15564661199264,"MAPKAP1"
-0.102215532552499,16.5034234854825,-1.18601751390687,0.279477562480173,0.62124434584331,-6.15659043993061,"MICAL3"
1.41109460739082,12.5956229115669,1.18604765144562,0.280084567571901,0.621649117240822,-6.15609884525699,"FAH"
-0.167592744641928,15.4225163235478,-1.1843310768183,0.280096850025643,0.621649117240822,-6.15845815439335,"NSMCE1"
-0.112699978926887,16.5895610947125,-1.18366243376442,0.280342711181577,0.621649117240822,-6.15919821219439,"POLRMT"
-0.424980715358078,17.4519937353836,-1.18501053670044,0.280464854346273,0.621649117240822,-6.15724683195586,"C2CD3"
-0.173089289490052,15.9146655936653,-1.18327807418968,0.280484124251098,0.621649117240822,-6.15962350549068,"KLHDC4"
1.09807192736597,13.9058604329573,1.18400463951487,0.280834116848852,0.621771958743416,-6.1583596703549,"NUP160"
-0.416018294599629,14.9755727568278,-1.183908579431,0.28086940205306,0.621771958743416,-6.1584659124018,"DNAJB1"
0.0947294539092738,18.8756087497087,1.1816665763563,0.281077687674046,0.621867888809362,-6.16140568683887,"MYCBP2"
0.088056814661126,19.2903420411402,1.18081982512206,0.281390001264102,0.621887788796305,-6.1623415145328,"LAT2"
-0.3027662969545,14.3729232231648,-1.18074775741928,0.281416596203315,0.621887788796305,-6.16242114424366,"KDM3B"
-0.141691043647022,16.3041110927742,-1.17982173267236,0.281758515346352,0.62227861913049,-6.16344406558075,"SLTM"
-0.266549007869187,16.4129542149169,-1.17863344285689,0.282812923041785,0.622812402626976,-6.16429198188597,"TARBP2"
-0.44836870464381,16.0391021488564,-1.17860203085989,0.282824530542786,0.622812402626976,-6.16432662614083,"PSMD6"
0.220643541590071,16.4770049377791,1.1782361898861,0.282959747723074,0.622812402626976,-6.16473006943513,"LSM2"
0.501501656395536,13.8422922078216,1.17653600500869,0.282974575485723,0.622812402626976,-6.16706954615357,"ELOVL1"
-0.255345739274505,14.7434825265137,-1.17648827519433,0.282992273380229,0.622812402626976,-6.16712216464527,"DNAJC10"
0.841951637870023,12.88026140276,1.17646170556097,0.283002125630392,0.622812402626976,-6.1671514550658,"KLC2"
0.251304806482452,15.1299090413939,1.17604516634559,0.283156620186376,0.622812402626976,-6.16761059451814,"GAK"
0.152429543454911,18.1706022360287,1.17505639074019,0.284137350496851,0.624605137826897,-6.16823341343089,"SPTAN1"
-0.159122077015164,15.696993829847,-1.1719315127833,0.284686236940299,0.625314837165821,-6.17213947030546,"FARP2"
-0.18592075817822,16.7157656771737,-1.17261743593659,0.284791929817962,0.625314837165821,-6.17110884030006,"FARSB"
0.0751969018405134,18.6524908446586,1.1706162241971,0.285176793611142,0.625795408564613,-6.17358541313535,"INO80"
-0.537114167190802,13.5042774105522,-1.16858261368588,0.28593667386251,0.626679615388679,-6.17581901642107,"ABRAXAS2"
-0.667202757735895,15.0789440987682,-1.17017485585595,0.285953312572834,0.626679615388679,-6.17360014098875,"PDE7A"
-0.0802610337353684,20.2896551805983,-1.16805540125367,0.286133953050375,0.626679615388679,-6.17639767662902,"BUB3"
0.599744045712182,15.2949670827449,1.16939418979521,0.28624464129955,0.626679615388679,-6.17445710353092,"ASPRV1"
-0.272991522367377,14.256304283253,-1.16634995232544,0.286772912188999,0.627471781168036,-6.17826842035207,"MEF2C"
-0.113621884833496,18.2610033859961,-1.1659738412958,0.287058927488336,0.627733269507555,-6.17856832941946,"GTF2I"
-0.431047337100061,13.6374118843704,-1.16478907587559,0.287358767560756,0.627968278230685,-6.17997906336782,"MRPS6"
0.112980516192016,15.9608541282932,1.1637193256972,0.287760871183828,0.627968278230685,-6.18115061822566,"SETD2"
0.182391906906556,18.4554312630843,1.16498862199627,0.287893453534204,0.627968278230685,-6.17928651049487,"GNAI2"
-0.183620932548164,15.6239695449666,-1.16305344794224,0.288011405948533,0.627968278230685,-6.18187952076895,"RHOF"
0.184681311606239,15.1933859245134,1.16266544787826,0.288157475241232,0.627968278230685,-6.18230412268418,"TLK2"
1.34742308815377,14.6655979824289,1.16380835945888,0.288336544857075,0.627968278230685,-6.18057837447004,"CUX1"
-0.42364164744793,14.6604413335627,-1.16319054191596,0.288463645788381,0.627968278230685,-6.1813362913688,"GNAI1"
-0.297828580327302,13.9560959367764,-1.16175903603704,0.288498954348951,0.627968278230685,-6.18329569014534,"ARK2N"
0.260314286421547,16.2266055787092,1.16184430008341,0.289075172861784,0.628825438430575,-6.18272632006039,"ACTN1"
1.19309452353044,14.0026469454993,1.16136421494427,0.289255963933091,0.628825438430575,-6.18325100559261,"GYS1"
0.218895846684511,14.6402359291431,1.15889581770883,0.289579889008785,0.628825438430575,-6.18642467351712,"RALA"
0.618124623990674,13.6349652100115,1.15860569021815,0.289689610373425,0.628825438430575,-6.18674145666098,"ARHGAP1"
-0.151947376193672,17.4627940297855,-1.1594546258761,0.289726733833928,0.628825438430575,-6.18553275134712,"SERPINB6"
-0.743468079462822,13.3474016627452,-1.15739684392464,0.290216958885965,0.629456406404875,-6.18800569037244,"ARHGEF7"
0.12419832671122,21.4639764168402,1.15777083256047,0.290363204668314,0.629456406404875,-6.18737043904729,"SRSF6"
0.66300665663956,15.0189703930452,1.15801909596724,0.290518341417635,0.629456406404875,-6.18690308772777,"ZNHIT6"
-0.223222778581466,15.759957743187,-1.15577570604176,0.290846021851071,0.629804424111739,-6.18976198222349,"ELP1"
0.145992311883402,16.0181509767481,1.15369905174412,0.29155055503842,0.630372364258467,-6.19209123331377,"DIP2B"
-0.57857127122565,14.2123786435322,-1.15524890684174,0.291567289458341,0.630372364258467,-6.18992243597978,"SCP2"
0.298976764057759,16.5716015425007,1.1546916267362,0.291778694413021,0.630372364258467,-6.19052928580133,"CCDC12"
-0.152953236646669,16.0017589300038,-1.15262779067586,0.291958194739718,0.630372364258467,-6.19325731535295,"CSTF1"
-0.157477792413767,15.59120986077,-1.15240858956921,0.292041665179137,0.630372364258467,-6.19349583329684,"TOX4"
-0.385352310327496,14.9170070766652,-1.15342701910255,0.292258907052463,0.630372364258467,-6.19190569029332,"IGKC"
-0.134033285178631,23.9865970246291,-1.15254391782219,0.292346522688622,0.630372364258467,-6.19306426793507,"RPS24"
-0.314093845164722,14.5965815846852,-1.15131345474665,0.292458987845898,0.630372364258467,-6.19468704063306,"PARN"
-0.254179785044139,14.6238442513718,-1.15090919440079,0.292613166432976,0.630372364258467,-6.19512658210737,"ABRAXAS1"
0.373057479805436,16.8291798980159,1.1515281701573,0.292981219370028,0.630454201037565,-6.19397060639621,"NAP1L4"
-0.209781826612033,15.4283945532433,-1.14910745402183,0.293301156868834,0.630454201037565,-6.19708436300814,"EXOC3"
-0.13895323055651,16.7105132748044,-1.14840989039767,0.293567886293755,0.630454201037565,-6.19784181106538,"PSMB5"
0.326092098872618,17.6289534489037,1.14984699162715,0.293621992184968,0.630454201037565,-6.19579700910072,"GMFG"
0.0980236370343519,18.4042099735747,1.14812370967452,0.293677373234767,0.630454201037565,-6.19815247441743,"PDCD11"
0.167418408691749,16.2622376655496,1.14790329044687,0.293761724642516,0.630454201037565,-6.1983917165165,"MED28"
-0.155133851876165,16.9106725256733,-1.14814351279527,0.293891716308058,0.630454201037565,-6.19795237952026,"QKI"
-0.178542164926846,16.1915236598643,-1.14697625559138,0.294116711878595,0.630454201037565,-6.19939759320433,"DNAJC8"
0.497146244345242,17.1926045946956,1.14844773106725,0.294156217407182,0.630454201037565,-6.19731584510274,"NCK2"
0.143851460618375,16.4570213578809,1.14636575389899,0.294350687328859,0.630512551835112,-6.20005973119307,"KIF11"
1.69421044124688,13.9711093656506,1.14726012722841,0.294610278821038,0.63071025051409,-6.19860401181258,"ASXL2"
0.268518892812278,17.0071197291563,1.14633289680562,0.294965202463494,0.631111698801005,-6.19960916610714,"ERLIN2"
0.162918308565791,15.7044324815107,1.14359169987055,0.295415823597627,0.631717331232588,-6.20306555737291,"IKZF1"
-0.171586704211283,16.546155773567,-1.14355014718019,0.295653011808177,0.631866130678474,-6.20293090929635,"CPSF4"
0.726992297747975,13.5338217305678,1.14277222227788,0.296076049278205,0.63196454707177,-6.20367204707595,"TCF4"
0.146802333480895,21.0178848497741,1.14321886602544,0.296159831357398,0.63196454707177,-6.20298109569991,"RPL3"
0.115603519740858,18.1480720379146,1.14207132971744,0.296221945263124,0.63196454707177,-6.20453100007409,"NKAP"
0.260253259048925,15.3888734151097,1.14168797500831,0.296369580695727,0.63196454707177,-6.20494557506991,"HSPA2"
-0.29718656194437,14.7239389689209,-1.14033029682994,0.296672233891242,0.632252301735434,-6.20659344476395,"GLI4"
-0.189177026307148,15.3986590496332,-1.13918738231091,0.297113588381342,0.632835157173819,-6.20782820519076,"RAB8B"
-0.175548538257292,16.4559952582461,-1.13886690530512,0.297457922525568,0.633210823219307,-6.20799363320983,"AFG3L2"
0.276643780110064,16.4290473290014,1.13830798352713,0.298052080697935,0.634117575751249,-6.20828674172446,"ERCC6L"
-0.1334461054144,19.4982377063627,-1.1373145705938,0.298436097153974,0.634576472797791,-6.20935822641434,"NUDT21"
-0.101374214844036,16.3224286549425,-1.13407445271111,0.299094789594927,0.635204445331037,-6.2133421962396,"MRPL14"
0.850786101590701,13.1627682128044,1.13456233916869,0.299169196119111,0.635204445331037,-6.21259870818997,"PTPA"
-0.105039673881276,17.2396025297264,-1.13369848920092,0.29924090792666,0.635204445331037,-6.21374701550462,"METTL18"
-0.356178204623161,13.994159398345,-1.13327547421047,0.299405384443834,0.635204445331037,-6.2142023932846,"NCAPD3"
0.284005407064869,14.0156173201777,1.13214101174794,0.2998468601851,0.635783274970656,-6.21542310255929,"TPRN"
0.772812295049668,13.7315335723332,1.13257512797024,0.30027393004224,0.635931553582808,-6.21446184124857,"BRMS1"
0.0937781651937364,18.8232415225508,1.13069180552562,0.300411612399926,0.635931553582808,-6.21698132694128,"PAK1IP1"
0.232395995559195,14.5554318719812,1.13066302434543,0.300422837382223,0.635931553582808,-6.21701226006251,"ATXN7"
-0.326390508949688,15.1210636815694,-1.13077819503463,0.300813097749664,0.636400324644351,-6.21652646509464,"ME2"
-0.576322810674318,15.7242134799508,-1.12975817445531,0.301370775660333,0.636627428416295,-6.21748872410996,"DRAP1"
-0.0826502669549214,18.0930836336951,-1.12823398641558,0.30137145681337,0.636627428416295,-6.21962106584381,"ZC3H11A"
-0.174273374083196,18.6612315958316,-1.12943211112798,0.301497953059677,0.636627428416295,-6.21783877193284,"SERPINB12"
-0.109290642891043,17.5309230875062,-1.12766018364226,0.301595911711274,0.636627428416295,-6.22023680030087,"MRPS15"
-0.0825398173379774,17.5204956648916,-1.12598627915496,0.302251494098087,0.63706779868831,-6.2220318598917,"TRIM56"
-0.191822815717247,14.7813981959122,-1.12584640590818,0.302306329214417,0.63706779868831,-6.22218177812753,"PCGF6"
0.227247162561971,14.9136460778292,1.12583326010092,0.302311483250235,0.63706779868831,-6.22219586737448,"RFLNB"
0.271630608467078,17.0266024604164,1.12673960069125,0.30254986084188,0.637213952722841,-6.22072683471313,"TRIM26"
-0.0989147358441187,16.6271002331915,-1.12466575821552,0.302769515375724,0.637320532086254,-6.22344672881007,"TIAM1"
0.275225831562761,15.3140730187565,1.12334412016982,0.303610309614144,0.638733742882435,-6.22459059225077,"GPX1"
-0.106615568094519,16.8538136880996,-1.11998268667927,0.304612604490569,0.640484951996344,-6.22845562669166,"EEIG2"
-0.110696800622762,16.813620928117,-1.11947389035926,0.30481341168736,0.640549923111119,-6.2289989969759,"DDX3Y"
0.0672635804320549,19.4728146964433,1.11708942392981,0.30575596434518,0.642172693917174,-6.2315433313933,"MYO5A"
0.161565925802805,20.7986830596401,1.11807835479618,0.305954527454051,0.642231942372925,-6.2299867192855,"RPL9"
0.476723619591334,14.407594889976,1.1163413626276,0.306641171929349,0.643315090803364,-6.23183815418639,"FKBP3"
-0.107775255984457,17.7004720996597,-1.1140488284904,0.306961402054588,0.643628746243491,-6.23478260398965,"MACO1"
-0.815872292007292,13.6840031640538,-1.11465431012276,0.307309307643405,0.643853414323239,-6.23363455604122,"TICRR"
0.108053556042396,17.8389188918577,1.11257747858358,0.307546135747691,0.643853414323239,-6.23634800369177,"MED6"
0.551286486699219,13.2627229757814,1.11249007147139,0.307580901643542,0.643853414323239,-6.23644095495857,"NRROS"
0.101830867145075,16.7348954060942,1.111674759219,0.307905347068038,0.644174893699503,-6.23730774939353,"ETV6"
-0.466195012722714,14.6150456181935,-1.11059749550263,0.308920936196517,0.645326314780292,-6.23794702713429,"SMS"
0.206490110186525,16.0577354535243,1.10944727834112,0.309129848786754,0.645326314780292,-6.23938310222574,"MRPS18B"
-0.0866322035436902,16.5391302588362,-1.10845178914979,0.309190685127392,0.645326314780292,-6.24073011633665,"ELL"
0.165312586800942,15.8180983017556,1.10844982731007,0.309191468876445,0.645326314780292,-6.24073219754724,"ARHGEF6"
0.13185736981065,16.2666360009418,1.10769597322404,0.309492753564489,0.645326314780292,-6.24153174028382,"BOD1L1"
-0.110627859769393,16.033780125661,-1.10744544575293,0.309592933160892,0.645326314780292,-6.24179737160374,"ADNP"
0.21566677442177,19.0188407793999,1.10875824091248,0.309653926641259,0.645326314780292,-6.23989878614676,"TRA2A"
-0.23876124448196,17.1891064095236,-1.10730749422027,0.310233108889867,0.64599410377037,-6.24143677078195,"LANCL1"
-0.774413943364744,16.0374377620462,-1.10703473198342,0.310342104620064,0.64599410377037,-6.24172578693318,"BANK1"
-0.457817628331602,14.342178542389,-1.10600059650035,0.310515759576932,0.64599410377037,-6.24302940346549,"EFHD2"
-0.302248520777567,15.4019132333616,-1.10624024314432,0.310659763961719,0.64599410377037,-6.24256735197179,"NEIL2"
-0.131953977246795,19.5482922101806,-1.10510684434254,0.31111339778405,0.646580766067181,-6.24376721885221,"MAP4"
0.147350628809168,17.2461432044196,1.10278296731456,0.311797193865312,0.647644859984697,-6.24644133790909,"AIFM1"
-0.204306990000969,23.0822475000291,-1.10265120388848,0.312098139626054,0.647912988100343,-6.24636408382465,"MSN"
-0.631327394244389,13.5420864715202,-1.09853089899656,0.313242067815079,0.64992560316005,-6.2511645940257,"UTP11"
0.214860302790076,20.0339930422206,1.0990746881409,0.313537001140222,0.64992560316005,-6.25013944768751,"RPL15"
0.0763953370925847,21.3156242677555,1.09747334925265,0.313602436179575,0.64992560316005,-6.25233820808923,"PRP4K"
0.444107322341743,15.3159787497808,1.09852858336894,0.313757187732438,0.64992560316005,-6.25071519964082,"BZW1"
0.0554472410887819,19.0130041234445,1.09504442890869,0.314585525254686,0.65128359704018,-6.25489602311147,"ATXN2L"
-1.06990618859532,13.1790922402411,-1.09602325112346,0.314768970378743,0.651305718072371,-6.25335410778562,"PSMD9"
0.277022662337444,17.4814036976217,1.0944870002604,0.315390725445882,0.652070828043128,-6.25497028574419,"RPS28"
0.239360235495777,16.4732536378658,1.09362095674157,0.315741681148521,0.652070828043128,-6.25588072238412,"VASP"
0.307487508362813,15.0111212624469,1.09287551165588,0.315797890297183,0.652070828043128,-6.2568821991919,"RALGAPA1"
-0.107583532613145,19.4085427448118,-1.09237565389212,0.31600085774704,0.652070828043128,-6.25740730398598,"SNRPB"
0.13215274884095,15.9431483531956,1.09155193120874,0.316003555128593,0.652070828043128,-6.25856720397752,"PRKCQ"
-0.430884144252838,15.4867398783461,-1.09203268537858,0.316386153547441,0.652503172250467,-6.25754916056842,"PI4KA"
-0.219400025420393,15.8080979372471,-1.08992311556211,0.316949868578368,0.653308367709376,-6.26002449598409,"SNX18"
0.289669282836822,15.4004457897215,1.08979421138899,0.317233355085497,0.653535381788156,-6.2599539467575,"VPS13C"
0.23374840423266,15.4211134739744,1.08747177761685,0.317666866982733,0.654071047801695,-6.26284613292717,"ALDH5A1"
0.0834934399458582,17.6567285705463,1.08626181133507,0.318161506623344,0.654731921381008,-6.26411297335547,"HDAC2"
0.20071577609993,22.3968727498774,1.08697751525371,0.318444641188277,0.654936317327686,-6.26284871032801,"RPL29"
0.122703366887233,16.4410108757272,1.08517027142677,0.318608277448004,0.654936317327686,-6.26525500557167,"UIMC1"
0.19684634328148,15.4564239430301,1.08442812941512,0.318912333621236,0.655204085968426,-6.26603103540423,"SHCBP1"
0.236849292104806,14.9215080804059,1.08399747084638,0.319088884319287,0.655209746124027,-6.26648119457256,"THAP4"
-0.31932327616094,17.9137701665639,-1.08486683544028,0.319307389949072,0.655301502508439,-6.26505655729659,"DIRAS2"
0.409296704858409,17.8981535502325,1.08415064093868,0.319600575603644,0.655505194524432,-6.26580506898459,"PSMD11"
0.114742040657259,17.6150184768092,1.08237586838697,0.319754390644677,0.655505194524432,-6.2681751415915,"CPSF3"
0.27948231508184,15.3529256451943,1.0817921586342,0.320332273494289,0.656332973409494,-6.26847977270599,"RANGAP1"
1.01549058150791,13.0501459284163,1.08163598541491,0.320631750235922,0.656507763429094,-6.26843056707056,"ACTA1"
-0.353660642290736,16.0236595603184,-1.08122532278858,0.320800409414004,0.656507763429094,-6.26885894213581,"UNC13D"
0.186976666149926,15.344176209952,1.07949382124056,0.320940002121968,0.656507763429094,-6.27118153419579,"STRN"
-0.0793746066717382,17.5992720153168,-1.07760339963976,0.321719641040803,0.657745686943506,-6.27315057005307,"SLC25A11"
0.158018387192158,16.3495139500966,1.07404013828487,0.323193412800836,0.660400632118782,-6.27685564408488,"LENG8"
0.267319247689713,14.8076189230308,1.07154347667687,0.324229332242186,0.661797847856927,-6.27944669805059,"TOLLIP"
-0.418564258791625,14.6817303355681,-1.07283370629741,0.324262885011056,0.661797847856927,-6.277588485875,"CIAO1"
-0.0949676048069819,17.270185938392,-1.07112357480592,0.324403825686897,0.661797847856927,-6.27988207203457,"AGAP3"
-0.129659154093488,16.7583025217717,-1.07002343626837,0.324861361460736,0.662372813795011,-6.28102219589151,"SEC61B"
-0.211947537817407,15.2773927582717,-1.06845339192074,0.325515240837736,0.663264063496585,-6.28264792065867,"AKAP9"
-0.0638402335416508,18.2825217667743,-1.067996044704,0.325705915531334,0.663264063496585,-6.28312118092002,"MRPS14"
-0.142130714191893,15.5800228421906,-1.06770747354816,0.325826272041293,0.663264063496585,-6.28341972149557,"NOB1"
0.277957545266384,15.0622771878913,1.06688136156926,0.326408897811164,0.663267392375904,-6.2840550947176,"UBR7"
0.204262866227705,20.4445230026589,1.06706923558448,0.326659124732171,0.663267392375904,-6.28355842327747,"TRA2B"
0.445097224427256,13.9417652371008,1.06500726507636,0.32695423119849,0.663267392375904,-6.28621054315595,"LPXN"
-0.0798336171378935,18.0409467667477,-1.06473838266033,0.32706672605342,0.663267392375904,-6.28648818403768,"ZC3H18"
0.245016097701537,15.6449581620673,1.06527450065548,0.327175952106739,0.663267392375904,-6.28562688149642,"ANAPC7"
-0.117534954942684,20.2666096913296,-1.06568895474953,0.327235045537902,0.663267392375904,-6.28498466208314,"TOPBP1"
-0.73248803674768,13.1189161035654,-1.06356310870333,0.327558807615238,0.663267392375904,-6.28770117743564,"ZNF407"
0.0803847187688049,18.6570191850982,1.06355220342915,0.327563376430678,0.663267392375904,-6.28771242840911,"IQGAP2"
-0.979629287288054,13.1034936141852,-1.06489187117965,0.32756800668261,0.663267392375904,-6.28580771360347,"GTPBP2"
0.295115996921291,15.4992607761702,1.06484585483815,0.327587237295473,0.663267392375904,-6.28585521630527,"GYG1"
-0.312173355761079,18.8520362874591,-1.06399290462331,0.327943859755832,0.663633038797362,-6.28673546443286,"PIK3R1"
0.152991317264958,15.6620916149656,1.06153486396438,0.328409445581229,0.66393254641193,-6.28979235743215,"CRACD"
0.221332792475209,15.52103209092,1.0614777214579,0.328444084630835,0.66393254641193,-6.28984135992032,"RAB27B"
-0.138548486511855,16.9269984272256,-1.0598328875676,0.329184282239187,0.665072210097393,-6.29148960262461,"SNRNP27"
1.30346818894294,16.0552024383888,1.06054128235159,0.329390245720775,0.66513188343188,-6.29029264337055,"PSMD8"
-0.972389240571831,14.0410027094508,-1.05940413980807,0.329867900956095,0.665739821522739,-6.29146283426249,"ZG16B"
0.106699886695075,16.351286662813,1.05718738777959,0.330238830881794,0.666131831152682,-6.29426549676303,"MAEA"
-0.100927848179754,17.0235883029779,-1.05640852636864,0.330567445178224,0.666438111402087,-6.29506553731137,"TARS2"
-0.255189968840295,15.1102189911817,-1.05356635740565,0.331768860887926,0.668502728780053,-6.29798154460017,"RPF1"
-0.304302836422828,16.9616637766347,-1.05441290836968,0.331971158296339,0.668553027124571,-6.29658896400882,"LGALS1"
-0.904765263375783,14.1744499224903,-1.05372893383592,0.332260229271496,0.668777930781389,-6.29729013200199,"TRAPPC6B"
-0.0748756697928883,19.1928866148431,-1.05196377106045,0.332447855696001,0.66879851439377,-6.29962337532694,"AGO2"
0.305838721381372,15.6040293118831,1.05202822498095,0.332979896451216,0.669511578464578,-6.29903223883445,"TAF1D"
0.117360692451097,16.3008521146927,1.04977295202821,0.333377903417973,0.669620826268534,-6.30186504859152,"MLEC"
0.186800064169599,16.2525900883306,1.05050118827202,0.33338946708383,0.669620826268534,-6.30081837329427,"MRPS23"
-0.229670532220268,17.4875904365623,-1.0494100853553,0.334090262848961,0.670671081438009,-6.30171032745125,"ABCE1"
-0.204449485997113,14.8019563219898,-1.04749691709885,0.334346363079662,0.670827987658502,-6.30419048971986,"PRIM2"
0.197747130349011,17.7730216309245,1.04803655678022,0.334673987563763,0.671012945305887,-6.30311346969923,"ARCN1"
-0.153697739421581,16.1847244737339,-1.04644548030794,0.334794522578348,0.671012945305887,-6.30526356898381,"CHFR"
0.320578606334655,15.6141573876671,1.04629492542126,0.335415341792947,0.671621906077273,-6.30489082995359,"MSL3"
-0.157978159031945,20.9794411051585,-1.04620265614673,0.335454654945227,0.671621906077273,-6.30498493523418,"RPL39"
-0.319055360987472,14.1665575482609,-1.04253087977457,0.336467345892146,0.673034533659753,-6.30925216713236,"TOMM7"
0.146461056979796,15.1439899192676,1.04241430139231,0.336517266829876,0.673034533659753,-6.30937078986943,"GGH"
-0.115334799474045,18.6445895342606,-1.04175242480126,0.337259545521635,0.673078142861456,-6.30960788086841,"CTCF"
0.172435024407104,15.5227270255949,1.04000213629362,0.337551544380452,0.673078142861456,-6.31182318300483,"GCSAML"
-0.869910642157325,14.2135193334955,-1.04128190086481,0.337556668845867,0.673078142861456,-6.30999529682908,"PIK3R4"
0.529568330732937,13.8765714715199,1.04047218337547,0.337621509810307,0.673078142861456,-6.31108683159037,"FGFR1OP2"
0.196047878456906,16.5613844137586,1.03993192680937,0.338135205736807,0.673078142861456,-6.31136699626942,"HMGB2"
-0.120382087943891,19.6488455485902,-1.0395728525831,0.338289223725171,0.673078142861456,-6.31173164153068,"CENPF"
-0.0709900286319254,18.5213167570018,-1.03788364526736,0.338462020060582,0.673078142861456,-6.3139737382839,"CWC25"
-0.353289560520199,16.5584454264291,-1.03898646122967,0.338540867260877,0.673078142861456,-6.31232694303242,"EZR"
0.291903774170516,14.4891957112991,1.03754967599884,0.338605732767404,0.673078142861456,-6.31431248315209,"SATB1"
0.0974793499890758,17.6364439077156,1.03754276506721,0.338608707180265,0.673078142861456,-6.31431949210309,"BPTF"
-0.0788876878488018,17.2356119156621,-1.03715337759419,0.338776330703293,0.673078142861456,-6.31471434969797,"SMCHD1"
0.106260809746828,20.5303521982689,1.03786698314159,0.33879491894015,0.673078142861456,-6.31367944432541,"HSPA5"
0.499154252034138,14.1896021121179,1.03824168303848,0.338860030544043,0.673078142861456,-6.31308334092074,"GALK1"
0.462962247648044,14.2976560211357,1.03711684803453,0.339248927089336,0.673495763626538,-6.31431451480789,"SHFL"
0.310959760997125,14.3898515152103,1.03521983671948,0.339609673918948,0.673857089828648,-6.31667351927756,"FTSJ1"
-0.155275163788634,15.7252780643896,-1.03456492306463,0.339892312070303,0.674019082229356,-6.31733653424225,"TIMMDC1"
0.440456793087154,17.1454187348194,1.03547978806559,0.340048884456296,0.674019082229356,-6.31588203274444,"PSMD7"
-0.0818074309819039,17.9855895620666,-1.03366397860504,0.34028143862063,0.674125603573188,-6.31824814373572,"WDR74"
0.0734515471788697,19.8556195538543,1.03251000025738,0.340780377503453,0.674439472423339,-6.31941497021214,"ESYT2"
-0.175426335001056,15.5572442569856,-1.03215680467157,0.34093320440741,0.674439472423339,-6.31977191571897,"AGO1"
0.0593349959556839,19.2749172785545,1.032056627564,0.34097656085912,0.674439472423339,-6.31987314084216,"SMARCA5"
0.141031891979692,15.3257590179267,1.03140377447863,0.341259223183857,0.674644610069816,-6.3205326551591,"MRPS27"
0.0715442309038359,17.8949977723093,1.03063618166128,0.341591805135441,0.674663056416248,-6.32130770564789,"POLR2H"
-0.0819235636521576,16.6341482516816,-1.03025102797561,0.341758782500364,0.674663056416248,-6.32169644885648,"EHMT2"
0.208999221025955,16.4139570388908,1.03141104480605,0.341805421155181,0.674663056416248,-6.31999647259687,"FKBP8"
-0.103000172233315,16.2647393357053,-1.02959322637307,0.342044114052633,0.674744930735761,-6.32236014519469,"PUM3"
-0.298623772670705,15.0998576734585,-1.03009649190485,0.342204856118508,0.674744930735761,-6.32148693103051,"OSGEP"
-0.129009880558513,15.4010384497282,-1.02840122410842,0.342561651807603,0.674925785737545,-6.3235620709308,"EP400"
0.309640120608124,13.9938638970709,1.02818722934455,0.342654629682138,0.674925785737545,-6.32377774365629,"PIGS"
0.172738815339233,15.1317685416411,1.02729852670393,0.343040976336072,0.674993517411997,-6.32467307719517,"PPP6R1"
0.592951373371713,13.4833032080073,1.02728443954949,0.343047103278882,0.674993517411997,-6.32468726507636,"MRM2"
0.381874173447358,14.9995448459952,1.02727221119171,0.343599727670364,0.675610457769113,-6.32417019359933,"AFG2B"
-0.148932728953042,15.5504200753868,-1.02574069193695,0.343719060477761,0.675610457769113,-6.32624122156226,"ZBED3"
-0.0998422797160501,16.5701882266912,-1.0233951191033,0.344742056978304,0.677268136950603,-6.32859915582123,"TOR4A"
-0.470200460827932,12.8401444662113,-1.02241419246317,0.34517060181873,0.677650336079478,-6.3295841235479,"MYPOP"
0.0907690864114379,17.6257571708969,1.02212711662172,0.345296099630949,0.677650336079478,-6.32987225600364,"GNL2"
0.233109388523264,15.3997054913727,1.02111759352331,0.345938116345512,0.67855707524588,-6.33068985277828,"IGHA1"
0.224035255331426,15.2805543691604,1.0198123683868,0.346309350495104,0.678932007990922,-6.33219343612217,"EXOSC1"
0.165468772916903,17.4313738025349,1.02038787106874,0.346601099584869,0.679092670457914,-6.33108652609079,"H2AZ1"
0.0949834606228031,20.5237869597286,1.01925998857022,0.34675156250172,0.679092670457914,-6.33255154571236,"MYH10"
0.173045119909833,15.8701910724025,1.01550474825969,0.348201295607737,0.681577821620545,-6.33650311403527,"NBN"
0.0983035998452273,16.612759754302,1.01437510334786,0.348698812028541,0.68219746826549,-6.33763115905915,"LANCL2"
0.212366340816528,14.8469508169873,1.01335099789058,0.349150337905038,0.682373071202193,-6.33865304416883,"GNA13"
-0.407842883684442,15.5950549249025,-1.0145776073997,0.349150571445366,0.682373071202193,-6.33689834051256,"SHMT2"
0.547293713012253,15.8729584462789,1.01404543577158,0.349384831753091,0.682477106585053,-6.33742948441959,"HSPA1L"
-0.304110821280336,20.0840018529837,-1.01246207725698,0.350082566182244,0.683179648152459,-6.33900862124687,"RPL36A"
-0.102383823064613,17.5245333593411,-1.01118487019944,0.350106917833037,0.683179648152459,-6.34081205987771,"OTUD6B"
0.114739735432643,16.7839861885841,1.01029418592343,0.350500857958013,0.683594534144701,-6.34169886679347,"MED18"
-0.185541741033241,14.6968652868858,-1.00788205150535,0.351569495083333,0.684885447461775,-6.34409770704138,"TWF1"
0.62346602324693,15.307629140548,1.0088968535707,0.351657728302681,0.684885447461775,-6.34255794875439,"TMSB4X"
0.263950743086141,15.8835009510291,1.00869754094887,0.351745954252404,0.684885447461775,-6.34275611103336,"SH3GL1"
0.109637148854393,16.2149325653709,1.00716105304158,0.351889419557947,0.684885447461775,-6.34481393866533,"RNF41"
-0.116975917517518,16.156423501904,-1.00554061053431,0.352609295619559,0.685846024928002,-6.34642233348916,"OSBPL7"
-0.421705709511508,14.5682812686996,-1.00643930381667,0.352746801680477,0.685846024928002,-6.34499937533473,"EBAG9"
-0.459946731446804,13.9927000238832,-1.00461733371547,0.35321733568352,0.686243148219674,-6.347142298651,"MTMR6"
-0.0887832077456707,17.7825105427272,-1.00226106224454,0.35406981092701,0.686243148219674,-6.34967183773385,"DOT1L"
-0.141914601342137,15.3398244952295,-1.00222207404944,0.354087202840216,0.686243148219674,-6.3497104231034,"CLPB"
-0.282041614248685,14.3795788924903,-1.00218165157259,0.354105235277113,0.686243148219674,-6.34975042680185,"MLH1"
0.476931743761853,16.9953140727941,1.00323374939505,0.35417140258972,0.686243148219674,-6.34817754423067,"POM121C"
0.30222383438957,15.2993732434292,1.0026079821365,0.354450038517518,0.686243148219674,-6.3487971244367,"BCAP31"
-0.306706936480373,15.8587303817188,-1.0025533200563,0.354474386247416,0.686243148219674,-6.34885123300103,"TSN"
-0.533477846543603,13.7187761133964,-1.00158598047824,0.354567835601005,0.686243148219674,-6.35014413265828,"RRP8"
-0.404614164158586,14.0713320633321,-1.00072842154126,0.354754005104959,0.686243148219674,-6.35118783419453,"UTY"
-0.0611955121222785,18.6875573739128,-1.00068965393888,0.354771325167147,0.686243148219674,-6.35122615924696,"NIFK"
-0.298508704723881,15.4431724907862,-0.999457205121319,0.355855643287449,0.687710976888928,-6.3519125656075,"CYTH1"
0.147904284922845,16.9105197251046,0.998879629099479,0.355894990957639,0.687710976888928,-6.35270103259473,"NSA2"
-0.0948703971870941,16.37406973742,-0.996733726950846,0.356542233602207,0.68860871961082,-6.35513133010722,"AKAP8L"
0.111587807088068,16.442142454274,0.995824035809818,0.356950455575791,0.689044146195972,-6.35602777928732,"PPP1R9B"
0.100511482548583,21.3657366178379,0.994222596413931,0.357974883631064,0.6905913904849,-6.35729912430113,"RPS2"
0.104464570876591,22.4634679508771,0.993903395752724,0.358118347055167,0.6905913904849,-6.35761317481177,"EIF5B"
0.296840043437081,15.4088017445696,0.993603588235338,0.358478795784034,0.69076112779668,-6.35768194404656,"PICALM"
-0.191049575805849,18.0321959094115,-0.993394406592246,0.358572818858913,0.69076112779668,-6.35788766674015,"CALML5"
0.191422333006548,14.690574167715,0.990575218153529,0.359313088503823,0.69183367909061,-6.36118868735737,"TSNAX"
-0.100967477632899,16.0599617018322,-0.988662898888762,0.360176942638866,0.693142967712367,-6.3630640916033,"PUS7"
0.51574657630635,15.9730759184772,0.989038225591234,0.360535287818305,0.693478589323984,-6.36216475627356,"DNAJC14"
-0.0831260250673829,17.6562131075184,-0.985645241288664,0.361543448608511,0.695063131695098,-6.36601817110421,"TAF2"
0.0902576818497565,21.621951879817,0.984247199645317,0.362177918198987,0.695757988508351,-6.36738454338298,"SRSF11"
-0.117792199593847,15.6092124510781,-0.98403568199021,0.362273987119865,0.695757988508351,-6.36759114729692,"ALB"
0.647047682467511,13.8253761785099,0.983952282326642,0.362837271782524,0.696484987077452,-6.36714125918759,"HCFC2"
0.0831860636863482,16.7999720695044,0.980320380153669,0.363964711168263,0.69805870518731,-6.37121488950151,"MPHOSPH8"
-0.842987973176372,13.023237939071,-0.980445798540407,0.364208344690671,0.69805870518731,-6.37078753216085,"ANXA4"
-0.0869465150450104,20.1099996412317,-0.979776813447383,0.36421259233513,0.69805870518731,-6.37174422637645,"NEMF"
-0.495352326797079,16.2561459472335,-0.978395825029202,0.365365479651372,0.699489373651092,-6.37255699375358,"TAF1A"
0.161084513050282,15.4504044876912,0.977090496316135,0.365439575971844,0.699489373651092,-6.37435708594233,"RASGRP2"
0.549272481813006,14.3463519118389,0.978066700260645,0.365515667398581,0.699489373651092,-6.37287708759442,"ASB3"
0.123915303417306,17.8151126428899,0.977582085264811,0.365736897733285,0.69950865211219,-6.37334826324993,"RBM4B"
-0.453958845713945,16.6801977952619,-0.977231882805497,0.36589683341253,0.69950865211219,-6.37368864867232,"PPP1R18"
0.0996350651906504,16.3821483465412,0.974019740350707,0.366846128658476,0.700968020802055,-6.37733747465121,"TARDBP"
0.0987772928724233,16.4735176457995,0.972219882321928,0.367672521959638,0.70189928475089,-6.37908118608873,"KIN"
0.109431667961786,16.4400221170049,0.97214734251089,0.367705858722283,0.70189928475089,-6.37915141367737,"ITPR2"
0.103077707032124,20.8525932006992,0.971875260851613,0.368136964224636,0.701951569473252,-6.37910191470626,"ACTR3"
-0.0725193491814409,18.4628915488711,-0.970621869652303,0.368407461595127,0.701951569473252,-6.38062737523054,"GATAD2A"
0.120210848050043,16.5317979672015,0.970496003288986,0.368465397465544,0.701951569473252,-6.38074908080063,"MRPS22"
-0.0966607920765874,21.4935859043656,-0.971021545486556,0.368478025460893,0.701951569473252,-6.37998047760465,"RPS25"
-0.125136298458999,15.8599147625441,-0.967666749618014,0.369769576836125,0.704056214480905,-6.38348176073738,"C1orf174"
-0.157641386721711,15.4667470509157,-0.965618914223211,0.370715802318738,0.705278828618809,-6.38545605047845,"ATE1"
-0.243618265452007,16.4974389226586,-0.966584318990313,0.37078584570888,0.705278828618809,-6.38399543429547,"CDK6"
-0.187238088992011,16.8853902029133,-0.964273148878212,0.371853798843125,0.706550304415826,-6.38622176999065,"MRPS26"
0.282622577400378,14.1033991691114,0.96283182035873,0.372006648640093,0.706550304415826,-6.38813811959976,"ALDH3A2"
-0.56119150022109,14.5493245452828,-0.963921416254764,0.372016539592948,0.706550304415826,-6.38656025061567,"TXNRD1"
0.131536166757179,16.5032736492609,0.961922226055846,0.372428686878712,0.706626585975011,-6.38901220585587,"GIGYF2"
0.0742778514349105,18.1818275224024,0.961430199361447,0.372657135542493,0.706626585975011,-6.38948477213331,"SMC2"
-0.132372927253401,15.5491421759168,-0.961108574040579,0.372806525664208,0.706626585975011,-6.38979358059883,"PXK"
0.16962159981423,15.7813347628654,0.960726078560836,0.372984249833288,0.706626585975011,-6.3901607346162,"ICE1"
0.380835489595309,17.0485000262736,0.961540013339963,0.37311984114204,0.706626585975011,-6.3888495561363,"HECTD1"
-0.0791997132307856,17.2426687880049,-0.960302137904239,0.373181308402188,0.706626585975011,-6.39056754588391,"TAF1"
0.229574387989281,15.4575856233581,0.960332757347798,0.373461836963112,0.706802773770548,-6.39023388437905,"GNA15"
-0.475429144859348,16.650520242907,-0.959037265779032,0.374282116933073,0.707911298961549,-6.39125104600101,"GPANK1"
1.00155630744274,16.2482709788518,0.958734073072612,0.37442311144014,0.707911298961549,-6.39154166052188,"CWF19L1"
0.112743069975277,16.8600858493109,0.956631361259489,0.374890973285952,0.708140868137286,-6.39408447426402,"TOMM40"
-0.321591608727873,15.5023529747087,-0.957665840302088,0.374920204987274,0.708140868137286,-6.39256503988269,"TMEM33"
0.120325830272684,16.4920849774919,0.955600794717112,0.37537205393532,0.708639280588962,-6.39507006272104,"KLC1"
-0.148907136771509,20.0222944036521,-0.955026070719866,0.376150808927257,0.709754028856737,-6.39509037767745,"RPL36AL"
0.504152993386985,14.6617138607271,0.95309429256165,0.377053355618884,0.711017355874439,-6.39693516835828,"PRDX5"
-0.633179849742673,13.6781789878214,-0.952786027204539,0.377197536272912,0.711017355874439,-6.39722929836775,"RSU1"
-0.132894042258851,16.4901719028594,-0.949938879225252,0.378023665457646,0.71138046245527,-6.40047086186942,"PPIP5K2"
0.196688586658251,15.2792406174694,0.949859658021777,0.378060869474777,0.71138046245527,-6.40054626106688,"NDUFV1"
-0.170479765034012,15.543522185043,-0.949702233033025,0.378134808131874,0.71138046245527,-6.40069607730357,"UXT"
-0.167350740947454,14.7503457807015,-0.949453225786922,0.378251783617069,0.71138046245527,-6.40093301183015,"ARHGAP15"
0.482697793358295,14.5460883973922,0.950360181297947,0.378333641173161,0.71138046245527,-6.39954146287161,"ITGA2B"
0.0618926265796595,17.7361623421249,0.948313258623819,0.378787661137227,0.71176013365547,-6.4020171215379,"BBX"
-0.123804403369682,16.7227306886044,-0.948046480745493,0.378913153381042,0.71176013365547,-6.40227068809152,"DAPK3"
0.387256467274499,14.7984772594153,0.94841736566236,0.379245444131259,0.712029544011378,-6.40139009914999,"RAC1"
-0.121827126227961,15.4408500413355,-0.94586529746974,0.379940389423845,0.71279399044955,-6.40434186932157,"IQCB1"
0.390054044236271,13.9886214591065,0.945673652455118,0.380030748223766,0.71279399044955,-6.40452367997434,"TMX3"
0.0621651254302726,18.968884550769,0.944100677661612,0.380773019080183,0.713831070080701,-6.40601490232981,"DDX46"
0.179184073847022,15.1613223053682,0.936757557774887,0.38425298843283,0.719458589749556,-6.41295190997095,"MRPS17"
0.22001972134991,17.6745126732946,0.93763687638725,0.384335960318448,0.719458589749556,-6.41159711121891,"SUPT16H"
0.217697858274098,14.1666380673665,0.936559109378083,0.384347373940479,0.719458589749556,-6.4131388223148,"PWP2"
0.269441740089134,15.2547193069059,0.936568142425735,0.384843478955758,0.719907545838847,-6.41260427497364,"HAX1"
0.062985356372284,17.5542328019027,0.935252789424852,0.384969127960508,0.719907545838847,-6.41436846566466,"KIF4A"
0.366774274894224,15.0765168092543,0.933130792478874,0.386479309784046,0.722373325674692,-6.41583780006916,"XPO1"
-0.908914028028068,13.0468019384388,-0.932095849093117,0.386972886634129,0.722937454217377,-6.41680963886731,"KAT14"
0.253147675372952,15.2272064059266,0.930422611022456,0.387567864086517,0.723690365332426,-6.41859456629308,"TSSC4"
0.410352109619829,14.7241811030845,0.929197899749903,0.388357536005336,0.724805896405998,-6.41952660582736,"LYPLA1"
0.340808291080716,18.1551455352475,0.927875760139871,0.388990523196135,0.725058749391163,-6.42076407526545,"TPP2"
-1.05614058320826,12.8838501491632,-0.927868276734507,0.388994108205006,0.725058749391163,-6.42077107568165,"GBP5"
0.589521112973987,13.461065767687,0.927117183309214,0.389090725667946,0.725058749391163,-6.42175212508435,"KIF21B"
-0.113651176944202,16.9273082857082,-0.926276686704565,0.389262310017961,0.725058749391163,-6.4227829125506,"COPE"
0.537615000067255,13.8426329479652,0.925938968728001,0.389833851673115,0.725359042932042,-6.42266484993148,"ZC4H2"
0.519236431351365,15.9354211264833,0.925654076657068,0.390055960900409,0.725359042932042,-6.42284051236578,"TMEM109"
0.301952882890113,15.3577636104364,0.925482914128208,0.390138137033721,0.725359042932042,-6.42300033021948,"SSR1"
0.0955012861389655,17.0739173028612,0.924209035089102,0.390256428761751,0.725359042932042,-6.4247125475253,"WDR70"
-0.129856492180807,22.1130179434902,-0.924757565728329,0.390486528538722,0.725359042932042,-6.42367735668736,"RPL26"
-0.105389672821516,16.509478087186,-0.923000883561333,0.390838201738566,0.725359042932042,-6.4258385516689,"DPF2"
0.0972919222752147,18.0195591681937,0.923224035465741,0.390948755640808,0.725359042932042,-6.42539930413277,"AP3M1"
-0.175230465559451,17.0830270102077,-0.92376687492607,0.390962752052496,0.725359042932042,-6.42460140590635,"POLE3"
0.164789520827803,15.214430069783,0.920404649404753,0.392090634548893,0.726796205238661,-6.42825449984775,"SCRIB"
-0.0879276454274347,16.8896457096665,-0.920042136776634,0.392265755563037,0.726796205238661,-6.42859143063246,"POLB"
0.0513262462342112,19.3300163768772,0.919938722306504,0.39231572351742,0.726796205238661,-6.42868752896853,"ERCC3"
-0.433324399658966,14.313557496821,-0.920121934950177,0.392718702389446,0.727111020140187,-6.42799475957026,"AFP"
-0.170229248558497,15.1887591607654,-0.918429764076723,0.393045376840509,0.727111020140187,-6.43008880685544,"NMT2"
-0.0565530212369225,17.9738134342568,-0.918390741805575,0.39306425969382,0.727111020140187,-6.43012502141889,"ATAD3A"
-0.0845105901635179,17.9413121552195,-0.917337993813657,0.393573944941039,0.727696798640371,-6.43110158377658,"ANKHD1"
0.621382007050924,13.0550217640448,0.916778300908469,0.393845123882636,0.727841233841931,-6.43162042782035,"RRP36"
0.0921246598297145,16.7944984508444,0.915656580735288,0.394389041380672,0.728489312104425,-6.43265955869924,"DMAP1"
0.145884701554889,15.659530423321,0.914802066167871,0.394803775752692,0.728898253960651,-6.43345051139765,"SCAPER"
0.285647024744819,15.518731871657,0.914328708366821,0.395522000287227,0.729553120134597,-6.43336734468311,"HBD"
0.181396802069056,14.9417389341332,0.912965916937747,0.395696064502692,0.729553120134597,-6.43514818856557,"FAR1"
-1.06210836361415,17.9967197696163,-0.913881516373128,0.395739026704311,0.729553120134597,-6.43378100305725,"KNL1"
-0.161428291665912,15.5367730432246,-0.912310382516481,0.39601499704039,0.72970505319759,-6.43575365990248,"CKAP2L"
-0.192104225550722,16.1208877649848,-0.911343918573247,0.396972266753427,0.731111600224925,-6.43612542012658,"ERGIC1"
-0.123849590457318,21.7785608138771,-0.910026854333761,0.397613496390683,0.731935000680115,-6.4373402776114,"RPS26"
0.266724214801194,16.6108784535978,0.909055370214779,0.398086981042059,0.732236913180338,-6.43823552095733,"PCNA"
0.0824794360742978,17.0869959191178,0.907899730958223,0.398165960747929,0.732236913180338,-6.4398188843699,"TMPO.1"
-0.250625849757713,15.1069666951891,-0.906971798293067,0.398897857053374,0.732871403214018,-6.44037400436367,"YTHDF3"
-0.264179185552429,14.6537968635342,-0.90614565593582,0.399023838087675,0.732871403214018,-6.44143142289256,"EXOC7"
0.177363511039726,15.7324333961927,0.90600952944484,0.399172047626114,0.732871403214018,-6.44146897883026,"CBL"
0.12840522464225,16.3082941292219,0.90560496923103,0.399288557613155,0.732871403214018,-6.44192800288176,"UNC45A"
0.108998972831667,16.1671635892166,0.904980282997508,0.399594568804505,0.733011657137864,-6.44250144902777,"PPIL2"
0.202674746166977,17.9146256822271,0.905642332672351,0.399753837420543,0.733011657137864,-6.44137496547289,"YWHAE"
-0.466154433093319,16.3626049755883,-0.905049816539246,0.400043749357168,0.733186648068315,-6.44191907274701,"FBXO45"
0.239309349569337,15.1567237111356,0.904061580725866,0.400322251172281,0.733340567016277,-6.44304648683638,"ZW10"
0.115408458400511,15.9723843305663,0.902871221558124,0.400629033402819,0.733546117498119,-6.44443528577807,"RNF213"
-0.609487338114562,15.6920363304134,-0.903321970300089,0.400890077783789,0.733667763711109,-6.4435042097361,"DDRGK1"
0.131524988567271,15.5180275725027,0.901374725950978,0.401364270845349,0.734179185389114,-6.44580536194095,"RAVER2"
-0.101755294918178,19.0436227463533,-0.900429187668857,0.402310050697857,0.735552323535849,-6.44615291330334,"SLC25A3"
0.799068221105538,12.4215581146101,0.898419765828376,0.402819054169911,0.736125949694893,-6.44850559638258,"MAP4K1"
-0.204006881989681,14.1795180847566,-0.897514988310358,0.403265288231008,0.736584368522722,-6.44933102362016,"RAD21"
0.0662999709928869,20.2683194196625,0.895940012863377,0.404042951261286,0.737647421915277,-6.45076635261841,"TOP2B"
0.378595275275728,14.6439743273835,0.895604093910051,0.40468700077735,0.738122900711295,-6.45055649142133,"ZNF275"
-0.345426960165748,14.0299970955062,-0.893867048460354,0.405068223771186,0.738122900711295,-6.4526525712708,"ACBD3"
-0.410382751711728,13.3988589345672,-0.893853396013081,0.405074982653797,0.738122900711295,-6.45266498271432,"GATA2"
0.231035899560343,14.3604169891083,0.893830037610585,0.405086546835986,0.738122900711295,-6.45268621750716,"LEF1"
-0.436175534838855,15.3242029127955,-0.894197726705177,0.405381802363651,0.738304055512543,-6.45183660241674,"ADAM10"
-0.26607118450362,16.5408889546469,-0.893659618909008,0.405647887145219,0.738431933625048,-6.45232599531983,"EIF2A"
-0.176077460762169,14.6740406303569,-0.892295496641236,0.405846805390961,0.738437478920811,-6.4540803140559,"E2F3"
0.157274078233131,15.9059421465065,0.890256620177135,0.406858586098583,0.739921307087148,-6.45592974218546,"NUP155"
-0.451409811500543,13.2722562685063,-0.889291284595728,0.407338288702619,0.740436522858665,-6.45680424636586,"E4F1"
-0.192864745421151,21.215944181805,-0.888704499213775,0.408104299200385,0.740903022741624,-6.45682193407192,"RPL37"
-0.105808443975693,16.0295176080512,-0.887552529392923,0.408203396157642,0.740903022741624,-6.45837755517273,"HSD17B11"
-0.19546540696534,16.2621823386812,-0.888192648826876,0.408358676624901,0.740903022741624,-6.45728526131,"DNAJC7"
0.2594460108755,17.1769899228943,0.888147682505536,0.408381029511166,0.740903022741624,-6.45732595507001,"NHERF1"
0.109133030213105,16.2498503559551,0.884521196614708,0.409714911189075,0.742734602979596,-6.46111477714392,"IFRD2"
0.255905014971958,15.0809851320157,0.884939106675893,0.409784608540467,0.742734602979596,-6.4604358456989,"TRIP4"
0.19634151273131,15.0026412081793,0.880263689745196,0.411844902442431,0.746110178860147,-6.46494699951921,"ING2"
0.219892793849075,14.4708195761758,0.878760521414962,0.41259889619821,0.747090519041811,-6.4662966011634,"LONP2"
-0.150028198484739,15.8192387159438,-0.878395048058447,0.412782374314083,0.747090519041811,-6.46662446727168,"LSM5"
0.0708576426075638,18.1033961189435,0.876842488758961,0.413562482055933,0.748143261684677,-6.46801609066748,"ARPC1A"
0.233591563690462,14.8698341744099,0.875690458183458,0.414142047706857,0.74883238362343,-6.4690474705513,"PRSS3"
-0.0951290787535051,16.2722793128212,-0.874802646359106,0.414589102298711,0.749019229517961,-6.46984158559937,"MYEF2"
-0.123076975374873,15.1870186167186,-0.874675095539,0.414653359581967,0.749019229517961,-6.46995562378685,"MAP1S"
0.272284085151213,13.8075832223067,0.874301880941196,0.414841419425332,0.749019229517961,-6.47028922621967,"HAUS5"
0.246023298522179,14.6557121725684,0.873474305417831,0.415258654503512,0.749413656045113,-6.47102857053598,"AGPS"
0.0979621031748437,16.3101275114817,0.871009168763099,0.416503340849394,0.751126588080456,-6.47322766583206,"ODF2"
0.255003269776278,16.1326261025608,0.871593066199571,0.416672926878905,0.751126588080456,-6.47219975845973,"WDR1"
0.42571183055936,14.0209069620036,0.870939049221989,0.416805523147033,0.751126588080456,-6.47299874733049,"CRBN"
0.18705308810507,15.8270656475266,0.869494431618787,0.417542763091723,0.751399680545122,-6.474277838174,"MRE11"
-0.249807002157374,14.7897555844339,-0.86883896578441,0.417711425895344,0.751399680545122,-6.47503934449096,"MRPL3"
0.109399698436295,16.0176244758076,0.86855559468389,0.417744938729989,0.751399680545122,-6.47541164657373,"IL4R"
0.166216051829336,14.8575637664643,0.868537105880215,0.417754305151877,0.751399680545122,-6.47542808566516,"SGF29"
0.152333665856643,15.6767969530276,0.867038815428086,0.418513856390872,0.751830722699698,-6.47675936601398,"NAMPT"
-0.28890334981665,14.1980378378493,-0.866656795636713,0.418707683174113,0.751830722699698,-6.47709851661179,"VTN"
-0.436965703408399,15.4753560665615,-0.8675321339265,0.418726031645457,0.751830722699698,-6.47581532824881,"DSCC1"
-0.17344169735078,15.6653341171689,-0.866603744570753,0.418791649249169,0.751830722699698,-6.47708316400835,"NDUFS7"
-0.261036130638429,15.3680563795068,-0.866735904583704,0.419129465662141,0.752079050712171,-6.47652269898343,"PRKAA1"
-0.355224725467657,15.4793924530771,-0.865421876324253,0.419795889756877,0.752457316327525,-6.47768897932458,"PDRG1"
-0.190547634283316,14.8383565505542,-0.864359134727434,0.419874858627906,0.752457316327525,-6.47913588140452,"OGFR"
-0.134584858643629,15.6116869012692,-0.864232920069843,0.419939043382789,0.752457316327525,-6.47924767524727,"PARP14"
-0.0673545982457497,20.0633912641182,-0.863518068554926,0.420302708423484,0.75275116900548,-6.47988060997639,"ELAVL1"
0.105839691194515,15.7382815898661,0.86248011867837,0.420831157177796,0.753083521967218,-6.48079889014593,"MED13L"
0.0923380606369548,24.1558923854154,0.862693470221002,0.420925722748611,0.753083521967218,-6.48038737003518,"MYH9"
0.149751896728622,14.708326550861,0.861976872705282,0.42108755021403,0.753083521967218,-6.48124380409021,"SFXN4"
0.155262944466223,15.518258408247,0.860953824639487,0.421609127023538,0.753088734051468,-6.482147643223,"CDC73"
0.0630610805814342,19.0924110648388,0.860868176712895,0.42165281422291,0.753088734051468,-6.48222327309538,"CHAF1A"
0.0452719133060562,19.3739051836591,0.860795790689047,0.421689739411843,0.753088734051468,-6.4822871876929,"PRPF6"
-0.213117500667469,22.3195573529844,-0.860435353291651,0.422332014076134,0.753825929455459,-6.48210229705587,"RPL22"
-0.0715846445003692,18.4790919606336,-0.859203807529754,0.422502437384452,0.753825929455459,-6.48369179578194,"NOP53"
-0.358531036640516,15.566452611421,-0.859221690510699,0.42295099109328,0.754103622928635,-6.4831734417189,"SINHCAF"
-0.151442220686331,15.6214430901013,-0.857922259210378,0.423157499167283,0.754103622928635,-6.48482102792958,"NMD3"
0.111188497729993,15.3358514350864,0.857725456749736,0.423258160773738,0.754103622928635,-6.48499432283003,"PPIL3"
0.28836969926143,18.6244814930013,0.85811128014119,0.423517896173394,0.754209952089607,-6.48415242550858,"CANX"
0.064856649601861,18.0362073457281,0.855152644711012,0.424575740114772,0.755736798976718,-6.48725695141659,"CBX3"
-0.354204017626447,17.9920136994652,-0.855191165484667,0.425011400998626,0.756155253310438,-6.48672220058105,"SUB1"
0.102052657212514,17.0656618673357,0.853752305471387,0.425294144260909,0.756301379180956,-6.48848622137738,"EIF2B3"
0.265760221603806,16.1164039579903,0.853057163415937,0.426105300646246,0.757386602280221,-6.48859584471734,"SDHA"
0.148089670880246,15.6552948138699,0.849233370953072,0.427618547519598,0.759254659839376,-6.49244230869429,"KAT2B"
-0.0779767707648915,16.1123762715536,-0.848699776371752,0.427893626459964,0.759254659839376,-6.49290835179325,"PRPS1"
-0.310555335310632,13.6415656757211,-0.848462987019274,0.42801573776641,0.759254659839376,-6.49311509041785,"RGS20"
-0.354348239472039,14.6203861968223,-0.849081032150929,0.428149014831843,0.759254659839376,-6.49207708758955,"SMTN"
0.302871000991731,14.3134704276463,0.848177031546692,0.428163237882895,0.759254659839376,-6.49336469495752,"CCDC85C"
0.410774198689321,15.2340585460696,0.848522165702818,0.428436846640113,0.759382657185343,-6.4925653724324,"ATF1"
0.122904460324415,15.9611545531942,0.846724181137418,0.428913215171909,0.75975787912625,-6.49463183335272,"ATP5MG"
-0.109152504128549,19.4943618050941,-0.847189318045027,0.429123874215193,0.75975787912625,-6.49372887034789,"SLC25A5"
0.670826041281705,13.3267439377923,0.846938743378489,0.429253125341887,0.75975787912625,-6.4939474469393,"NMI"
0.189140069515329,14.1718005086192,0.844526966409154,0.430049267694999,0.760809826001945,-6.49654493170651,"SKIC3"
-0.187940304493496,15.8172896456172,-0.844394410901332,0.430469581634423,0.761196211426724,-6.49627176524446,"EIF5A"
-0.261840288171477,16.2964981658987,-0.844067369616237,0.430736273976226,0.761310713966418,-6.49644852110846,"WT1"
-0.127966180174498,15.9206192021494,-0.84163413938571,0.4315483335817,0.761714193717641,-6.49905770715833,"PRKD2"
0.249716965567174,14.3663846052606,0.841308373577543,0.431717384452402,0.761714193717641,-6.49934024779005,"CDC16"
0.121060971758627,16.2160753500112,0.841252004139546,0.4317466413595,0.761714193717641,-6.49938912890692,"SKAP2"
0.429781788548638,13.5515320665638,0.841067477911758,0.4318424244166,0.761714193717641,-6.4995491238793,"DIABLO"
0.265627714334851,15.1660109407924,0.841675157587606,0.431974786782047,0.761714193717641,-6.49852712263455,"ERCC2"
-0.119834448164864,15.7752694902265,-0.840240774028582,0.43227173650517,0.761881461722529,-6.50026558334893,"KDM4B"
-0.0921598770413361,16.1067696275898,-0.839612963334928,0.432597970072079,0.762100162229784,-6.50080930035128,"NEK7"
0.382961142196155,14.4130277782561,0.839410209091496,0.433149811734578,0.762715922577934,-6.50049085915054,"SLC25A22"
-0.183302746149895,14.8458182087846,-0.838137544410711,0.433365358407222,0.76273921624427,-6.50208582365418,"ORMDL2"
0.554218727367966,12.7017703405588,0.837122910208646,0.433893660449196,0.763284135738692,-6.5029626465284,"CEP72"
0.823836213919115,13.4945506363887,0.837620594571442,0.43407989045723,0.763284135738692,-6.50203952256031,"COX7A2L"
0.0956537391174024,17.0005763157338,0.835607543007675,0.434683557759658,0.763989283335157,-6.50427062276698,"TAF1C"
-0.117192968324197,15.3313949454231,-0.83487812515181,0.435064145255737,0.764249564065579,-6.50489954319003,"CDYL"
-0.239249964563371,15.3378471075737,-0.835315625365876,0.435279950320918,0.764249564065579,-6.50403030635735,"ATP5MK"
-0.1746507033528,14.914032904015,-0.834158606871848,0.435439804671847,0.764249564065579,-6.50551950081277,"OCRL"
0.7673773917644,14.1139472973725,0.83444193886149,0.435735458323785,0.764412600223671,-6.50478376878657,"PDAP1"
0.19389808442318,15.2511402505478,0.829654438176254,0.437847511888383,0.767760520846141,-6.50933445014913,"RNF220"
-0.103807033901575,16.237313841768,-0.828731306051298,0.438280979418145,0.76816331585607,-6.51018212483379,"MSL2"
-0.208664232966211,14.9170413076769,-0.82804763499396,0.438639829268135,0.76843501688702,-6.51076775226823,"SCCPDH"
-0.28123854557181,14.1821044052617,-0.82526455002682,0.440102827354135,0.770351034241941,-6.51314774447692,"NDUFA6"
0.152815057979655,16.2432714413865,0.825681076369973,0.440142208954149,0.770351034241941,-6.51250459791118,"RCC1"
0.305818663195275,14.7289438982652,0.825418754141456,0.440460117597633,0.770549718488667,-6.5125287358865,"STIM2"
-0.155127888851423,15.8750276927217,-0.823168595761181,0.441367903335527,0.771619221548893,-6.51475689033572,"RAB21"
0.101796051353762,16.7237156136683,0.822649293028204,0.441480811904765,0.771619221548893,-6.51537838715809,"VIRMA"
-0.182771104680072,17.6705594378705,-0.822121014611294,0.442196091575738,0.772317957101566,-6.51534261796412,"FOXK1"
-0.19118468188065,19.9778933033732,-0.821942300530858,0.442290310180977,0.772317957101566,-6.51549485414938,"EEF1G"
0.679457301231666,13.1088580685488,0.820538949417374,0.442851845854745,0.772806949452906,-6.5168884006324,"MRPL23"
-0.102102349541234,17.0940321368301,-0.81952110442515,0.443167411557717,0.772806949452906,-6.51800094157932,"HS2ST1"
0.537641406190927,14.0187274530068,0.820063010073261,0.443281956213948,0.772806949452906,-6.51709411545428,"CSTF2"
0.0906414694838666,16.2995675475932,0.818423222374277,0.443714107807803,0.772806949452906,-6.51897098025548,"CABLES1"
0.126736159356355,15.1725606461207,0.817906084451215,0.443987950129935,0.772806949452906,-6.51940958313766,"WDR48"
0.228865313785942,17.4597301010535,0.818595451433118,0.444057458927349,0.772806949452906,-6.51834096554675,"RAB1B"
-0.18415861613394,15.6819634047147,-0.818087453364476,0.444147887258785,0.772806949452906,-6.51897066997229,"CSTB"
0.055381356224764,18.0614718184933,0.816454886058068,0.444757058377762,0.772806949452906,-6.52063920893978,"MTREX"
0.144454424701495,15.7349188889705,0.815931517967757,0.445034668456247,0.772806949452906,-6.52108223828626,"CDCA2"
0.154102052503003,16.7989744205143,0.816568127065591,0.445130367557432,0.772806949452906,-6.52006046372829,"DYNC1H1"
-0.277506462544961,15.5488237121476,-0.81646244460937,0.445186348417927,0.772806949452906,-6.52015000608102,"CHSY1"
0.0732945096686848,21.3316389634299,0.815628799489793,0.445195296171229,0.772806949452906,-6.52133838445241,"RPS18"
-0.192820943040022,14.0435831419634,-0.81555361391372,0.445235197403637,0.772806949452906,-6.52140199113637,"ZNF362"
-0.118622562802589,16.30488735444,-0.815084454653931,0.445484239753325,0.772883379599648,-6.52179879163798,"ELMO1"
0.493463887364694,16.8087776383351,0.814943736545337,0.445991380426292,0.773407315642651,-6.52143574964574,"VCPIP1"
0.172191672979192,16.9900252237632,0.813016390917564,0.447014529025638,0.774224693654536,-6.52306468934094,"DDX39A"
0.211786019085064,15.1872763092281,0.811591788657196,0.447588701599853,0.774224693654536,-6.52447109794617,"DNM3"
-0.379916780982928,13.9807971244674,-0.811414222586627,0.4476262372747,0.774224693654536,-6.52468432767407,"MEF2D"
0.23087799816145,14.6931542818239,0.810813813532921,0.447755806083223,0.774224693654536,-6.52540233459261,"BSG"
-0.132791854476189,15.9156552396521,-0.810773367325291,0.447777359112681,0.774224693654536,-6.52543639013054,"A2ML1"
-0.139198490524883,16.2836660206797,-0.81120216699969,0.447796087957068,0.774224693654536,-6.52479947145777,"ZNF22"
-0.42007462221177,15.1279569485994,-0.811350424576715,0.447900280334362,0.774224693654536,-6.52447022932454,"LIN9"
-0.0884975585209702,18.3594855844407,-0.810397477253634,0.448231080326106,0.774441417428699,-6.52547005808368,"CDK12"
0.17269707810877,15.0975339181422,0.807351030362272,0.449603747343465,0.775907779959061,-6.52831302949798,"SAMD9"
-0.04453225704491,18.9047730710583,-0.807295298297838,0.449633533676771,0.775907779959061,-6.52835979388113,"CCAR2"
-0.870222240187077,12.2374589460769,-0.807176156125546,0.449697214644708,0.775907779959061,-6.52845975651377,"MTERF1"
-0.11035648993697,15.8473345544211,-0.806544897668497,0.450034726948128,0.776134913355188,-6.52898919637946,"NSMCE4A"
0.0753538085939027,17.882420849542,0.805728619170726,0.450471431091066,0.776150130924751,-6.52967331837867,"UTP3"
0.272508219640622,15.5945526314338,0.805860605251172,0.450827984957479,0.776150130924751,-6.52908549827502,"APRT"
0.0941794616621046,19.989200449304,0.805845096921961,0.45083627486083,0.776150130924751,-6.52909850041144,"PABPC4"
0.121699793545927,15.6021503448185,0.804835306534791,0.450949694324564,0.776150130924751,-6.53042136220076,"HERC2"
0.299910520515493,14.4804692181613,0.805062970306259,0.451072927548045,0.776150130924751,-6.52995685721752,"HAUS3"
0.083802891961021,20.4199459417782,0.803399860017322,0.45196996272788,0.777324133265141,-6.53134141524186,"RECQL5"
-0.184658207913008,14.4992428938554,-0.802563528687746,0.452167592639378,0.777324133265141,-6.53232068960052,"S100A14"
-0.0746282291147189,17.5633115680189,-0.801861859149889,0.45254423000351,0.777617022385247,-6.53290644609129,"GAR1"
-0.191838682301009,14.7600109686733,-0.800864714326954,0.453079854418675,0.778182711233897,-6.53373815401283,"MNAT1"
-0.08111227650123,18.7002107495323,-0.800655998420525,0.453435715536777,0.778262469630415,-6.533639583184,"TMA16"
-0.142047533997868,14.9609952468634,-0.799924742049111,0.453585180679898,0.778262469630415,-6.53452140853506,"NUB1"
0.0984990463598869,15.9112535179162,0.799434560578268,0.453848859569586,0.778262469630415,-6.53492956879373,"CTR9"
0.152337885750654,17.6203039208341,0.800030660834612,0.453952034673019,0.778262469630415,-6.53395910833304,"PPP2R1A"
0.049341560927278,19.1478781260679,0.798726411829737,0.454229979841428,0.778385010910084,-6.53551886665202,"DDX41"
0.112148781113458,15.5484664936868,0.798274851920633,0.454473124556876,0.7784478199487,-6.5358944190357,"SP1"
0.0893939532924009,15.8391276796207,0.797891523803102,0.454679601996562,0.7784478199487,-6.53621308957619,"SUPT3H"
0.142992323153599,18.1483731664226,0.797509455049872,0.455307823401344,0.779169538911969,-6.53605790176167,"HUWE1"
-0.0885166130999195,16.2338950364642,-0.795786024998637,0.455814903089962,0.779683386864409,-6.53796123329613,"CXXC1"
0.328495104544112,15.2208309833692,0.795613537801417,0.456329256256905,0.779727915176308,-6.53763264517648,"IFIT1"
0.217467266646464,14.0996118320401,0.794398536453216,0.456564144664043,0.779727915176308,-6.53911118327073,"TSC1"
0.0868669510113058,15.9074343376958,0.794043863005615,0.45675580759614,0.779727915176308,-6.53940487518092,"EMD"
0.255400979070357,13.9578325406792,0.793922981020128,0.456821144344069,0.779727915176308,-6.53950494874154,"TOM1"
-0.0902995129370616,16.4444476757916,-0.7938232445212,0.456875056929566,0.779727915176308,-6.53958750745355,"MPG"
-0.155521396161244,15.4221979504935,-0.791565457603165,0.458096708408002,0.78145909081365,-6.54145417806636,"SCD"
-0.0426925321874378,21.0880522831285,-0.790759813347395,0.458533187586243,0.781849894708338,-6.54211921472821,"HP1BP3"
0.266546400898276,14.0083987667896,0.78983975592492,0.459032012200354,0.782183118629061,-6.54287802271433,"USO1"
-0.093750678615887,15.9597612487491,-0.789391260226441,0.459275310477291,0.782183118629061,-6.543247654457,"CDC20"
0.0457969967256595,18.3630453728748,0.788462906258437,0.459779209458191,0.782183118629061,-6.54401222285081,"HDAC1"
-0.122532057395551,14.9075173440448,-0.788147423398709,0.459950538334194,0.782183118629061,-6.54427187967812,"TFPI"
0.303418990631382,14.3355737340523,0.788012077279391,0.460208356434044,0.782183118629061,-6.54417663009724,"MRPL37"
-0.206777368187419,14.0772765247518,-0.787395001385874,0.460359336814734,0.782183118629061,-6.54489081585726,"LRWD1"
0.179192897232001,14.1916209667554,0.787283702393604,0.460419828407786,0.782183118629061,-6.54498232861969,"ZBED6"
-0.385172137149217,13.5376887636904,-0.78726811955212,0.460428298211671,0.782183118629061,-6.54499514037341,"PFDN5"
0.0808263528692059,16.3213625046854,0.786698589119453,0.460737932661615,0.782183118629061,-6.54546324978182,"DDX1"
0.103452811393741,16.2136039658916,0.786578259774888,0.46080337041781,0.782183118629061,-6.54556211576108,"PHF20L1"
0.0894847198830675,16.0548990062057,0.786008871151533,0.461113105266333,0.782356618746208,-6.54602977435597,"BRD4"
0.16506320834274,15.0636536733474,0.785262528547112,0.46151932103458,0.782429628733428,-6.54664235330407,"HTATSF1"
0.599328289884282,13.5436992312537,0.785469419040855,0.461822061417569,0.782429628733428,-6.54600672123841,"DDTL"
0.122218889476919,15.4433016647271,0.78431128900659,0.462037421895336,0.782429628733428,-6.547422418527,"ERCC5"
0.388649612120858,14.5615834942527,0.78358904158978,0.462845351102456,0.782429628733428,-6.5475494055071,"GOLGA4"
0.127534795914741,15.9903080809116,0.782246997031072,0.463163162200353,0.782429628733428,-6.54911258954028,"AAMP"
0.4023345584051,13.3330272568174,0.782186642028889,0.463196105130011,0.782429628733428,-6.54916195141173,"GLOD4"
-0.421765132277702,16.6542287251847,-0.782397170512467,0.463494786540357,0.782429628733428,-6.5485256729971,"ELAC2"
-0.181582232440302,14.6324096744239,-0.781188417889292,0.463741193736434,0.782429628733428,-6.54997790655719,"DYNLL2"
0.0886950883215043,19.7632758277555,0.781389618711452,0.464044288862783,0.782429628733428,-6.54935001986505,"AURKAIP1"
0.297638615619542,14.6695055123089,0.78054261421949,0.464506585729941,0.782429628733428,-6.550042342505,"RELA"
0.14526879562322,16.1750611826057,0.779733077048078,0.464779604608195,0.782429628733428,-6.55089332531374,"HYPK"
0.142342506463784,19.0288936171393,0.779889177189067,0.464863454242258,0.782429628733428,-6.55057602924812,"TOMM22"
-0.257114496152679,14.6944655999642,-0.779437680295371,0.46493489980306,0.782429628733428,-6.5511413025248,"NAA30"
-0.162856303612511,17.2960491694002,-0.779638880375347,0.465000202524884,0.782429628733428,-6.55078035960723,"TIMM23"
-0.509087504608283,15.6703195816572,-0.778968118130986,0.465366809113985,0.782429628733428,-6.55132767413418,"NDUFS2"
0.158583327528316,15.2119789286057,0.778110005698307,0.46542501830155,0.782429628733428,-6.55248885635575,"NCOR1"
-0.178340931813725,17.5320267266933,-0.778554295216334,0.465593086160545,0.782429628733428,-6.55166514503726,"DCAF13"
-0.0950694270405599,17.9954621554893,-0.778083826991403,0.465850430491624,0.782429628733428,-6.5520486322425,"MED21"
0.110761605517656,18.2650514362408,0.77802353921807,0.465883414889194,0.782429628733428,-6.55209776023076,"GART"
0.071490022511199,16.2915969858052,0.776787136493336,0.46614991233994,0.782429628733428,-6.55356538056199,"DNAJC13"
-0.0911476618801075,18.1156833917812,-0.777118389569274,0.466307991045531,0.782429628733428,-6.55291453787954,"SRPRA"
-0.147910884368113,15.3716096710975,-0.776239119556619,0.466450440943202,0.782429628733428,-6.55401090620304,"SYNE3"
-0.270075014177285,14.507653353355,-0.776235492439803,0.466633703529752,0.782429628733428,-6.55381028238907,"NSMCE2"
-0.082170221024839,21.0318856250361,-0.776134272608174,0.466749622206022,0.782429628733428,-6.55382471358872,"RPS13"
0.210796947599244,14.6237027337129,0.775052028513735,0.467101897578645,0.782429628733428,-6.55497510142025,"BABAM1"
0.229519181076125,15.0441496077322,0.774827465950129,0.467507870271242,0.782429628733428,-6.55483986890074,"ATP2A2"
-0.25480204890639,13.5405659506064,-0.773536702319901,0.467934407333407,0.782429628733428,-6.55620414224083,"CDK2AP1"
-0.44846403550066,16.4423603000518,-0.773923515405333,0.468130447581567,0.782429628733428,-6.55543153756819,"HSPE1"
-0.107565608316683,15.4001253267442,-0.77301777843798,0.4682197383778,0.782429628733428,-6.55662457407088,"PREB"
0.0509801490088684,18.3931900732925,0.772990876797343,0.468234533591521,0.782429628733428,-6.5566463634526,"BAZ1B"
0.377967650667246,13.6481435181491,0.772742606076961,0.468371091521627,0.782429628733428,-6.55684742462131,"MKRN3"
0.303422047135879,14.8969573909309,0.772332848657891,0.469004257504345,0.782429628733428,-6.55672104938445,"RAD50"
-0.130267400583847,15.872650891091,-0.771550796685917,0.469027016620908,0.782429628733428,-6.55781186906001,"PPHLN1"
0.15543786166814,15.1583562704973,0.77133374556482,0.469146541902332,0.782429628733428,-6.55798738112588,"UBR5"
-0.106348850369777,16.9375432234699,-0.771609012037619,0.469181598469922,0.782429628733428,-6.55755508022714,"PARP12"
0.33829157024914,15.2861618573095,0.772007561690101,0.469183089568356,0.782429628733428,-6.55698448359373,"PTPRC"
-0.0692693268881577,17.5110948815494,-0.771125676893914,0.469261140663265,0.782429628733428,-6.55815559171896,"TAF8"
0.406803179387111,13.5399285667766,0.770409607542131,0.469655681853954,0.782429628733428,-6.55873420436264,"SUPT6H"
0.0483705284750862,22.7831985546765,0.770226602367838,0.469756551418707,0.782429628733428,-6.55888200898886,"H1-5"
0.309685836549559,14.4822603227324,0.770818064980269,0.469767232296256,0.782429628733428,-6.55802592535878,"PUM1"
-0.114630665433438,15.2322700785931,-0.770048620908974,0.469854666453807,0.782429628733428,-6.55902572851807,"P4HA1"
0.282632859333621,16.801850125235,0.770303705357287,0.470120591989031,0.782429628733428,-6.55836286979577,"PPA1"
0.482672601006607,14.8104233528756,0.770281780963959,0.470132663829766,0.782429628733428,-6.55838058994053,"UROD"
-0.307729131954291,14.5586863018068,-0.769999807264458,0.470287941302373,0.782429628733428,-6.55860845517944,"RNASEH2B"
0.265824851465677,14.6502385779491,0.768467795688786,0.470965779638601,0.78321172882114,-6.56003237166021,"STIM1"
-0.130223650242563,18.4697462219994,-0.768062839992697,0.471355558836604,0.783245929089268,-6.56017188545203,"SF3B4"
0.0697932598029958,16.9688259109583,0.767245410625986,0.471401860239668,0.783245929089268,-6.56128570982984,"POLR2M"
0.174366996386521,14.3784538134499,0.766739833295774,0.471681283129914,0.783364950396376,-6.56169259037479,"KANSL3"
-0.135429171042047,14.8840249886336,-0.765927426760259,0.472130525445197,0.783765777599469,-6.56234593962723,"NDUFB7"
-0.100642339056588,15.4928946300745,-0.764718311783019,0.47279968808786,0.784531172575366,-6.56331727112433,"NUDT16L1"
0.17392568096583,18.1840142441907,0.763831999239748,0.473693381603302,0.785325372214316,-6.5635755815646,"ACTN4"
-0.0830651291277142,15.8365333511566,-0.762824813175382,0.473848930867108,0.785325372214316,-6.56483585419764,"KMT2A"
0.0597586694804804,17.6438424098984,0.762726880838936,0.473903241853466,0.785325372214316,-6.56491431134023,"NGDN"
0.180118807376527,15.3462070361232,0.762087040066292,0.474435811286478,0.785583460344909,-6.565226951807,"AP1M1"
-0.154490861831627,15.7274705825301,-0.762015050531004,0.47447573984227,0.785583460344909,-6.56528459985145,"UFL1"
-0.116924581009911,15.0724073586279,-0.761088971734573,0.474812226652042,0.785788083102527,-6.56622526747916,"HJURP"
-0.389479067775595,14.3036580981348,-0.761444489378069,0.475016191350308,0.785788083102527,-6.5654895022562,"IVD"
-0.191852322894812,16.0184368896676,-0.760590881303152,0.475489757720753,0.786102495436755,-6.56617259090936,"UNCX"
0.161582685891773,14.5910889781659,0.75962934318563,0.475623287026854,0.786102495436755,-6.56739156973619,"CCNY"
-0.066546760362197,21.9191233292361,-0.758749753476592,0.476112503644897,0.786566230824391,-6.56809350420894,"H2AX"
-0.124660606604399,14.7262574427765,-0.757012966758231,0.477079502025532,0.787403827523849,-6.56947752843525,"RECQL"
-0.229290325472535,15.9342747764516,-0.757718024789742,0.477085969406289,0.787403827523849,-6.56846691868413,"SMAD2"
-0.184906530533702,14.3759537135793,-0.756714016425664,0.4772460864435,0.787403827523849,-6.56971549365209,"ZNF318"
0.185021195388188,17.7620855733029,0.756802321292255,0.477595529300989,0.787504285901627,-6.56919671540007,"UBA2"
-0.133570506445556,14.6268987567089,-0.755818975309328,0.477745070846993,0.787504285901627,-6.57042748354084,"BRCC3"
0.119753331142832,18.8205609309779,0.755574600620869,0.478279306900094,0.787504285901627,-6.57017404056061,"TPR"
0.0621963189091694,17.2642356340746,0.754715915453057,0.47836051964866,0.787504285901627,-6.5713039890353,"SLU7"
-0.103386079669249,17.9417125333371,-0.755171538562759,0.478503939195077,0.787504285901627,-6.57049461186973,"TXN"
0.152649460912087,16.983610848681,0.754804952139796,0.478708306329513,0.787504285901627,-6.5707860499909,"PQBP1"
0.385143251945873,15.0935930891482,0.75469577303046,0.478769183895631,0.787504285901627,-6.57087282536555,"ADK"
-0.14228988116407,14.450458561536,-0.752838874917479,0.47940906231097,0.787998612015607,-6.57279307138893,"PTPMT1"
0.207487234824892,14.1315894240732,0.752527189023107,0.479583327524448,0.787998612015607,-6.57304003856193,"CNOT10"
0.138377629334784,16.2585616609661,0.752742119452028,0.479696767791994,0.787998612015607,-6.57260687655238,"COPB1"
-0.400535061123003,14.3250724383097,-0.752594510229879,0.47994187512979,0.788057869877747,-6.57254088451517,"SOD1"
-0.0932344575736366,16.8080573341517,-0.75031226597454,0.480822955927308,0.788588264713249,-6.57479260937395,"MUS81"
-0.163049125922036,14.8641141106329,-0.749980734252003,0.481008693668727,0.788588264713249,-6.5750545668761,"PIPSL"
-0.389815056687475,14.3742825623319,-0.750659651941995,0.481023446862816,0.788588264713249,-6.57407344418012,"NSFL1C"
-0.0461772443579278,18.5398278527161,-0.749688338419706,0.481172546705,0.788588264713249,-6.57528552164998,"POLR2E"
-0.473281186884796,13.8185514479732,-0.749817284628576,0.481494847764827,0.788588264713249,-6.57473964500847,"ERCC1"
-0.165117906238986,14.7291891920173,-0.749068635158248,0.481519943068939,0.788588264713249,-6.57577475959131,"SRP54"
-0.282872276654736,14.8112558545696,-0.747568334890206,0.48275494795865,0.790267543987889,-6.57651523042924,"UFD1"
0.198534792833662,17.3633591107651,0.747048788845663,0.483046374457423,0.790401402649517,-6.57692479258912,"RAB11B"
-0.260682166443065,14.8183091220925,-0.74622766217891,0.483507211264298,0.790747793620099,-6.57757161156218,"ILK"
0.20385741284476,15.8034553529613,0.745924262719456,0.48367756288805,0.790747793620099,-6.57781045648809,"ERO1A"
-0.33040789430089,14.382309397729,-0.745331686036227,0.484010399345396,0.790948940412719,-6.5782767177567,"DTD1"
0.0529893637001635,17.7050986019929,0.744068612642077,0.484329165423759,0.790984304610355,-6.57970982558245,"AGAP1"
0.225460716872366,14.3326702971029,0.743793761927903,0.48448391214517,0.790984304610355,-6.57992549977757,"GOLIM4"
0.125309058857669,15.0445683737484,0.743478468614342,0.48466147046417,0.790984304610355,-6.58017282737911,"LEMD3"
-0.451163124431886,15.1116985939171,-0.743696435184482,0.484929695454939,0.791017638531236,-6.57956179787493,"PNP"
-0.22378270264103,14.350754450751,-0.742697381352252,0.485101533231888,0.791017638531236,-6.58078516449833,"HNF4G"
0.0951618383512738,16.6012735040264,0.741913062539676,0.485543690818566,0.791328392122765,-6.58139949528486,"DENND3"
0.171663389417844,18.5339429595743,0.742306696841089,0.485711909647766,0.791328392122765,-6.58065209615773,"EIF4A1"
0.0737346623099846,17.0507139347186,0.74113157342093,0.485984526353691,0.791430524558711,-6.58201107145084,"YME1L1"
0.102210773650498,16.0848099655365,0.740107968484164,0.486562351031812,0.792029388337622,-6.58281130892343,"PML"
-0.121377767517931,16.2259315428247,-0.738977615745748,0.487329750626602,0.79293619329404,-6.58354899456865,"SLC25A12"
0.264599097638776,15.4889176371091,0.738957845063823,0.487600352510607,0.793034223021997,-6.5832724193631,"PIK3C3"
-0.0442450538721886,19.4900733051698,-0.73770383771427,0.487921320447149,0.793214048333657,-6.58468718824368,"MCM5"
0.108903688066187,15.1653194666516,0.736903142467027,0.48837449708521,0.793608557763467,-6.58531081780986,"NPAT"
0.0539472583904796,19.5997255900177,0.736318240300138,0.488705720011105,0.79380463784656,-6.58576601703285,"UPF2"
0.0663589837926537,18.1730112966478,0.735108807913053,0.48939109025766,0.794542098426648,-6.5867062974684,"PIP4K2C"
0.194164538563227,15.3944038376157,0.735164234298971,0.489679031242375,0.794542098426648,-6.58630379558529,"CPA3"
-0.107172198535194,15.7198184764784,-0.734086866111488,0.489970719828841,0.794542098426648,-6.58749980439544,"NELFE"
-0.0966317977872322,16.2375209886342,-0.734030412484096,0.490002753008477,0.794542098426648,-6.58754361200988,"MORF4L1"
-0.0994415727088693,19.5210008916829,-0.734104406589159,0.490346118561869,0.79475703653407,-6.5870524918089,"ARPC1B"
0.407744469928707,13.5691600875916,0.732343241768816,0.49096075009091,0.794842707550898,-6.58885154278429,"DNAJC3"
0.19535550328988,14.8189215439854,0.73227568222597,0.490999137645126,0.794842707550898,-6.58890386390493,"MGAT1"
0.0636734304765838,17.3249466052253,0.731981687709224,0.491166209945397,0.794842707550898,-6.58913149928182,"UQCRC2"
-0.313449293504554,16.0402158216942,-0.732484585434265,0.491264845170387,0.794842707550898,-6.58830945426381,"ARF3"
-0.143335574523823,15.2546447970995,-0.731476932905671,0.491453143581205,0.794842707550898,-6.58952214446505,"MRPL21"
0.138126542089653,15.2832296430406,0.729830055236524,0.49239011809304,0.795244996996054,-6.59079514283358,"NEDD8"
0.0842040429528232,19.3796397637626,0.730248000402798,0.492535305369986,0.795244996996054,-6.59004120521862,"SMAD3"
-0.152351492072537,15.6320951106522,-0.729371868481889,0.492791874220168,0.795244996996054,-6.59099037873585,"WDR36"
0.0616245866128544,17.5610510968562,0.728937030522402,0.492898699803081,0.795244996996054,-6.59148442419837,"MKRN2"
-0.0675502917635136,21.8063171386127,-0.728847482889998,0.492956934522778,0.795244996996054,-6.59154538151878,"RBM39"
0.39554048390983,15.5387988772095,0.729259361362717,0.493097596600521,0.795244996996054,-6.59080528085977,"TUBE1"
-0.0740181924627734,17.5811524902293,-0.728445229312268,0.493178934226395,0.795244996996054,-6.59186371878318,"NPM3"
0.0781132478680249,18.6883943570767,0.728494511201785,0.493389402645563,0.795244996996054,-6.59155729115303,"LYAR"
0.239701517231829,18.0562776899948,0.728018114934583,0.493804174046909,0.79557339152002,-6.5917633592727,"USP5"
0.0618853435277451,19.3637641078329,0.72537083785597,0.494933195794137,0.796804409391303,-6.5942299270288,"SERBP1"
0.125053102157802,14.6508881767474,0.724603259751458,0.495371833962403,0.796804409391303,-6.59481938250573,"DYNLT1"
0.220466473181984,15.3191133105231,0.724816538540025,0.495629824700499,0.796804409391303,-6.59422824313349,"SFXN1"
0.0749956603243405,16.2670487275265,0.724049921321379,0.495688205454442,0.796804409391303,-6.59524398888836,"SLX4"
0.170775123889458,15.3116719948113,0.724047462197237,0.495829320862024,0.796804409391303,-6.59508870862661,"MPHOSPH6"
-0.0868058096628808,19.3907865440992,-0.724454815550104,0.495836377833421,0.796804409391303,-6.59450616006364,"NKAPD1"
0.0735958241885903,18.2242964709538,0.723057505939132,0.496423465000948,0.797407951876257,-6.5958164132487,"INO80C"
0.106879186309222,15.9885542832992,0.722200228715411,0.496746753784726,0.797587419833227,-6.59666137706622,"FAM98B"
1.08601595775459,14.9075235674768,0.72216717277192,0.497144024791954,0.797738871522333,-6.59626109290476,"LAMP1"
0.178480265371299,22.7175597171088,0.721596354250612,0.497470673928077,0.797738871522333,-6.59669826198571,"RPS8"
-0.241093961629721,13.571357330175,-0.720229376220281,0.497876308864739,0.797738871522333,-6.59816824941421,"ARMCX5"
0.294114495393728,14.9988297378416,0.720437648665696,0.498134183625648,0.797738871522333,-6.59758477945034,"POLR2I"
-0.135685148998785,16.5076965442579,-0.720143160862369,0.498302910996743,0.797738871522333,-6.59780989923,"PRPF38A"
0.149584427744596,16.218515239357,0.719590378981592,0.498619732184885,0.797738871522333,-6.59823226179935,"CLK2"
0.155305349349259,16.042821076322,0.719366577847305,0.498748039959316,0.797738871522333,-6.5984031834032,"SLIRP"
0.190762392289663,16.379873868623,0.71934188787184,0.498762196365591,0.797738871522333,-6.59842203691617,"VPS35"
0.140734392518427,15.919640362052,0.718153459927957,0.499283938354556,0.797738871522333,-6.59950880535507,"HBA1"
-0.113694410556832,15.0019813448052,-0.717627810832256,0.499369978924285,0.797738871522333,-6.60015203771228,"ZNF687"
-0.648782276511962,14.0688752295052,-0.718029357980312,0.499515145595775,0.797738871522333,-6.59942351454109,"PAPOLA"
-0.181538317288226,16.2241538341549,-0.717508297356618,0.499814269974318,0.797738871522333,-6.59982066405807,"HSPA4L"
-0.229155057791578,13.8607693021602,-0.716847613403979,0.499818507558999,0.797738871522333,-6.60074578655339,"SNUPN"
-0.592761949683796,14.3688182968465,-0.717329934497275,0.499916690033145,0.797738871522333,-6.59995655550934,"PAFAH1B2"
-0.0819795452612553,18.620238115525,-0.717158566036262,0.500015107004582,0.797738871522333,-6.60008709127484,"RBMX2"
0.658646535695059,16.4003019834382,0.716524698169461,0.500379250446194,0.797982137978913,-6.60056969661728,"KIF13B"
0.0882276318862019,16.7139638659922,0.715304731096364,0.500706289684671,0.798166051632647,-6.60191835181662,"CABLES2"
0.113357204048434,17.7679843421617,0.715311688141299,0.501076593936389,0.798418748579961,-6.60149223929584,"MGST2"
0.159438221591257,15.3038482986592,0.710579026461911,0.503432028489189,0.801603746629356,-6.60549652343116,"BABAM2"
-0.0518142527439593,17.8026364385976,-0.710460173536482,0.503500708758174,0.801603746629356,-6.60558625691988,"HLTF"
-0.333766722602444,15.3641155102711,-0.709924994544472,0.504181185871424,0.801696595417085,-6.60557311225896,"GALNT2"
0.226515554811087,16.1100534477997,0.709896179453795,0.504197827731693,0.801696595417085,-6.60559487210852,"SLC3A2"
-0.156000109829522,15.6000555784152,-0.709426764544555,0.504299554236409,0.801696595417085,-6.6061396326775,"PRR12"
0.0566542117598345,20.0184716008841,0.708401255692652,0.504691462382152,0.801696595417085,-6.60713871453605,"CAMK2D"
-0.0589629348651179,17.0441518601037,-0.70802997950516,0.504906384984005,0.801696595417085,-6.60741825667767,"NF2"
-0.0932459530812082,17.0009576781968,-0.708104517201002,0.504999489258084,0.801696595417085,-6.60720907544716,"TOMM20"
0.249325024428337,14.6608487991293,0.708162946383843,0.505047589951081,0.801696595417085,-6.60707304584842,"UBXN4"
0.11556968010726,18.0386477702198,0.707169791847214,0.505774080758715,0.802227102108218,-6.60765034024175,"PRKDC"
-0.529526395595212,14.8042117232552,-0.706883822013444,0.505939603186436,0.802227102108218,-6.60786555012225,"UBQLN1"
-0.280998206113802,15.0234519468537,-0.706744647205603,0.50602017209903,0.802227102108218,-6.60797026108945,"MARCKS"
0.048565960383538,17.8868962592517,0.704834152150003,0.506758881321677,0.802291092611819,-6.6098193283168,"AKAP17A"
-0.0536102068862938,18.5912838433805,-0.704547108202331,0.506925489567126,0.802291092611819,-6.61003453761008,"PPP1CA"
0.251227063099218,15.8659269862536,0.704187772048542,0.507501875946901,0.802291092611819,-6.60989087271814,"ATL3"
0.110872762951404,15.7578379571451,0.703543045362044,0.507508560588148,0.802291092611819,-6.61078674164178,"TADA2B"
0.0811300970821733,16.1919902929325,0.703443247706365,0.507566538481993,0.802291092611819,-6.61086145632111,"PPP1R12A"
0.186621037972499,15.0761207050158,0.703637592241167,0.50763391128633,0.802291092611819,-6.61051354140583,"RRM1"
0.202492759530081,15.131162774017,0.703727064858121,0.507673959674636,0.802291092611819,-6.61034321212642,"STK25"
-0.098569975278826,15.4050345207931,-0.703105116622414,0.507763009806844,0.802291092611819,-6.61111453518963,"RBM6"
0.135898523075774,17.67638456771,0.702156416628436,0.508681092498344,0.803404993179202,-6.61141253463604,"GMPS"
0.204127661828972,13.8049200621586,0.70051730251592,0.509268325399159,0.803624728355105,-6.61304799643851,"CDC23"
0.164502850856451,16.5936998223945,0.70102055042391,0.50934126178217,0.803624728355105,-6.61226177296901,"ESYT1"
-0.0995046839539135,15.5656625470996,-0.700140655230078,0.509487664102354,0.803624728355105,-6.613328899685,"TNS3"
-0.10541231899666,17.2087922546961,-0.70038377518644,0.509711605660564,0.803624728355105,-6.61273735236069,"ZC3H13"
-0.0527087098807897,17.9118521711525,-0.69945684897011,0.50988603454255,0.803624728355105,-6.61383855343191,"NOL12"
0.215182432379073,14.5831060440267,0.69881469737965,0.510260324788972,0.803878572693031,-6.61431677538741,"CLPP"
-0.0752325480830933,16.6428116860976,-0.697264122333184,0.511164852860692,0.804705501160558,-6.61546997534343,"RBPJ"
-0.225067624612127,14.5107562158223,-0.697183152730231,0.511212115458763,0.804705501160558,-6.61553013446124,"PAIP2"
-0.094674722207218,15.9542833121374,-0.696416186050715,0.511659942561276,0.805074283579303,-6.61609968326205,"TAF1B"
0.105813472847712,15.7656688772319,0.694798600111713,0.51260528632479,0.806225252167067,-6.61729914963621,"WDR6"
0.0849889719946901,18.7112195558189,0.693950625082207,0.513463057548537,0.80666440668541,-6.61752139748647,"HSPA9"
-0.482379235936563,18.4043393445272,-0.693931403790709,0.513474293505604,0.80666440668541,-6.61753563525738,"ETFA"
0.111391407948403,17.2988593967019,0.693515111288363,0.513717680249227,0.80666440668541,-6.61784391290417,"RPS27L"
0.0849089630971243,16.6975211782154,0.692858913600051,0.513740382082671,0.80666440668541,-6.61873432250942,"UTRN"
-0.123776647634685,17.289996832153,-0.691341102104751,0.514989953908333,0.807717650335331,-6.61945127565675,"DCAF7"
0.495145992974795,17.1874086999241,0.690982127529697,0.515200231880445,0.807717650335331,-6.61971627150253,"CLIC1"
-0.23884669490961,14.4084087295263,-0.690326778689594,0.515231442923591,0.807717650335331,-6.62059508669248,"TAF13"
-0.302218290147076,14.285336642475,-0.69063555749712,0.515268156248401,0.807717650335331,-6.6201234426481,"OAT"
0.173202051381626,14.9006868177992,0.689610690992145,0.515644913741876,0.807776290989733,-6.62113000905168,"GOSR1"
-0.136958470610054,14.4281315597376,-0.689458785439626,0.51573409347806,0.807776290989733,-6.62124180970996,"ZNF562"
-0.253994349630394,14.7016579543714,-0.688475538915566,0.516670095993538,0.807906182752202,-6.62156337072508,"ACO1"
-0.0621989127978253,16.3465587254447,-0.687813524588149,0.516700628393175,0.807906182752202,-6.62245135272368,"ARHGAP45"
-0.191781375473919,16.3383712740428,-0.688271579902003,0.516789818356973,0.807906182752202,-6.6217134157677,"ZMYM4"
0.277711334356207,13.6161880762196,0.687419784574387,0.516932112557219,0.807906182752202,-6.62274045124716,"SNX8"
0.094674962693464,17.0052170826094,0.687736797974265,0.516940216879681,0.807906182752202,-6.6222898921763,"MRPS7"
0.128791684976591,16.0841823848842,0.68747918417389,0.517102816705852,0.807906182752202,-6.62246656907334,"DUSP3"
0.187598988732965,16.0312542825366,0.685849619728719,0.51821287820634,0.809305116337159,-6.62349226068007,"PSMA7"
0.100668028464227,21.6639860346759,0.684057009240542,0.519267801572891,0.810251089841069,-6.62480542079867,"HSPA8"
-0.0847744196215849,16.8180369110072,-0.683272836856364,0.519374256083511,0.810251089841069,-6.62577668607883,"LIMA1"
-0.0614490238587173,17.4412575887724,-0.682941586150835,0.519569653342816,0.810251089841069,-6.62601853617961,"DDX55"
0.197521754675789,15.9999776093575,0.683360124854086,0.51967828520841,0.810251089841069,-6.62531512397562,"SKI"
0.151064906937838,14.8195876973671,0.680702833185207,0.520891495087896,0.811806918760384,-6.62765043951046,"RANBP10"
0.110007520935525,15.4126812375101,0.679599838620964,0.521543545205934,0.81248725844065,-6.62845275914224,"VTI1B"
-0.124211797891709,15.4465716645975,-0.678715497427484,0.522066717421678,0.812581129737888,-6.62909522314928,"MAPRE2"
-0.130552455874358,15.987020480821,-0.67883465126333,0.522198914299115,0.812581129737888,-6.62878210213827,"GPX4"
0.202221353043873,15.0274538695775,0.678816957126534,0.522250418396526,0.812581129737888,-6.62874907892258,"CYB5R3"
0.0775854002041925,18.5708976859772,0.678436352253546,0.522584542125436,0.812765562629082,-6.62890371417841,"PPP1CC"
-0.119205442988436,15.9191665901179,-0.676556095561286,0.523345637227455,0.813613629834023,-6.63066098414057,"PTPN2"
-0.277947200449324,14.6450861864074,-0.676671564676602,0.523628773457706,0.813639896645759,-6.63018452997462,"PLOD3"
-0.106997795858192,18.8901534695098,-0.676093258348285,0.523971253568189,0.813639896645759,-6.63060362032185,"IMP3"
-0.159021370601991,16.0796481186085,-0.676027861037941,0.524009991792017,0.813639896645759,-6.63065099347276,"LMNA"
-0.0527440413905005,17.0492536252128,-0.675009954736558,0.524262592508915,0.813696983844632,-6.63177944014559,"GOLGA2"
-0.110352615728118,16.3511733114653,-0.673749211353166,0.525172842767605,0.814267749173271,-6.6325091762253,"MRPS9"
-0.0611917029902784,16.3157554096599,-0.673451652958322,0.525187808797702,0.814267749173271,-6.63290446533937,"DHX16"
-0.105999508244867,15.7015508835584,-0.673200616907545,0.525336955776393,0.814267749173271,-6.63308549297381,"CNP"
0.0474852472374927,18.1162290435171,0.672935867976342,0.525494279506252,0.814267749173271,-6.63327634630781,"ELAVL2"
0.0506080302849981,17.4364695812529,0.672041694910505,0.526025855016783,0.814500984511048,-6.63392046364018,"NOL6"
0.136970026644306,14.7663433977664,0.671955868834136,0.526076895831407,0.814500984511048,-6.63398224962872,"NDEL1"
-0.0642081295883337,17.9587583843215,-0.671560003916255,0.52631235818429,0.814531030523307,-6.63426714384638,"UPF3A"
-0.0707555407187321,19.1037248975699,-0.669511991457981,0.527771568245478,0.816454169998133,-6.63547109252909,"ASF1B"
0.253319650133443,15.5022326073115,0.669288864320186,0.528011785118334,0.816463358728406,-6.63551154577411,"ARL6IP5"
-0.126655127023582,23.7870828597763,-0.668615609590068,0.528412661258007,0.816463358728406,-6.63599483478434,"RPL19"
-0.195052416289602,16.1415370080987,-0.66782650080422,0.528882769700935,0.816463358728406,-6.6365607553857,"TYK2"
0.0570508173318522,18.1857718862482,0.66706038570615,0.528993515677502,0.816463358728406,-6.63749523177276,"TAF4"
-0.2143034402752,16.0976945626022,-0.667476615249389,0.529091298707438,0.816463358728406,-6.63681149663083,"PM20D2"
0.0798924214816523,17.0628666639531,0.66603578176011,0.529605262101666,0.816463358728406,-6.63822767851743,"MED23"
0.237458988690943,16.2905626543624,0.666508676301706,0.52966845799724,0.816463358728406,-6.63750456861596,"CPNE1"
-0.0759316600254358,18.138800748718,-0.666043064165616,0.529809173352377,0.816463358728406,-6.63799040314806,"SAFB"
-0.217549583812897,15.6468210180041,-0.66610579152121,0.529908807933229,0.816463358728406,-6.63779279021306,"UQCRC1"
-0.158390399927418,14.3329217729928,-0.665470111409176,0.529943193317881,0.816463358728406,-6.63863163606226,"RTCA"
0.221188637107916,15.0768941097978,0.665012703235511,0.530561266966342,0.816631176750979,-6.63857402296002,"CERS2"
-0.21945578036927,15.0036407574581,-0.664823384305165,0.530674322861876,0.816631176750979,-6.63870921725005,"FMNL3"
-0.0954663281132397,15.277575975506,-0.664200838837051,0.530701958366021,0.816631176750979,-6.63953697188596,"CYTIP"
0.563980110931212,12.7158501643904,0.663052182530623,0.531389218087491,0.817355100852648,-6.64035498754254,"MTCH1"
-0.112578027346615,17.2963647604421,-0.663242907089764,0.531618741880835,0.817374656154465,-6.63983655406611,"GTF2F1"
0.14552243389875,14.1665111912205,0.660656064790998,0.532824682835819,0.81846184711159,-6.64205743981691,"PJA2"
0.119544827342764,14.6982679683584,0.660431220917213,0.532959508942905,0.81846184711159,-6.64221691858461,"MAGED1"
-0.113600423202397,15.3039483926725,-0.660401813562316,0.532977144471871,0.81846184711159,-6.64223777335428,"ENY2"
0.0943408799830721,18.517289791479,0.65935669564091,0.533945533238379,0.819283228989879,-6.64259869245444,"TUFM"
-0.105011552588227,14.8969841743065,-0.658727293285187,0.533981964025654,0.819283228989879,-6.64342396341429,"STAT4"
0.101585395128982,16.2427827462916,0.658424192627975,0.534163972641146,0.819283228989879,-6.64363839376938,"ANKRD28"
-0.198983337704131,16.2150108941141,-0.658295781806373,0.534581862664839,0.819590736985133,-6.64335030305054,"PLPBP"
-0.115450448599461,15.1657630381166,-0.657261313478307,0.534862634829031,0.819687859067254,-6.64446028580733,"KRIT1"
0.16269630103694,14.474103505726,0.655164388359871,0.536123941982857,0.820388097400222,-6.64593915175201,"NMNAT1"
0.0921510608333271,15.6553688030417,0.654567258384803,0.536483462456509,0.820388097400222,-6.64635953020909,"CHCHD3"
0.208790299480924,17.9355726499597,0.654798698728695,0.536682812523211,0.820388097400222,-6.64582041531567,"CALM1"
0.0925794722522895,16.3999946489817,0.65423127205275,0.53668582053736,0.820388097400222,-6.64659591770762,"JRKL"
0.116730248846018,16.938869817129,0.65471777471532,0.536731491504257,0.820388097400222,-6.64587743992147,"GMDS"
0.156280576291714,15.4437450875,0.654136618458081,0.536937201123507,0.820388097400222,-6.64644666380017,"PFDN6"
0.227083856900192,14.5042610111968,0.653925677237202,0.537019441954978,0.820388097400222,-6.64664480586204,"ZCCHC10"
0.0713496019577242,17.227209314844,0.652255432156271,0.537876808848609,0.820388097400222,-6.64798391251496,"FAM91A1"
-0.0561797440149228,17.7200119817964,-0.652177354046195,0.537923906759152,0.820388097400222,-6.64803868618086,"GFPT1"
0.111686167850566,15.0042223817119,0.651888092148556,0.538098416691599,0.820388097400222,-6.64824156067446,"PLEK"
-0.10002586284965,15.2646750210784,-0.650553958972068,0.53890375421343,0.820388097400222,-6.64917624542051,"SUPT7L"
0.172816595849408,15.4684028121633,0.650870697357268,0.539048895769544,0.820388097400222,-6.64858130478089,"CGAS"
-0.111561569609719,17.9042245316197,-0.650713230320536,0.539143885747486,0.820388097400222,-6.64869168387146,"PPP2CB"
0.133632650044616,15.3974554657094,0.64963321867011,0.539459994565007,0.820388097400222,-6.64982033868964,"SFXN3"
-0.104174182524552,15.983551470613,-0.649554069381573,0.539507827373188,0.820388097400222,-6.64987566962305,"AAR2"
-0.219640454768046,14.58795662435,-0.649701955348648,0.539583165492112,0.820388097400222,-6.64958964827698,"DYSF"
-0.120506753246655,15.2327407138371,-0.649006919349349,0.539838563317345,0.820388097400222,-6.65025800564116,"PHGDH"
-0.0556407139370165,18.4148504568504,-0.648821293716565,0.539950797542035,0.820388097400222,-6.6503876529256,"CHD7"
-0.150129122349551,15.6321469525957,-0.648932156931514,0.540081409481225,0.820388097400222,-6.65009112596487,"RPS6KA3"
0.189596049381834,13.8362429691795,0.648481946701035,0.540156013856739,0.820388097400222,-6.65062458103909,"ANAPC1"
0.246342723217342,14.1594229096895,0.648349143284304,0.540236338621802,0.820388097400222,-6.65071727345831,"TUBGCP2"
0.100038986806565,15.4208995036614,0.648154893129577,0.540353842364867,0.820388097400222,-6.65085282391752,"POLD2"
-0.0553588489752102,17.8912422422554,-0.647871347555488,0.540525390653666,0.820388097400222,-6.6510506224846,"PNPLA6"
0.062121883780943,16.7441605072014,0.647684101342082,0.540638695544359,0.820388097400222,-6.65118120226706,"SMC5"
-0.206967209877924,15.9523253416735,-0.648037188730441,0.540759793644443,0.820388097400222,-6.6505639534461,"TCF7"
0.0700453492062891,17.8869248673141,0.6472353702221,0.541058077245555,0.820510438944386,-6.65133026585221,"RRS1"
-0.274054879131647,13.6959190905496,-0.645817888508024,0.541768780108793,0.82125786128273,-6.65248084532206,"HOXA9"
-0.061836829568449,16.4750404092877,-0.645088862407352,0.542210644833953,0.821482857792631,-6.65298765638926,"DNAJA2"
-0.0970387373030093,17.6472360293946,-0.645403673730558,0.54235300611296,0.821482857792631,-6.65239992394159,"S100A8"
0.237050552309853,16.7403041457521,0.644920576608724,0.54264558901702,0.821492815414995,-6.65273601225381,"ITGAL"
-0.29520949613042,15.4857277863069,-0.644209637116682,0.543076343137563,0.821492815414995,-6.65323021119237,"SLITRK5"
0.142138162796618,14.5300148660781,0.643541187565952,0.543149445066921,0.821492815414995,-6.65406192880495,"WDR62"
-0.0557574845212692,17.5110752442446,-0.642723363322036,0.543645938676304,0.821492815414995,-6.6546286882473,"ZC3H15"
0.331468306522199,14.6499860801057,0.643201290635852,0.543687663452413,0.821492815414995,-6.65393033454386,"SCFD1"
-0.0352190810812871,18.3679901883563,-0.642553533072899,0.543749076735828,0.821492815414995,-6.65474630326629,"FYTTD1"
0.309305733718606,13.8046920443317,0.641997993711814,0.544086541945341,0.821492815414995,-6.65513084955353,"MAP2K1"
-0.249560112174718,14.1898427919608,-0.641971233169138,0.54410280108521,0.821492815414995,-6.65514936596617,"TRIP13"
0.18169259533037,14.2412611290754,0.641226659128494,0.544555310565432,0.821526479849523,-6.65566428863847,"EPB41"
0.104854971533118,15.477988716967,0.641075166174068,0.544647408150631,0.821526479849523,-6.65576899226123,"CDC27"
-0.0788478151013532,15.5706449008288,-0.640859011211394,0.544778832791461,0.821526479849523,-6.65591834931791,"RICTOR"
-0.0816395473937526,22.8961457223381,-0.63812650423883,0.546770865715597,0.824200785185047,-6.65743939314915,"EEF1A1"
-0.483659136320552,12.6058481415582,-0.636764244038008,0.547272242675725,0.824626840482607,-6.65873940401657,"DVL1"
0.0980688506277154,15.5425974556335,0.635582406460898,0.547993215784182,0.825281610630606,-6.65955067993312,"LRCH3"
0.0747236818414123,19.0709118679065,0.634911943816893,0.548729533817225,0.825281610630606,-6.6596496149306,"IMP4"
0.235848244829628,14.738957085029,0.634759773789697,0.548822361199042,0.825281610630606,-6.65975400016066,"COLGALT1"
0.408494161388072,14.1208355027041,0.634525284501287,0.548965424491961,0.825281610630606,-6.65991481175713,"TRAPPC3"
-0.147617431720384,15.2447273753272,-0.633982316968253,0.548994656857924,0.825281610630606,-6.66062009345571,"CACNA2D1"
-0.123576494606482,15.2745008028474,-0.633678637077355,0.54915584203898,0.825281610630606,-6.66085475366637,"SUPT5H"
-0.052527081628682,17.855242546375,-0.633542333740157,0.549239140867955,0.825281610630606,-6.66094798943992,"WDR33"
0.155926133232256,16.3835743090993,0.633464893425445,0.54961266567193,0.825513844455448,-6.66064137431492,"TMED10"
0.0558789264524862,16.2993232999168,0.631326707133594,0.550594273658047,0.826260817442042,-6.66246108285586,"ERAL1"
0.0841791907640825,17.3553770460269,0.631183747415954,0.55087329012697,0.826260817442042,-6.66234765234084,"ACTR1A"
0.0702362418202256,16.1288584487795,0.630840764073458,0.550891765718638,0.826260817442042,-6.66279232123209,"CIT"
-0.080928674286886,15.7093119312584,-0.630685797443838,0.550986656511749,0.826260817442042,-6.66289790569746,"ASCC3"
0.0832350160287412,16.7500920199338,0.629982415818109,0.551417485841235,0.826578100048293,-6.66337685947485,"INO80B"
0.132300725734222,15.253640039083,0.629618350915617,0.551640561701533,0.826583830530516,-6.66362457811675,"TDRD15"
-0.0362149086594741,18.434528142082,-0.627160709266662,0.553147909155083,0.828329417873627,-6.66529352923487,"RRP12"
-0.0930590825504982,14.9721696759777,-0.627002626268128,0.553244953370237,0.828329417873627,-6.66540068506812,"SCAF11"
0.219868954773453,14.9123733390101,0.626671558364331,0.553770440438949,0.828357226656563,-6.66527081875084,"SEPHS1"
0.0689640986599329,21.744015677649,0.626503064026883,0.553774267308306,0.828357226656563,-6.66549451659717,"ARPC3"
-0.309724487551158,14.0834782910028,-0.626121760899276,0.554008257715758,0.828357226656563,-6.66575297084641,"BAG6"
-0.126448779923322,18.9224677919326,-0.626065328662184,0.554142420590942,0.828357226656563,-6.66568181961925,"DCD"
-0.276529622024482,14.8883938638927,-0.625423239837201,0.55453657227882,0.828617866623524,-6.66611675118076,"PPME1"
0.109880155226676,15.9413408618069,0.623969804365141,0.555108780551688,0.82904251282271,-6.66745187266667,"BAG4"
-0.107924971919905,15.3734619232987,-0.623723090634849,0.555260568932982,0.82904251282271,-6.66761834790312,"VPS37B"
-0.0469811432952127,19.771646340126,-0.623271087187177,0.555538726218033,0.82912945282739,-6.6679231964258,"RRP1B"
-0.101015144640677,15.9923508355308,-0.622727550196165,0.555873325613357,0.829274552206822,-6.66828952122707,"NOP9"
0.105083660796858,16.4904025419725,0.621887958642424,0.556578718196555,0.829274552206822,-6.66864827459397,"STAT3"
-0.243565058157131,14.9187971483559,-0.621941099292019,0.556677129833727,0.829274552206822,-6.66846862491393,"APPL1"
0.0611682220421201,17.4391454064548,0.621027307220709,0.556920788744769,0.829274552206822,-6.66943360896624,"CNOT9"
-0.0443017087818625,18.3463947155514,-0.620825920321558,0.557044936746313,0.829274552206822,-6.66956893912228,"GTF2H3"
-0.363178860388143,15.9776216574314,-0.621215245720323,0.557123970593985,0.829274552206822,-6.6689574213308,"ADSS2"
-0.11810257904655,15.4603289726689,-0.620613810008615,0.557175713724106,0.829274552206822,-6.66971143352157,"PKP4"
0.097905039539512,15.8066421040167,0.620125618400246,0.557476780671653,0.82939224100406,-6.67003923469361,"PYCR3"
0.166105108989139,17.6486950317883,0.620263995641929,0.557709901310551,0.82939224100406,-6.66959724230335,"STAT1"
-0.143771304336797,15.9429517073248,-0.619623169257986,0.558104837483242,0.82939224100406,-6.67002778303465,"LGALS7"
0.0515325327235452,19.6373888363973,0.619059212000726,0.558134778627931,0.82939224100406,-6.67075449362061,"RFC3"
-0.06589943838026,16.4578471615516,-0.618519830423765,0.558467770961758,0.829399356338473,-6.67111585392682,"ZNF622"
0.393006422826733,13.5698339855428,0.618641921982016,0.558579566510181,0.829399356338473,-6.67082906151946,"CAPN7"
0.0984722412609305,15.657790969582,0.617064117803216,0.559367075923189,0.830070012843298,-6.67208972688383,"ARHGAP25"
0.0747418232041177,15.5936887327823,0.616171744898883,0.559918800472021,0.830070012843298,-6.67268572449923,"PLCG1"
0.0480196185349158,18.9905365731132,0.615917875570624,0.560075820182832,0.830070012843298,-6.67285513960078,"ATXN2"
0.275739863410166,15.8177281559798,0.616416390746535,0.560083729742819,0.830070012843298,-6.67217638223551,"SRM"
0.0984172846587512,17.0241745041052,0.616338053149328,0.560132125377547,0.830070012843298,-6.67222874703911,"EHD1"
-0.109793193565938,15.2418350903457,-0.615242627714794,0.560493595929968,0.83026979282816,-6.67330545417628,"CUL4A"
0.0449883417498143,20.3247484415268,0.614813526746832,0.560759179453441,0.83026979282816,-6.67359138983623,"ARL6IP4"
-0.164868067773462,15.0046148061137,-0.614724551537407,0.560953627201931,0.83026979282816,-6.67349828696993,"PSMB6"
-0.0686637130337857,16.8217578584826,-0.613870262693912,0.561343263814236,0.83026979282816,-6.67421932400474,"PDCD2"
-0.154027965596805,14.9187167005272,-0.613830181911682,0.56136809069469,0.83026979282816,-6.67424598706543,"SCYL1"
0.204245183428323,16.3110748113126,0.613720352698121,0.561750768460692,0.830509959645807,-6.67397517865383,"RPA3"
0.221631915317845,15.240541422505,0.612992183395005,0.562201536433135,0.83058778433599,-6.67445982120958,"HMGCS1"
0.0397925519267837,20.2559683315925,0.612376348631222,0.562269077871689,0.83058778433599,-6.67521208543294,"DDX10"
-0.23611245101867,15.6653808654985,-0.612400252975868,0.562568129412005,0.83058778433599,-6.67485341435247,"LAMP2"
0.0828088321546367,20.3951369244352,0.612212128532904,0.562684668751755,0.83058778433599,-6.67497843397817,"PLCB3"
-0.128292452375362,16.8748724491006,-0.610903964331274,0.56349545758044,0.83097126842721,-6.67584684795889,"SPTLC1"
0.198578690017307,17.2064969456431,0.610824286575613,0.563544864157391,0.83097126842721,-6.6758996884174,"TFRC"
-0.0516173413449792,16.4759436238682,-0.61022216453597,0.5636057117688,0.83097126842721,-6.67663985663532,"TEC"
0.182495325350184,15.497942259057,0.609897403207279,0.564119799821103,0.831257554883323,-6.67651392915622,"GPN1"
-0.0975624838540874,15.105479341304,-0.609199599150321,0.56424087080807,0.831257554883323,-6.67731604512153,"ZNF598"
0.053789308860118,16.3940092119358,0.60856412543505,0.564635809377643,0.831514453653794,-6.67773575722889,"ZGPAT"
-0.173216092954597,15.3591487969782,-0.608078219884768,0.565249256873055,0.831778612013018,-6.67771709736702,"PPP5C"
0.106149562999299,17.5444891773352,0.608066646558463,0.565256446678343,0.831778612013018,-6.67772474154919,"PPM1G"
-0.0371124439640376,21.2817534960443,-0.606682692508773,0.565806077234062,0.83226254825299,-6.67897611595568,"C11orf98"
0.186775238747785,17.6695326213118,0.606068299828977,0.566498730904294,0.832956402304676,-6.67904272142592,"DUT"
0.0558784037071725,16.3692438485504,0.604162481292291,0.567375968166325,0.833921013640174,-6.68063226605835,"ROCK2"
-0.140957412856091,14.8650675613747,-0.602924158673885,0.568148307005136,0.834561173203593,-6.68144378712843,"FAF2"
-0.141055308151206,15.3896282469583,-0.602644538454122,0.568464005763453,0.834561173203593,-6.68147337038377,"HDGFL2"
0.132635573330651,14.8842679951382,0.602225224730522,0.568584510080749,0.834561173203593,-6.68190117374322,"RSF1"
0.0622705823085781,21.6830773437794,0.602098894324802,0.568840237513435,0.834561173203593,-6.68179164556913,"H4C1"
0.186783565630165,17.0389505970144,0.601695209382993,0.56922305536523,0.834561173203593,-6.68191353536104,"OLA1"
-0.322275668122391,16.7301759333002,-0.601599344116772,0.569282865508383,0.834561173203593,-6.6819762620863,"GDI2"
0.100112371444901,14.9970760536495,0.600534622157025,0.569640444825971,0.834561173203593,-6.68300556757252,"ERCC6"
0.12605142035553,15.1513830982499,0.600437336351615,0.569701244505974,0.834561173203593,-6.68306903610749,"LSM6"
0.21616699442488,15.5806976128429,0.600116427607484,0.570208537006306,0.834561173203593,-6.68294543843291,"NAPA"
0.132974140756508,15.2111767064275,0.599454013582284,0.570316000263432,0.834561173203593,-6.68371003597421,"CTNND1"
0.239073065411896,14.2405137647176,0.599451566336087,0.57043031368959,0.834561173203593,-6.68358927639482,"COPG2"
-0.109312061753378,15.3713583438326,-0.59921107489397,0.570467942532005,0.834561173203593,-6.68386825698138,"SENP3"
0.218596280673054,16.5006703811494,0.597405778583555,0.571902930147871,0.836335937415623,-6.6847115307766,"VDAC1"
0.251299871672664,18.2293296337088,0.596331016039855,0.572575587916873,0.836624801272789,-6.68540981591206,"PSME1"
-0.164384325805127,15.5904332971774,-0.59620721753405,0.572653099736381,0.836624801272789,-6.68549017748519,"IDH2"
-0.104454425735906,18.5244466924043,-0.595634087735427,0.573012025641968,0.836624801272789,-6.68586202133718,"NCAPD2"
-0.187346333724783,14.8566723494625,-0.595331213882459,0.573076997748777,0.836624801272789,-6.68619346572782,"NEDD4L"
-0.21133234185306,14.9078731750529,-0.594850421914412,0.57350301928638,0.836624801272789,-6.68636994590981,"GKAP1"
-0.091080952000727,15.336376930165,-0.593808312630274,0.573853288057487,0.836624801272789,-6.68737222882782,"INTS6"
0.226651439240189,14.9725389806189,0.594132288544537,0.573953175904978,0.836624801272789,-6.68683487472375,"TXNL1"
0.0411760361256803,18.7700366979559,0.59342524660272,0.574093770324766,0.836624801272789,-6.68761959497809,"MTA2"
0.146435837366088,16.6437713134376,0.593771032150004,0.574179706793199,0.836624801272789,-6.68706856811809,"RAB7A"
-0.0739800967286754,16.3942415098274,-0.592736411601786,0.574526360364581,0.836624801272789,-6.68806405485599,"PARD3"
0.125770592450774,14.7525778371678,0.59271224393695,0.574541541245425,0.836624801272789,-6.68807964031191,"NAA10"
-0.0670860225707202,15.8614437426398,-0.591446874674208,0.575336714967501,0.837236743480431,-6.68889487202098,"CSNK1G3"
-0.0932206231028641,15.3542164470471,-0.590946877047308,0.575651100253917,0.837236743480431,-6.68921657454281,"CBX8"
0.231650470316662,16.9832993437958,0.59125257377315,0.575760427396049,0.837236743480431,-6.6886942240261,"ADGRE5"
0.116405348710364,15.52326268437,0.590630472799886,0.57585009969357,0.837236743480431,-6.68942002632752,"FN3KRP"
-0.0422036003310957,17.7501103591579,-0.590071248517148,0.576201918563668,0.837406869659179,-6.68977937682054,"NOC3L"
-0.0756015549222404,16.2803861793693,-0.58935518568077,0.576652594171335,0.837406869659179,-6.69023906669052,"HSPA1A"
0.219560084306298,14.9354414123043,0.589557142371957,0.576826033699811,0.837406869659179,-6.68978515685394,"MTPN"
-0.147641143883046,15.167853239926,-0.589243664314319,0.576855607560978,0.837406869659179,-6.69016735970624,"SDHB"
-0.0405073382037671,20.4146190816978,-0.588594553510012,0.577131550152619,0.837484966926626,-6.69072682344053,"NPM1"
-0.0535720041978145,17.7628213082661,-0.58779628164788,0.577634461056834,0.837892234776555,-6.6912381123772,"UTP15"
-0.17757151533926,15.2259913153157,-0.587639663292205,0.57803261568724,0.838143268226074,-6.69101560613866,"PKN2"
0.163811013383679,15.3438073963104,0.587291024539516,0.578252159325204,0.838143268226074,-6.69123894455796,"FAF1"
0.128989313564372,17.0952079238079,0.586775332894593,0.578576989826039,0.838200025699189,-6.69156908073151,"MAPK1"
-0.196930996926442,15.3109517788371,-0.586005014268595,0.579062409916298,0.838200025699189,-6.69206174294134,"GSR"
-0.247529057120818,17.13000896824,-0.58584873079199,0.579160922218027,0.838200025699189,-6.69216162464709,"PHB1"
0.230545254165694,17.4189408126564,0.585817428901644,0.579180654362437,0.838200025699189,-6.69218162701789,"UBE2V2"
-0.0568385909205951,18.9493232800622,-0.584399138065299,0.579923555834062,0.838437674988379,-6.69325000737981,"RP9"
-0.360711520715048,13.3159197957563,-0.584126225762802,0.579949935443614,0.838437674988379,-6.69358079209163,"TMA7B"
0.184165685245899,14.2114446741814,0.584027881205378,0.580012057392491,0.838437674988379,-6.69364338733616,"METTL3"
-0.189353936089585,14.7857582570954,-0.583234952570652,0.580688099015181,0.839093190221247,-6.69395960698203,"ECI2"
0.226021049569923,17.4236201789176,0.582889705435031,0.581028000650258,0.839262667605927,-6.69404827116995,"PGD"
0.191429203606134,21.0272589913593,0.58201120726066,0.581582998325403,0.839742590458357,-6.69460675204508,"FAU"
-0.209325052190964,15.5616769640919,-0.581361568197607,0.581993614046769,0.84001375381176,-6.69501925836819,"SYK"
-0.0646364164405284,16.3179193896847,-0.580273357950292,0.582386638132862,0.840259328649403,-6.69602605253341,"TIMM50"
0.0499743666720818,22.9326696611589,0.579634056694175,0.582791539201006,0.840521844983854,-6.69643039094195,"MYL6"
0.0756912812211503,17.0036782377163,0.57802831157724,0.583917468110276,0.841823653833935,-6.69732829290592,"HCFC1"
0.081419763556168,14.9512765066635,0.577261327622418,0.584295751616949,0.841918513463982,-6.6979275796818,"YEATS4"
0.26186274681422,16.9912617804786,0.577512636130355,0.584429907091576,0.841918513463982,-6.69745479913656,"AHCY"
-0.0706683418972567,18.2927348418083,-0.577154347906308,0.58465700098132,0.841923947173252,-6.69768078209939,"FAM98A"
-0.105271730301819,16.0608348207895,-0.57489377225,0.585942240861473,0.843107627696619,-6.6992628075487,"DYNLRB1"
0.325736631013651,12.8355836974852,0.574666109269966,0.585943617016504,0.843107627696619,-6.69955885702581,"LARP1B"
0.0815749996147375,16.0225842032115,0.574341548614168,0.586149891828339,0.843107627696619,-6.69976240258422,"XPC"
0.0701350699659784,17.1993493451617,0.573940816559608,0.586440638250842,0.843204121359907,-6.69997510756226,"MYL6B"
-0.255292933242774,13.8148639673559,-0.573132347370551,0.586918774237863,0.843557622180126,-6.70051983513931,"P3H1"
-0.367237954931978,15.8049677825305,-0.573251649084622,0.587134005464364,0.843557622180126,-6.70013419842041,"VPS39"
0.126998902431417,17.3732175734417,0.571983684850221,0.587940090813139,0.844211834726066,-6.70092809008786,"HSPH1"
0.159696303425552,14.5781642418194,0.571334724256112,0.588062897808306,0.844211834726066,-6.70164320151768,"ATP6V1H"
0.137109443285294,14.93054542546,0.571023460844759,0.588261137884715,0.844211834726066,-6.701837393702,"ARMC8"
-0.0448259898680696,18.0863756345452,-0.569867487941494,0.588997704198114,0.844460753326266,-6.70255775440246,"ZAP70"
-0.105308654951926,16.9999726102608,-0.570244006867357,0.589047111601277,0.844460753326266,-6.70201476447939,"SMNDC1"
0.216244711915449,14.8962722949912,0.57015061715923,0.589106573275352,0.844460753326266,-6.70207301557978,"UBL5"
0.0590942456132275,20.1821935229161,0.569022642458173,0.589706538245457,0.844484846063497,-6.70290214526945,"ACTR2"
0.25197973546967,14.8535694823075,0.569207875245744,0.589707017585751,0.844484846063497,-6.70266056420685,"IDH3A"
0.218579325212264,14.1716542329471,0.568616550057718,0.58979538453188,0.844484846063497,-6.70333581613108,"SIK3"
0.156579592733818,15.4602500502997,0.567393829164825,0.590863409269869,0.845399975001411,-6.70378868400613,"CUL3"
-0.300936024405743,14.277026937838,-0.56736310471287,0.59088300640019,0.845399975001411,-6.70380776310285,"SNX6"
0.181573580032216,15.1067232440857,0.566330666016585,0.591541751598864,0.845739772216393,-6.70444834163117,"ERP44"
0.117697528894032,15.4041631884999,0.565838376824917,0.591569172237302,0.845739772216393,-6.70505829283308,"NDUFA9"
-0.0841630803553119,15.2876614574986,-0.564926730712946,0.592151905933352,0.846056360852681,-6.70562186244906,"MRPS34"
-0.111516563159942,17.7103766545065,-0.565237900591374,0.592239452596877,0.846056360852681,-6.70512520824635,"GNB4"
-0.584213457490462,13.9121428746976,-0.564663251820439,0.592606541672659,0.846260099282547,-6.70548067844027,"MYL4"
0.0983595031339917,16.2005465028388,0.561255013627516,0.594659362903416,0.84855202896183,-6.70771695539781,"COPG1"
-0.0603979255512428,16.4226216318692,-0.561006305952854,0.59466166061463,0.84855202896183,-6.70803609809182,"TAOK2"
0.111358701649166,16.3271231687338,0.560227965228664,0.595444260748084,0.849238731801933,-6.70821334630303,"WRAP53"
0.222860397228501,16.429242490471,0.559919155546165,0.595642130428273,0.849238731801933,-6.70840288791363,"NCAPH2"
-0.080770268402679,15.2714248019632,-0.55920215666266,0.595818685839818,0.849238731801933,-6.70914201908219,"KLHL7"
-0.147790031943313,16.3750433145355,-0.559124661301448,0.596151376491278,0.849391794925215,-6.7088901011038,"SPTLC2"
-0.247143132850836,15.6473775020892,-0.557941651122378,0.596910113709074,0.849878385042892,-6.70961441177985,"JUND"
0.124656673752884,14.6260881808871,0.557146831148024,0.597138368407329,0.849878385042892,-6.71039799173175,"THEMIS2"
-0.130469065576996,16.6452922801635,-0.55735134712458,0.597288919671796,0.849878385042892,-6.70997531475381,"STOML2"
-0.277873869823708,15.7694682173109,-0.55677257589354,0.597660459044166,0.849878385042892,-6.71032883245593,"ZNF691"
-0.132640768219739,14.5071498016068,-0.556277248481269,0.597697213787306,0.849878385042892,-6.71092812137336,"RCOR3"
0.218317736890967,15.2017595134257,0.55648442648701,0.597845484650862,0.849878385042892,-6.71050471276447,"NUP210"
0.234112147023492,13.9688492078246,0.5550870679534,0.598462579561516,0.850078880576445,-6.71165248705507,"DNM1L"
-0.0952351016942199,15.6233146698615,-0.554749399421295,0.598679825064017,0.850078880576445,-6.71185774309229,"SLC25A1"
0.0403839560848844,18.8023741275753,0.554151192548093,0.599064803522882,0.850078880576445,-6.71222109355261,"RBM17"
0.235807448074095,16.1368120427063,0.554497594794809,0.599122157669288,0.850078880576445,-6.71171519780542,"MAGOHB"
0.241946032025492,14.4767256178023,0.554269049740298,0.599269113387826,0.850078880576445,-6.71185418930573,"ASMTL"
0.0874567766877732,16.1334537821809,0.553724587056913,0.599339433573526,0.850078880576445,-6.71247999703162,"CLK3"
0.161528289339762,14.7112012721186,0.553019603216355,0.59979870484859,0.850410348732299,-6.71290189569792,"DYNC1LI1"
0.289576318977128,14.7030075603797,0.552468617264982,0.600427522878897,0.850981865132873,-6.71294732819765,"ZYX"
-0.104576895501175,16.2930432618817,-0.551338124744351,0.601107481237921,0.851625405586983,-6.71368263209287,"NDUFS1"
-0.112040790868694,16.6346790691223,-0.550171847466258,0.601907134961959,0.85243797851487,-6.7143371576166,"CPT1A"
-0.193897177994725,16.2764389494078,-0.549406834153238,0.602400428742103,0.852816228448265,-6.71479892362391,"HPRT1"
-0.0967435121770084,15.7755501178192,-0.548230485949895,0.60288270783525,0.852913733085143,-6.71579820216065,"EME1"
-0.0886519666635621,17.1519575286886,-0.548336403183345,0.603091047413837,0.852913733085143,-6.71544406628907,"MRPL4"
-0.106287750347423,15.5948238283265,-0.547819849221058,0.603148013900528,0.852913733085143,-6.71604500638058,"ZNF644"
0.0478935801997018,17.8581006157609,0.547360054411553,0.60344515877734,0.852926730579434,-6.71632115719224,"PPFIA1"
-0.133351075462505,16.0462803998439,-0.547205962489258,0.603820871747051,0.852926730579434,-6.7161241411194,"PSMB4"
0.116525981007786,20.229253941474,0.547077856771712,0.603903609781408,0.852926730579434,-6.7162011296243,"TUBA1C"
0.19404764228964,15.6178650301345,0.546832385412837,0.604062167280395,0.852926730579434,-6.71634860653748,"GLUL"
0.288401213318581,14.6905284395201,0.546341990574421,0.604378999153511,0.853054596334234,-6.71664305186917,"PSMD13"
0.0952804013677859,15.265503450705,0.544700109111336,0.605165789102404,0.853804320984437,-6.7179145845208,"CUL5"
0.10481591892021,14.9199034701494,0.544306977263174,0.605420327984481,0.853804320984437,-6.71814949130771,"WDR43"
-0.103285039983223,14.6133006315608,-0.54390239670266,0.605682342595905,0.853804320984437,-6.71839107839654,"CENPC"
0.12207107865407,15.1651288252204,0.543695954692852,0.605816063297976,0.853804320984437,-6.71851428827762,"ZMYM2"
0.0756733526078541,21.1231182461745,0.54076268465994,0.607990275815894,0.856548333268282,-6.71997615835784,"H2BC13"
-0.429399515346017,14.956172529756,-0.539491396929501,0.608814832616308,0.857052358128934,-6.72073129363902,"GSTO1"
-0.133898170678751,15.3784847743116,-0.539139361440745,0.608927749318008,0.857052358128934,-6.72106048944186,"STT3A"
-0.280096673738104,17.4775039881499,-0.538925829526932,0.609181861652452,0.857052358128934,-6.72106671816869,"RAN"
-0.0704490671335058,19.116736706835,-0.538673509001611,0.609345647011101,0.857052358128934,-6.72121626046791,"DNAJA3"
0.0423184550560336,19.0516984584231,0.537561020962933,0.609797488616625,0.857052358128934,-6.72215638705371,"ELOA"
-0.053896849465513,17.5551409053075,-0.53724625537685,0.610002158803938,0.857052358128934,-6.72234223967769,"ZCCHC17"
-0.0439247370810314,16.5537138306744,-0.536687103027615,0.610365831518127,0.857052358128934,-6.72267214581628,"CEP170"
-0.0786194729646468,21.2973061073926,-0.537100401269852,0.610367334862758,0.857052358128934,-6.72214715747401,"H3-3A"
-0.0704735880006844,15.7033557209144,-0.536643719142524,0.610394053468485,0.857052358128934,-6.72269772973381,"TTC3"
-0.169056125434155,14.1782829867591,-0.534400854434903,0.611854068257097,0.858782515759217,-6.72401780671524,"SACS"
0.270280261545855,16.014569542833,0.533661837196275,0.612603924896954,0.859514996971163,-6.72417333943784,"NASP"
-0.0576887884025687,16.0496671199926,-0.532071005482203,0.613372766720115,0.860106480069576,-6.72538375022812,"RB1"
0.11602165213734,15.9023921519622,0.532243265256331,0.613481783794984,0.860106480069576,-6.72505363024914,"PPIE"
-0.148156813925249,15.1428732844998,-0.531594985229345,0.613840818919585,0.860289920939344,-6.72549910981781,"TRIM14"
0.0459526612026515,16.6802399630381,0.530345986750707,0.614498559738086,0.860546355057088,-6.72639159101252,"TDP1"
-0.156929698451076,15.531716915034,-0.53048985752613,0.614671171633886,0.860546355057088,-6.72603194282291,"SLC25A13"
0.0677625140206217,16.0482475819799,0.52941586066072,0.61510606033188,0.860546355057088,-6.72693377857061,"MBD3"
0.199119804871959,14.7862232182205,0.529736871487887,0.615162478608231,0.860546355057088,-6.72647166981143,"GFM1"
0.0490511999427881,19.8478239043166,0.529475381467461,0.615165099967865,0.860546355057088,-6.72679792263939,"THRAP3"
-0.0993798438554059,15.3772085049473,-0.527808137514314,0.616156909758827,0.861333235275009,-6.72786890327575,"ERG"
-0.2178550601505,13.3422301800646,-0.527765877738432,0.616184545235199,0.861333235275009,-6.72789344848722,"KAT6A"
-0.0991880582152529,15.9353970287398,-0.527138396306376,0.616711962760263,0.86158777074921,-6.72813703636552,"VRK1"
0.0630230418838664,18.4897686717078,0.527193307435342,0.616823711737962,0.86158777074921,-6.72795284805303,"CCNL1"
-0.201129818205342,14.9069930897793,-0.526776625904368,0.617096088550933,0.861648982902599,-6.72819487252399,"ANXA7"
-0.0454912742582572,19.1751961422116,-0.525958080982277,0.617367382516146,0.861708638313909,-6.7289417688731,"MMTAG2"
-0.186484991329426,14.4482539258794,-0.525306487500248,0.617902708823427,0.862136644065256,-6.72920691977505,"DHX40"
-0.303529524064311,15.7973294096226,-0.524872681426957,0.618341508140153,0.862309661981378,-6.72929853612566,"BCOR"
0.166922517788691,15.0306260574983,0.524654719419295,0.618484171352161,0.862309661981378,-6.72942465017885,"CTNNB1"
-0.0252195828846276,19.3930739604298,-0.523784075045751,0.618791487685184,0.862405455095677,-6.73019810013865,"HNRNPUL2"
-0.111589251580435,15.2718448385616,-0.523450151880268,0.619010387662839,0.862405455095677,-6.73039064912142,"FOXRED1"
0.086420080000174,14.9872567757656,0.522815623197255,0.61942646393353,0.862588544286499,-6.73075622608053,"SMAP"
-0.0381657398138309,17.980722501464,-0.522551943352753,0.619599410590939,0.862588544286499,-6.73090802324105,"TOP2A"
0.288560469501498,13.2080636535812,0.522015927016059,0.619951063552408,0.862759508893532,-6.73121638533054,"PARVG"
-0.0951206291586555,15.8122877983843,-0.520467320776947,0.620967640427596,0.863855352181564,-6.73210564952972,"TNNI2"
-0.18713787529191,13.3341503523554,-0.519712156849487,0.621463696263845,0.864172187123352,-6.73253841479736,"JAK2"
-0.104705461581489,14.7968646217602,-0.519174752179769,0.621816841429185,0.864172187123352,-6.73284603765618,"DGKE"
0.0948859846666839,15.1632045618825,0.518945496019255,0.621967526123739,0.864172187123352,-6.73297718057308,"WDR37"
-0.151446522559249,14.9269958844227,-0.5189524879837,0.622112285372089,0.864172187123352,-6.73282028309575,"RAVER1"
-0.119266987623242,14.7060099939723,-0.516997041503407,0.623249005218697,0.865432320322095,-6.73408962771516,"CCDC50"
0.153974477488646,15.997342085454,0.515569586141076,0.624446806510901,0.866776310952171,-6.73463879710556,"NEDD4"
-0.080832778650807,15.3373036824044,-0.514206337381615,0.625086929697462,0.866930453034519,-6.73567627102618,"WASF2"
0.137918692411777,15.1478380694014,0.514163663988512,0.625262851257349,0.866930453034519,-6.73554984258476,"TMX2"
0.0401580709841056,18.3471560166354,0.513767488868803,0.625376218114141,0.866930453034519,-6.73592506046533,"RBM5"
0.192499395163253,15.7072653945521,0.514003702181101,0.625477674337902,0.866930453034519,-6.73552907592332,"TCEA2"
-0.208537298308901,15.5688614985907,-0.513357305599408,0.625903486730349,0.866952921461355,-6.73589585997504,"SNX5"
-0.0599665034159962,22.3393317697271,-0.513280933747179,0.625953806954326,0.866952921461355,-6.73593916765151,"RBM25"
0.113632161782418,15.8076268389083,0.50883427618765,0.628832207688619,0.870619692613329,-6.73850653756955,"MRPS28"
0.100699560389589,15.8306481711189,0.507574048060376,0.629591051403609,0.871189527906953,-6.73928945290572,"RPP25L"
-0.170921793629622,16.0446947139716,-0.507595596529678,0.629705958500384,0.871189527906953,-6.73914653083161,"MAPK14"
-0.0753873449738212,15.1399533315146,-0.506530019081072,0.630157611189615,0.87129154323702,-6.73999996573605,"CEP55"
0.140540201696815,14.1196555931726,0.506308266812115,0.630304421024499,0.87129154323702,-6.7401239804101,"CLSPN"
-0.0586479356167349,15.7184465633849,-0.506053619072187,0.630473031817133,0.87129154323702,-6.74026633027511,"ERCC4"
0.0453433703830228,18.0986578815156,0.505394912035066,0.63090929630533,0.871537765179278,-6.74063424676117,"RRP15"
-0.0475986939694799,17.2684316344973,-0.504787878365281,0.631311480896097,0.871537765179278,-6.74097291136935,"ESF1"
0.12459682960427,16.0024498512784,0.504684817894307,0.631631682083446,0.871537765179278,-6.74077595110954,"POLD1"
-0.07027298265238,20.5709183744701,-0.504623266349598,0.631672437802023,0.871537765179278,-6.74081031406626,"RPL10"
0.0836758126891652,17.6643687809993,0.504339248856871,0.631860515380893,0.871537765179278,-6.74096882531086,"LMNB1"
0.232641661189064,15.2488891351467,0.50384882772997,0.632185345237793,0.871537765179278,-6.74124233824709,"GFUS"
0.13044535756825,15.7011412921239,0.503721885768655,0.63226943972555,0.871537765179278,-6.74131309526971,"TTC31"
-0.0627941361838893,17.0207406770732,-0.502313269266765,0.632952433403229,0.871904344880026,-6.7423496242059,"USP16"
0.114475500860097,14.9138355243524,0.502244709600339,0.632997928895658,0.871904344880026,-6.74238767776577,"ZNF106"
-0.148403938203536,15.0533312195466,-0.501947742348639,0.633368003055811,0.872095460745219,-6.74237822624447,"RAB18"
-0.0835689123817964,15.232404074534,-0.501024576215673,0.633807889453215,0.872200519179658,-6.74306410457882,"GOLGA7"
-0.0645459545872669,19.2533181385935,-0.501251754834037,0.633907008634552,0.872200519179658,-6.74268667650822,"RPS27"
0.0905461098547438,14.9072696489701,0.500072105864209,0.634440552021495,0.872379479319882,-6.74359108958587,"EXOC2"
-0.276982977362909,19.502317551538,-0.500287260837784,0.634547034844453,0.872379479319882,-6.74322132358827,"PTMA"
0.163087003268499,14.598440564068,0.499133714011349,0.635174178406792,0.872379479319882,-6.74399893293795,"PMPCA"
0.0457106975018071,22.0604017316753,0.498653954627005,0.635383159288648,0.872379479319882,-6.74437401628579,"RPL13"
-0.0408604012709475,17.982991540761,-0.498064368175944,0.6357752610698,0.872379479319882,-6.74469890973452,"POLD3"
0.13352171684728,13.9271309977376,0.497899233328495,0.635885106326107,0.872379479319882,-6.74478984431235,"USP9X"
0.25167398813009,15.253176981255,0.497997204803782,0.636068071485985,0.872379479319882,-6.74448697327651,"FKBP2"
-0.0897080134808732,16.3342709085623,-0.497550242033391,0.63626341112182,0.872379479319882,-6.74483542144479,"PAPOLG"
-0.080450130837999,15.4989560790585,-0.497302108773218,0.636282388979302,0.872379479319882,-6.74511843012822,"MTNAP1"
-0.168764881853214,14.2710359925416,-0.497198886145108,0.63635107907949,0.872379479319882,-6.7451751946534,"TUBG1"
-0.029590373078868,17.7630396124295,-0.496451267278663,0.636848704022845,0.872744316309024,-6.74558600340562,"NUMA1"
-0.173810979621514,14.8672733443912,-0.495301792372746,0.637860831468175,0.873813711713307,-6.74596980301143,"BKGD"
0.0810806327858735,15.1103523174204,0.49385360268077,0.638579347948238,0.873965488630823,-6.74700896072374,"NCOR2"
0.197270642001509,17.7801941734694,0.493652019930195,0.638959444243789,0.873965488630823,-6.7468737361794,"CCT8"
0.127810002410978,15.1463340621115,0.493411700271226,0.638994474932397,0.873965488630823,-6.74713007986597,"UGP2"
0.0931882149118337,18.3177749244644,0.493544304307738,0.639031208884801,0.873965488630823,-6.74693265839771,"GRK2"
-0.295794139607027,12.6240864950126,-0.492656428845352,0.639377778945635,0.873965488630823,-6.7476624337139,"SRP19"
-0.325160608121038,18.0280113483474,-0.492706131271222,0.639589780696874,0.873965488630823,-6.74739074785154,"MIF"
-0.185967768375745,15.9429432455033,-0.492699243056629,0.639594372183671,0.873965488630823,-6.74739450951606,"TNFAIP8L1"
0.0728011699065725,18.2657447821339,0.491061600796172,0.640686472770929,0.874222345258949,-6.74828745195511,"CDK5RAP2"
-0.249479349905151,14.5875791784969,-0.490886612160169,0.640803226358421,0.874222345258949,-6.74838270426455,"NDUFV2"
-0.162535442540364,15.7226062145355,-0.490740150085255,0.640900955474402,0.874222345258949,-6.74846240451143,"ATG4B"
0.122986032695691,15.0043260636713,0.489827763908272,0.641266392086881,0.874222345258949,-6.74920063152599,"LRRC40"
0.0474928204351741,18.8144719500794,0.489843786672548,0.641373293508683,0.874222345258949,-6.74907498299845,"INO80E"
0.205928962070226,14.4496061105806,0.489995876368309,0.641397705396722,0.874222345258949,-6.74886707672743,"NFIX"
-0.050790125532103,16.9859487344223,-0.489619481087822,0.641405572144895,0.874222345258949,-6.74931357007838,"AKAP13"
0.134390626386558,17.4086528663019,0.488208037550355,0.642591790478695,0.875332022879813,-6.74983683351348,"KPNB1"
0.0432135416080008,16.5457890434461,0.487707282588968,0.642684095313348,0.875332022879813,-6.75034835907497,"SDF2L1"
0.0808294280129012,16.0804324686883,0.486899813027866,0.643224382221347,0.875751506310754,-6.7507841981391,"FMNL1"
0.135012135821295,14.3327352218734,0.486271460999872,0.64364498418341,0.876007794357927,-6.75112289475459,"OCIAD1"
-0.20952733063617,14.4395831431449,-0.483295990409693,0.64587852239784,0.87851572178299,-6.75248435703723,"TPP1"
-0.170265100585684,14.6954638769903,-0.482593321460883,0.646297389251991,0.87851572178299,-6.75291240109163,"OSBP"
-0.0501563535835601,16.0407319436915,-0.482033275337119,0.64648566496684,0.87851572178299,-6.7533968029626,"CUL1"
0.0724499564381027,22.1728645337932,0.482057554494334,0.646708566316431,0.87851572178299,-6.75314794883241,"RPL37A"
-0.135819761917878,14.5983262420113,-0.480995104523609,0.647182502081842,0.87851572178299,-6.75395100043587,"CLN6"
0.0705193476783705,15.0712494291787,0.480948320056499,0.647213913765372,0.87851572178299,-6.75397594890179,"RAPGEF6"
-0.0393204105690614,16.6608292043202,-0.480925954875926,0.647228930310599,0.87851572178299,-6.75398787465009,"SRGAP2"
-0.064106540531661,15.1605024289383,-0.480742812959137,0.647351903213036,0.87851572178299,-6.75408551177787,"ABHD12"
0.109899831031974,14.4966613545232,0.479547426218919,0.648154858349549,0.879288886641886,-6.75472195298594,"TRMT11"
-0.0430875697824753,17.1516084536096,-0.474629624416457,0.651463622507646,0.882990767293044,-6.75732479979176,"CHD1L"
-0.15713692612179,15.7466878920337,-0.474716778999721,0.651640004433422,0.882990767293044,-6.75704898301938,"TXLNG"
0.119794016688427,20.6066149468598,0.474629422386084,0.651698806346739,0.882990767293044,-6.75709507200119,"H2BC20P"
0.0899354228010498,14.6858686131036,0.473779457997337,0.652036507200185,0.882990767293044,-6.75777224289685,"PLEKHH1"
-0.131343674663299,14.0012314804611,-0.473391794825483,0.652297820024162,0.882990767293044,-6.7579760229581,"RABEP2"
-0.0608246838645314,18.2104305656827,-0.473656919341029,0.652353607281436,0.882990767293044,-6.75760762918606,"DNTTIP1"
0.169580413265516,15.5894193014793,0.473071950106791,0.652747639181792,0.882990767293044,-6.75791546711768,"PSMC3"
-0.101075282390717,20.5280703995164,-0.473057512774647,0.652757365635467,0.882990767293044,-6.75792306024794,"RPL26L1"
0.421808439726727,16.0531175105564,0.472008588708742,0.653464227079322,0.883629890993201,-6.75847415303558,"ACTB"
-0.136540675588762,13.8089779613435,-0.470574797926549,0.654198292528483,0.884305329090132,-6.759452157734,"MITD1"
-0.142114926342874,13.8421256465979,-0.469720927328391,0.654774911337751,0.884767532524487,-6.75989797713884,"CLPTM1L"
0.126761012098953,16.9226835502233,0.468864720671009,0.6555852087733,0.885545050904815,-6.76011910089208,"DDOST"
0.468402772390508,12.5465696251582,0.467895117920694,0.656013118022671,0.885703325929155,-6.76084449963632,"POTEF"
0.0446797502423628,17.4880158360334,0.467653304876998,0.656172251809053,0.885703325929155,-6.76097439596019,"RAB11FIP2"
0.11142401035503,14.9392947066329,0.464759390523969,0.658130564943552,0.887836828168891,-6.76247356609406,"AHCYL1"
0.144605885050739,14.5307038739459,0.464617233906128,0.658226838793215,0.887836828168891,-6.7625469859648,"GPX7"
0.110956074389806,15.3246089040311,0.464423657677769,0.658459355851517,0.887836828168891,-6.76254898672116,"PAF1"
0.185673312297769,16.4492630132853,0.46382139392457,0.65899498515444,0.888241363615387,-6.76273654554433,"SEPTIN6"
-0.178719308143636,15.9252405854688,-0.463462492904661,0.659237980267237,0.888251317229266,-6.76292180853423,"PSMD3"
0.0917664215538299,15.2475677468251,0.462593672582558,0.659598045080649,0.888279198079004,-6.76358982924872,"NADK2"
-0.0586623581098689,15.9559095640089,-0.462361023669725,0.659755785291301,0.888279198079004,-6.76370945312435,"TSEN34"
0.0705629293870675,14.9778555997527,0.462051723157997,0.659965526212013,0.888279198079004,-6.76386840302211,"MED13"
0.214183111623388,14.2645662631232,0.461916482221786,0.660285231582036,0.888392335140712,-6.76371832573637,"PRCC"
-0.0479657586633842,16.3699214230564,-0.46086566622655,0.66077011982914,0.888727560383823,-6.76447699993547,"CWC22"
0.350798828956082,13.8504635897688,0.460163331061154,0.661473816509222,0.88878478531604,-6.7646185644543,"LTA4H"
0.248558833698887,17.989894972562,0.460027031427182,0.661566268938801,0.88878478531604,-6.76468842037547,"EEIG1"
0.141844476078147,14.0372406261005,0.459641651190963,0.661600981814816,0.88878478531604,-6.76510354472771,"SUCLG1"
-0.0532099292457957,18.0220666828832,-0.459610654390397,0.661755674371917,0.88878478531604,-6.76499107790243,"SAFB2"
0.158799398321861,15.7850156562489,0.458434605182119,0.66264689943082,0.889225156020776,-6.76550313753231,"DDX19A"
0.167346508296994,14.5817085007032,0.458266916999432,0.662667985757221,0.889225156020776,-6.76567770978053,"CTSC"
0.0507813792910063,15.9841485488694,0.45788963745626,0.662791164036706,0.889225156020776,-6.76599765482995,"CBLL1"
0.21248303508208,15.101491031519,0.457312619089874,0.663408820112249,0.889737193818277,-6.76607558664486,"HM13"
-0.811025871444576,12.3809715396328,-0.45607227590897,0.664251627555529,0.8905507239987,-6.76670690037741,"QDPR"
0.10957042879491,15.2306551663545,0.455371229572177,0.664586462185606,0.890618467195461,-6.76719841735877,"PSME2"
0.0439103911954533,16.9316916680958,0.454973366205879,0.664774633073747,0.890618467195461,-6.76747885489639,"SBF1"
0.134290125195605,14.2117881915984,0.45440600254132,0.665160863768947,0.890730278438665,-6.76776599687877,"BAP1"
-0.158135859388135,14.8456406869788,-0.454485486093912,0.665330627077793,0.890730278438665,-6.76751221734801,"PPP4R3A"
-0.0851858048109833,17.7022828944031,-0.451529941601696,0.667342701498363,0.89310684581073,-6.76900520995191,"GEMIN2"
-0.104906848334183,15.7903789124576,-0.450962823328874,0.667729130881218,0.893306892626753,-6.76929064929927,"MCTS1"
0.178726028696929,15.7955197998773,0.450277207473391,0.668196452255102,0.893549016528733,-6.76963528276097,"ADA"
0.0733229716093433,16.8543061226143,0.450001907159542,0.668384144989662,0.893549016528733,-6.76977352806316,"EIF4E"
-0.230563549836114,15.7653992606782,-0.44896006366518,0.669094684595017,0.894181836555553,-6.77029598665755,"PDIA4"
0.0536459891237264,15.8634200827284,0.447938212056824,0.669571682628952,0.894502212441938,-6.77101565743865,"ATAD5"
-0.0891406677732274,15.1093207717068,-0.446313042762115,0.670682265914663,0.894676004936894,-6.77182535013349,"SUPT20H"
0.171065859886259,18.0595777680228,0.446114892788224,0.671037005582231,0.894676004936894,-6.77171699988285,"ATP5F1B"
-0.100557561112959,15.3916171188755,-0.444455694021348,0.672033017293522,0.894676004936894,-6.77267167465941,"CLASP1"
0.122601569971122,15.3759618570367,0.444385972593477,0.672218652869059,0.894676004936894,-6.77257637572563,"TIPRL"
0.0559679752419342,18.9238323247594,0.444372546270358,0.672227833234169,0.894676004936894,-6.77258303718239,"PCBP1"
-0.0981554651514163,15.8340021750975,-0.443918141429872,0.672491208762509,0.894676004936894,-6.77285294517229,"WARS1"
-0.0557608493849084,15.7640273146768,-0.443456489344188,0.672636532024905,0.894676004936894,-6.7732418621167,"MLLT6"
-0.0564561537350521,16.4369323414573,-0.443274905206563,0.67276085445623,0.894676004936894,-6.77333161821312,"ARHGEF1"
-0.252496196459703,15.0460505162174,-0.443477955891119,0.672839656373953,0.894676004936894,-6.77302646274969,"STAT5A"
0.103978973076012,15.1076252526508,0.442848499753807,0.673052839274059,0.894676004936894,-6.77354225275136,"PSMC4"
0.149480253789536,14.6035036209004,0.442963712140776,0.673094122213623,0.894676004936894,-6.77337246293219,"ZNF714"
-0.0771608923958791,14.7369844869742,-0.442723424692114,0.673138497291707,0.894676004936894,-6.773604000925,"N4BP2"
-0.34258071094099,14.1012196827543,-0.442507099557808,0.67350394891763,0.894676004936894,-6.77350674457001,"NUCKS1"
0.0885721848094043,18.4932988383348,0.442394807310839,0.673580803847146,0.894676004936894,-6.7735622318452,"SRSF4"
0.133824949548579,14.2434086731718,0.441814032708812,0.673761457672096,0.894676004936894,-6.77405246597374,"FZR1"
0.0755608923546447,15.743377552967,0.441699747238294,0.673839766562875,0.894676004936894,-6.77410876449168,"MSH2"
-0.131766611357177,14.9971013302336,-0.441501415594193,0.674103440537679,0.894676004936894,-6.77408665122302,"MED9"
-0.0967612070268835,17.6051250471546,-0.441507695654225,0.674188111225378,0.894676004936894,-6.77400011898278,"TCP1"
0.171209150700195,14.2181357108523,0.440957632500368,0.674356698019373,0.894676004936894,-6.77446621185501,"NUP107"
0.182071707638602,16.0894317487781,0.440553732551377,0.674841484103601,0.894676004936894,-6.77447008566576,"ITGB2"
-0.0818256600105123,14.8188080685518,-0.440078847138808,0.674950893529138,0.894676004936894,-6.77490577019898,"PLBD1"
-0.124827596832619,14.8679439542127,-0.440052517742955,0.675059622477939,0.894676004936894,-6.77483386114071,"PLEKHG3"
0.212909588443583,14.6464537901288,0.440088831429044,0.675160009030627,0.894676004936894,-6.77469877235627,"PSMD1"
0.109184756984087,15.427365352349,0.437808487788278,0.676635300402432,0.89631591093365,-6.77589943841961,"HGH1"
0.219827920078341,14.5782740480993,0.436817623037398,0.677403340409283,0.89701812200316,-6.77630149115464,"ITGB1"
0.148044687073636,16.6841226372999,0.436196369920435,0.677829793860536,0.89726766954151,-6.77660460484908,"MTO1"
0.04342679628569,23.3561944930135,0.435518590908197,0.678120858079612,0.897337885208894,-6.77709695135342,"RPL23A"
0.106123814102808,15.6835494136751,0.435164858267578,0.678538153818973,0.897356903935679,-6.77710699234884,"RAD23B"
-0.090538085523109,14.6372507979873,-0.43442718338664,0.678832085285704,0.897356903935679,-6.77766320712419,"S100A11"
-0.192752742519197,13.6065854576758,-0.434402139672126,0.678849307698822,0.897356903935679,-6.77767535140401,"CTAGE9"
0.0866140389395156,16.5249570842146,0.434188932516552,0.679208672664735,0.897517243584315,-6.77758127936621,"ITM2A"
0.203250193984729,16.7673263387616,0.433752809660846,0.679508418779785,0.897598717168811,-6.77779290607985,"DLAT"
0.144567540154579,18.4957577798302,0.432960721036922,0.680052983119664,0.89766284340609,-6.77817675284473,"PKM"
0.111761217869816,16.2722423470853,0.432590522590675,0.680307568557654,0.89766284340609,-6.77835592533658,"HLA-B"
0.206970094137603,15.4029976314145,0.432553159339106,0.680333265823373,0.89766284340609,-6.77837400079301,"ETF1"
-0.056331192277657,18.0806739437202,-0.43229709470453,0.680509391632521,0.89766284340609,-6.77849783933103,"MSH6"
-0.049849832881689,15.6982234947965,-0.431601755514584,0.680776446479751,0.897701015469976,-6.77902917124245,"AURKA"
-0.0439133367521691,18.275193218897,-0.430257910410324,0.681805489634277,0.898743599972456,-6.77958058738816,"AFF1"
-0.230740719917844,16.2384731691209,-0.427722746534848,0.683659414153198,0.900535814912448,-6.78069848049748,"GSPT2"
-0.163935242847923,15.0420804554833,-0.427552766332071,0.683776602037975,0.900535814912448,-6.78077983086402,"DCXR"
-0.141985027537332,15.0797290566752,-0.427399533008212,0.683882252533209,0.900535814912448,-6.78085314031563,"FKBP5"
-0.0488973607366319,17.1595940906568,-0.426751332075251,0.684120576633754,0.900535814912448,-6.78135457103143,"YTHDC1"
0.0387146230540267,21.3923633857396,0.425919904684638,0.684694592839338,0.900976828971834,-6.78175069127431,"UBTF"
0.0564353325560827,15.311868167019,0.424742256999569,0.685508031923777,0.901732477443349,-6.78231051717263,"SMYD3"
-0.144742763413509,13.9515991436829,-0.42368502379731,0.686238688545351,0.90237874287268,-6.78281185657041,"ZNF444"
0.0820945724454045,15.5772082077869,0.423005906577119,0.686708223373421,0.902512205606582,-6.78313327234272,"ASTE1"
-0.126396047964862,14.5883542485792,-0.422845758649838,0.686818970261349,0.902512205606582,-6.78320899707359,"MRPL49"
0.0385918572577175,18.9838928163486,0.421984723292485,0.687449292527525,0.90302572572431,-6.78358400058593,"NOP10"
0.115465779845366,16.5402061438908,0.420346163221348,0.68875381060174,0.903978912131085,-6.78420080796951,"FAM50A"
0.0452922349075671,16.4353189710135,0.419876040974285,0.688874148372019,0.903978912131085,-6.78460830482103,"TSPYL1"
0.0773291441966073,18.731369701602,0.42014314282136,0.688894274417137,0.903978912131085,-6.78429638832012,"NACA"
-0.0861652689081396,17.1337455969282,-0.419464660489508,0.689363794693567,0.904280273484602,-6.78461549643487,"PRDX2"
-0.0449528636597805,22.5437371884497,-0.417997112873132,0.690293100693636,0.904793870512094,-6.78538269980816,"RPL17"
0.215541456346315,14.9709063428024,0.417212522138263,0.69092339318392,0.904793870512094,-6.78567124945281,"HPGDS"
0.162124130637913,14.0066064499431,0.416797490505584,0.691007703658123,0.904793870512094,-6.78604906800439,"CMPK1"
0.0368106452236461,16.3442226101957,0.416498175517679,0.691215306123668,0.904793870512094,-6.78618861357819,"AHDC1"
-0.32174238873236,15.2829180162516,-0.415584441845517,0.692051868126065,0.904793870512094,-6.78643111810246,"CNDP2"
0.0489125793632574,16.654715536711,0.414936545868933,0.692298914262818,0.904793870512094,-6.78691513510527,"CPNE3"
-0.0502910270637891,21.6535458942303,-0.414846359022908,0.692563742362471,0.904793870512094,-6.7867746772734,"RPS11"
-0.0765124418077399,15.5564784307818,-0.414376038538834,0.692688041789196,0.904793870512094,-6.78717527270911,"TACC3"
-0.0324216397790948,16.6167708372659,-0.414298318087117,0.692742006637507,0.904793870512094,-6.78721131739127,"CSTF3"
0.0508903954969746,17.067743995846,0.41422308459154,0.69279424655134,0.904793870512094,-6.78724620260306,"TRRAP"
0.131383988479818,19.0611587226174,0.414465239971216,0.692828125101472,0.904793870512094,-6.78695185297483,"FERMT3"
-0.0582146531504399,16.5986579215707,-0.413515860546889,0.693285412002584,0.904793870512094,-6.78757384441626,"EXOC5"
-0.153465533439705,15.3436394199899,-0.413672995041935,0.693377857751162,0.904793870512094,-6.78731966197744,"HSPA4"
-0.168934561595757,14.8867496994644,-0.413615244823963,0.693417938171099,0.904793870512094,-6.78734644720594,"SUCLA2"
-0.0417128643660369,17.1754859899358,-0.413091177110564,0.693580431779243,0.904793870512094,-6.78777033687999,"PRMT1"
-0.11956691615109,16.8490332496468,-0.412946665933499,0.693882031355801,0.904793870512094,-6.78765628479493,"DBNL"
0.153137605627034,15.1893709196833,0.412697285387239,0.694055175744179,0.904793870512094,-6.78777173326684,"SNX1"
-0.0719509493926065,14.709358969517,-0.41237900221589,0.694075298016174,0.904793870512094,-6.78809941740208,"NBR1"
-0.0619886354341403,15.218696084443,-0.408406079466643,0.696838959726445,0.907873022433979,-6.78992536194641,"RANBP2"
0.0422152406678045,16.9713981433527,0.408291165229214,0.696918972658869,0.907873022433979,-6.78997792730706,"NOP16"
0.131744666804673,15.4781471633439,0.407471677722803,0.69768793595766,0.90849323238318,-6.79017571657343,"UBAP2L"
0.063687336740804,15.2389751511143,0.406915681553015,0.697877029438114,0.90849323238318,-6.7906060294346,"PPP1R12C"
0.130089118576434,14.4012315633849,0.404769580014607,0.69937305227469,0.909770917207341,-6.79158201767732,"UQCRFS1"
-0.257715784596092,14.7147369506543,-0.404486204602634,0.699767337946097,0.909770917207341,-6.79153614227949,"OXSR1"
0.0479695780241691,17.1508978200721,0.403892798892009,0.699984670434848,0.909770917207341,-6.79197934680982,"PLEC"
0.0461350463184509,18.3332008005809,0.403869796087976,0.700163146288129,0.909770917207341,-6.79184587151073,"ANKRD11"
0.0576728433497884,14.9120232106653,0.403475828372501,0.70027562361595,0.909770917207341,-6.79216801800704,"TAF5L"
-0.229097090867986,15.372332093767,-0.403712893885575,0.700306419558542,0.909770917207341,-6.79188698156613,"CIAPIN1"
-0.0270395284488423,18.7740112672038,-0.402615459275829,0.700876146136844,0.909830131273461,-6.79255673478404,"PRPF4"
-0.20899416612426,15.8940102748708,-0.402188925602976,0.701369349922423,0.909830131273461,-6.79257652138077,"PEPD"
0.0898174171319681,18.296175639099,0.402094766404579,0.701435047929717,0.909830131273461,-6.79261904393626,"KHSRP"
0.195934267262741,15.4252412263013,0.401529099239632,0.701829792148934,0.909830131273461,-6.79287430223569,"ACSL4"
0.0620276173730225,18.2187118233461,0.401007441042741,0.702193915436873,0.909830131273461,-6.79310939960925,"RSL24D1"
0.0371111059595286,16.5719434826486,0.400486520904835,0.702363120226463,0.909830131273461,-6.79351521187037,"SMC4"
-0.0540417839626137,15.1985696593299,-0.400362018072107,0.702450124776659,0.909830131273461,-6.793571115575,"ING5"
0.162849112270738,14.7134645819245,0.400563791618229,0.702503655770786,0.909830131273461,-6.79330911260526,"EDF1"
0.120616522031222,15.6329947067883,0.400534642955358,0.702524008524416,0.909830131273461,-6.79332222681702,"NCK1"
0.10576861779569,19.570869200107,0.39908336987852,0.703537685744759,0.909997528446444,-6.79397402209602,"LRPPRC"
0.155376083820952,14.1342529507497,0.398669550841833,0.70363333471475,0.909997528446444,-6.79432942378323,"HLA-H"
0.160430936470792,19.0080123801883,0.398492458229371,0.703950613588634,0.909997528446444,-6.79423876949501,"HSPD1"
0.0660932246634243,14.9576471335492,0.398209542761366,0.703955084614519,0.909997528446444,-6.79453500305618,"SP3"
0.125459858465126,15.928717347876,0.3976569350137,0.704534663910242,0.909997528446444,-6.79461247579935,"FADS2"
0.0519025877508597,16.7069864300768,0.397286844116559,0.704600662034045,0.909997528446444,-6.79494668125897,"CAT"
0.0845060869494674,18.9808339446618,0.397051498357076,0.704958016073121,0.909997528446444,-6.79488280588802,"ATP5F1A"
-0.0466005646109409,19.0316493886244,-0.396943801733755,0.705033335154178,0.909997528446444,-6.79493085196158,"DRG1"
-0.0269031107429072,20.5389342889063,-0.395210389575259,0.706054459666893,0.909997528446444,-6.79586981130032,"DDX17"
-0.0246192964145848,19.4878080772022,-0.3950014063622,0.706200851102712,0.909997528446444,-6.79596246456318,"FXR1"
-0.132724433405631,15.277814593946,-0.395067163031757,0.706346374033475,0.909997528446444,-6.79576608048,"RHOA"
-0.0633954406326005,17.665825074615,-0.393648394557103,0.707339786734259,0.909997528446444,-6.79639503248503,"S100A9"
0.182207729515362,15.1981830095408,0.393637098867327,0.707347698437227,0.909997528446444,-6.7964000313391,"CCT6B"
0.043595963085199,16.1866265245294,0.393305104399981,0.707389606641087,0.909997528446444,-6.79671280172207,"SLX4IP"
0.135608682241809,15.7690325618375,0.393397223615987,0.707515720785241,0.909997528446444,-6.79650615483773,"PSME3"
0.0455421852051714,16.367921007816,0.39278163972995,0.707756628557115,0.909997528446444,-6.79694372993,"HIGD1A"
0.115583275894632,16.4656804374134,0.392082124637127,0.708437211262778,0.909997528446444,-6.79708687762334,"PSMD2"
0.103124440446781,16.5387181333847,0.39156198587725,0.708801821874227,0.909997528446444,-6.79731605128301,"DIAPH1"
-0.061934716043643,15.3093770871819,-0.391290842974546,0.708802354304701,0.909997528446444,-6.7975997979842,"FNBP1"
-0.0262314270521529,17.3020318572197,-0.390655057329897,0.709248539570809,0.909997528446444,-6.79787887222986,"KIF2C"
0.110197991696353,16.6139175782866,0.390558501454403,0.709505490028736,0.909997528446444,-6.79775737075294,"ATAD2"
0.0657498789590942,15.009617259962,0.390006133972363,0.709704074382407,0.909997528446444,-6.79816326813298,"MLLT10"
0.0470414142562205,16.0839730166569,0.389618630467594,0.709976158644584,0.909997528446444,-6.7983328802225,"WDR76"
0.0914617173977845,21.3356225153404,0.389886224081494,0.709977083011863,0.909997528446444,-6.79805242764391,"TUBA1A"
-0.224393976276609,16.4925443786739,-0.389823737242651,0.710020923778603,0.909997528446444,-6.79807982805267,"RNASEH2A"
-0.136490681511594,14.8338105081014,-0.389527190206169,0.710228997730661,0.909997528446444,-6.79820980668124,"GPN3"
0.10353293438207,14.6112713692198,0.388908414623728,0.710474955274667,0.909997528446444,-6.79864332862335,"MAD1L1"
0.208097261770728,18.9790139441323,0.389106572301472,0.710524173589251,0.909997528446444,-6.79839400516797,"FADS1"
-0.029335719914247,17.5616533251039,-0.388301077592123,0.710901622424721,0.909997528446444,-6.79890837933634,"DDX56"
0.0645001362170614,15.0693546223271,0.388225264677434,0.710954890627483,0.909997528446444,-6.79894143752277,"RALB"
-0.226177362401964,13.8754147076371,-0.388462236335337,0.7109764539504,0.909997528446444,-6.7986758081555,"CARHSP1"
0.066622657472152,16.1242365024773,0.387927769463259,0.711233069523512,0.909997528446444,-6.79901151416919,"RMP24"
-0.07628688522259,18.7481777431364,-0.387938156302872,0.711344417700423,0.909997528446444,-6.79890468922597,"PCNT"
0.200063121349569,13.6507441146227,0.387663872500371,0.711349395302655,0.909997528446444,-6.79918604116238,"WASHC2A"
-0.0827550104392571,14.1970015972205,-0.387290215225161,0.711612027882461,0.909997528446444,-6.79934866028013,"DPCD"
-0.0776509498580129,15.7496603459553,-0.386573478252157,0.712198618895707,0.909997528446444,-6.79958906586808,"TUBGCP3"
0.0682690924679275,14.8825061403698,0.386394352523578,0.71224187878731,0.909997528446444,-6.79973794007233,"HAUS8"
-0.0825269567639548,15.3846732023027,-0.38635585196865,0.71226895278288,0.909997528446444,-6.7997546505094,"GPT2"
-0.0417437434326686,17.4594402021225,-0.386181474060895,0.71239158288794,0.909997528446444,-6.79983031608924,"MRPL15"
0.150861776361261,15.2567056323652,0.386379698973714,0.712439134152939,0.909997528446444,-6.79958357672985,"TRMU"
0.0239866498605288,17.5442110418957,0.385956527582185,0.712549788852494,0.909997528446444,-6.79992787620739,"FAM120A"
-0.0333094414087149,17.6474221580155,-0.385373219376298,0.712960105015528,0.910213205522703,-6.8001806069763,"GTF2H4"
-0.0256941657988605,17.918338416723,-0.384964148228743,0.71324792019259,0.910272396454321,-6.80035762865856,"PHF8"
-0.201147393207561,13.424966168285,-0.383115596810567,0.714549169239162,0.911624490027628,-6.80115533868111,"SLC7A5"
0.108863929519844,16.0371790254479,0.382674469672399,0.715044826914563,0.911660452159565,-6.80118718851037,"PSMD4"
0.173205606074387,16.1127504161779,0.382651495551233,0.715060996561229,0.911660452159565,-6.80119708574998,"AK2"
0.0480272022901538,17.098885227142,0.3811970903307,0.715931823761704,0.912218835066978,-6.80195292570555,"ZNF462"
-0.241758080424427,15.9128288889434,-0.381342018267008,0.715982899990235,0.912218835066978,-6.80176027249237,"NIBAN1"
-0.0649556838324443,21.3735826296409,-0.3809563028648,0.71625455286011,0.912256643338721,-6.80192581234801,"RPL35"
0.140615078929718,14.1345098672122,0.379612173309343,0.717018200223313,0.912920842567339,-6.80265713918765,"METTL15"
0.177279117171368,13.5444759521559,0.378420661849859,0.717858767862399,0.913682496570305,-6.80316490228043,"CHMP4B"
-0.0705196323621102,15.2739628986634,-0.377046401873583,0.718828792791671,0.914471839753384,-6.80374865259618,"TMEM43"
0.0712081433602538,15.3394402249549,0.376620707613835,0.719129386174157,0.914471839753384,-6.80392906546939,"ESCO2"
0.0983730341046201,14.7465351121566,0.376511325333747,0.719206632591189,0.914471839753384,-6.80397539120704,"RPIA"
0.0787052063992508,15.4303742913086,0.375501121916597,0.719920215060672,0.915070536338076,-6.80440262690337,"DAP3"
-0.117367576134392,14.6408718344015,-0.375004656648716,0.720333404188287,0.915287136430684,-6.80455967778109,"MAX"
0.0785038854035491,16.196046073923,0.373085669705495,0.721807577243032,0.916851268937409,-6.8052688135002,"SPART"
-0.0685517636202722,15.3859277502135,-0.372129748150516,0.722303893108486,0.917172676665205,-6.80582051649863,"POLE"
0.109674380086975,16.395639522888,0.370624369750202,0.723547949364173,0.917790428190219,-6.80630056415414,"POLR2L"
0.031556703817099,16.3138614848089,0.370350860779261,0.723563001308951,0.917790428190219,-6.80656373430484,"EXD2"
0.0733911844542146,15.1602552816492,0.370099789208323,0.723740787516996,0.917790428190219,-6.80666835771359,"JMJD1C"
0.0966508141816895,16.7281569457575,0.370160898131702,0.723875870464941,0.917790428190219,-6.80649411680815,"PSMC1"
-0.12014646107624,14.2273806744255,-0.369300149563853,0.724307145274543,0.917790428190219,-6.80700112153658,"COPS8"
-0.0250499532876987,17.6217811597884,-0.369032950249109,0.724496435960221,0.917790428190219,-6.80711216106919,"GOLGA3"
0.0789693129933546,15.3184920620535,0.368898076624452,0.724591991878934,0.917790428190219,-6.80716818107176,"ZFY"
-0.0234531706864516,18.3180731436887,-0.368167311510891,0.7251098218922,0.917790428190219,-6.80747136519967,"PPAN"
-0.0850115377628011,14.4043784745284,-0.367895426851829,0.725302523505936,0.917790428190219,-6.8075840195601,"ELF2"
-0.11033026446416,15.488023904883,-0.36802878805439,0.725385231887624,0.917790428190219,-6.80738153687922,"GNL1"
-0.0404110855452906,16.2244671299004,-0.367564301092967,0.725537242601529,0.917790428190219,-6.80772111273915,"TERF1"
0.0752827154823859,15.0214597187442,0.367221678348548,0.725780145576292,0.917790428190219,-6.80786284161901,"NAA35"
-0.155462870217056,15.1227636948428,-0.366894812183507,0.726188545599133,0.917790428190219,-6.80785152085655,"HMOX2"
-0.0329216127742384,18.4795206460918,-0.36663150256073,0.726198633233799,0.917790428190219,-6.80810667649581,"TTN"
0.151191969456489,14.6728321948857,0.366050541401767,0.72678687842525,0.91802915877314,-6.80820053411268,"CHPF2"
0.072767242100177,16.5940547477299,0.365926863862532,0.726874546137353,0.91802915877314,-6.80825159663296,"RAP1B"
-0.104599941305294,14.1564555239338,-0.365211281050357,0.727206120024758,0.918140345778077,-6.80869191196208,"PFKFB3"
-0.0810784693131446,17.5950349613873,-0.364256744132796,0.728058837962744,0.918236201106906,-6.8089395197577,"UTP23"
0.0593924377683912,15.5935404537445,0.363715567981435,0.728267802726159,0.918236201106906,-6.80930590505706,"AASDHPPT"
0.128299742443883,16.6263534468117,0.363688049135859,0.728462290680887,0.918236201106906,-6.80917307845485,"HDGF"
0.200766054678585,16.5128247848532,0.363230467282647,0.728786984831354,0.918236201106906,-6.80936075033965,"PEBP1"
0.136312525168538,19.260360504542,0.363062139504505,0.728906443529381,0.918236201106906,-6.80942973114351,"P4HB"
0.162731414544028,15.4822604084938,0.362554538852664,0.729266727477027,0.918236201106906,-6.80963756087567,"TRAP1"
0.118591946301875,14.9727667188247,0.362503811627265,0.729302736720864,0.918236201106906,-6.80965831510911,"TMEM138"
0.0213193097325792,19.2868755991713,0.361627576803565,0.729750993962366,0.918236201106906,-6.81015899447536,"PLEKHO1"
-0.0676835023413158,15.2905693509167,-0.36133818592752,0.729956661722112,0.918236201106906,-6.81027685958538,"DTX3L"
-0.0916079288432794,14.6721339377693,-0.361332148638594,0.72996095263546,0.918236201106906,-6.81027931753153,"STK3"
-0.168680584315,14.1529437675545,-0.360977922058648,0.730315024691633,0.918236201106906,-6.81033967637678,"PNPT1"
-0.0531450293867675,16.0007925581631,-0.36013005155987,0.730815537414881,0.918236201106906,-6.81076794041619,"MRPL33"
0.0924034029847096,15.8252894871786,0.360368430305275,0.730819243131122,0.918236201106906,-6.81052945063234,"MRPL13"
-0.120636140923819,15.5456148088058,-0.359769010919139,0.731245178842289,0.918236201106906,-6.81077309986123,"PPP3CA"
0.109732339886749,14.9966979304664,0.359712740979407,0.731246164027443,0.918236201106906,-6.81082783246245,"IL16"
-0.134096952119108,16.1266627782923,-0.359353056628022,0.73154080944673,0.918236201106906,-6.81094194674107,"CD44"
0.0909970357572316,15.5173491566191,0.359070951534981,0.731711562528102,0.918236201106906,-6.81108066010877,"SHANK3"
-0.0530184353388243,15.4093169904806,-0.358640630961695,0.731874968247938,0.918236201106906,-6.81137118886694,"OGDH"
-0.0213925303393765,18.8167793831676,-0.358087389764288,0.732268655274355,0.918236201106906,-6.8115946534779,"KIF2A"
-0.103272037246414,15.0707926752905,-0.358057568775824,0.732391267958249,0.918236201106906,-6.81152413155629,"ELOVL5"
0.11447689554516,16.6195768540627,0.357916737287372,0.73256203001969,0.918236201106906,-6.8115235483152,"VDAC3"
0.119415174766216,15.4976147162325,0.357651117074905,0.732750951248543,0.918236201106906,-6.81163086007162,"SURF4"
-0.234573669060071,14.9847419926342,-0.357464051628091,0.732884013032011,0.918236201106906,-6.81170638954017,"MAPRE1"
-0.102811695891416,14.2153970171934,-0.356438147943795,0.733442784305283,0.918535110361006,-6.81225885075838,"ECHDC1"
-0.0444368836670286,16.3070654719976,-0.355675513805211,0.733985985323737,0.918535110361006,-6.81256499129184,"ALKBH5"
0.199021824780772,15.0160375073218,0.355815967336347,0.734056752498432,0.918535110361006,-6.81237018281708,"AGTRAP"
-0.0293486550783193,17.3647334872469,-0.355514396835198,0.734100765517152,0.918535110361006,-6.81262958722508,"SERPINB3"
0.107622574947243,15.5570983820426,0.355416950875486,0.734340801758109,0.918535110361006,-6.81253045120635,"POLR3C"
0.0813998363776243,15.6361348953554,0.354668901545829,0.73480356557909,0.918809101901549,-6.81288696926412,"SYMPK"
0.0526564788813513,15.4044029827836,0.353375792362518,0.735625022100408,0.918959546694954,-6.81348434851995,"THUMPD1"
0.0214566761518427,19.3580928030024,0.353357206710101,0.735638274496991,0.918959546694954,-6.81349175517553,"CARMIL2"
0.0870870638923869,17.1741378302714,0.353571468916086,0.735655149051823,0.918959546694954,-6.81326946190663,"CLUH"
-0.213928599635857,16.6811575098255,-0.352887423766667,0.736142573211866,0.919018213716548,-6.81354244585228,"STMN1"
0.105877584597078,15.4059190989824,0.352118439549645,0.736690682083785,0.919018213716548,-6.81384872119678,"PSMC2"
-0.0676065204117293,15.6586965710286,-0.351788448596535,0.7367572258953,0.919018213716548,-6.81411558049529,"SHC1"
0.125610445807299,13.8761985944216,0.35176350414214,0.736775023772676,0.919018213716548,-6.81412547827369,"MVK"
0.0858732246505962,14.5360202001765,0.35155896275739,0.736920970839556,0.919018213716548,-6.81420661339345,"MLF2"
0.0387831569168284,17.9316321881807,0.351085114350581,0.737355834719838,0.919025749860222,-6.81431678364229,"MED8"
-0.0719766514446718,17.3890507773394,-0.351103218733075,0.737414560564237,0.919025749860222,-6.81425208718416,"GARS1"
0.0396231229356125,16.118529302436,0.34962980485887,0.738298076786481,0.919177902361996,-6.81496962010797,"NOLC1"
-0.0365399530998332,16.7713290028486,-0.349273831485387,0.738552299983935,0.919177902361996,-6.81510997144787,"OSBPL3"
-0.059262499553256,15.6721400354785,-0.348906311141753,0.73881480742148,0.919177902361996,-6.81525473136821,"VRK2"
0.0467820684861664,19.2772504304089,0.349020496820313,0.738900516460936,0.919177902361996,-6.81507609210722,"RPS15"
-0.0531905882251849,17.933772879697,-0.3488279225613,0.739037974510332,0.919177902361996,-6.81515204418855,"NAF1"
0.0851463175554272,17.9708593588778,0.3486251066732,0.7391827543617,0.919177902361996,-6.81523199209403,"PRDX4"
-0.0786860343270455,14.8212312876535,-0.348306461706989,0.739243342164873,0.919177902361996,-6.81549068718956,"SLC35E1"
0.122886490531096,15.4449594535963,0.34785907311617,0.739729691848535,0.919479372986804,-6.81553355172402,"AIP"
0.161009731866391,14.0247282253101,0.347193059535125,0.740120627371721,0.919563597849787,-6.8158626762575,"VAC14"
0.0905649314975303,14.3112059848717,0.346468335413245,0.740557141909148,0.919563597849787,-6.81621129991908,"RDH11"
0.0813959981103967,15.022098474979,0.34572246561484,0.741090524454049,0.919563597849787,-6.81650266280671,"UCHL3"
0.0753908214989316,15.0521740223919,0.345677305114755,0.741122824437554,0.919563597849787,-6.81652028469947,"GAPVD1"
-0.0943387425093878,14.1410307406765,-0.345610413813711,0.74117066792127,0.919563597849787,-6.81654638201164,"LARS2"
0.115353448590184,16.1077442972193,0.34545121817215,0.74144995034271,0.919563597849787,-6.81647728757333,"PDCD6IP"
-0.0962758959532302,16.1474592075433,-0.345134351192268,0.741676453562737,0.919563597849787,-6.816601011621,"ADSL"
0.159804325032031,16.2744130001998,0.345033178198591,0.741748780122335,0.919563597849787,-6.8166404927012,"SUMO3"
0.0955517079133585,20.1790960176445,0.344117135616378,0.742403771980217,0.920073050744713,-6.81699745673568,"SERPINB1"
-0.0872260985593414,15.3164850113292,-0.343391509514271,0.742852846152649,0.920090183953193,-6.81733479646391,"IWS1"
0.0271444102079066,17.633792422103,0.343003945345782,0.7430359046762,0.920090183953193,-6.8175595008633,"TCEA1"
0.225332293691142,14.1731854721782,0.343074226081455,0.743149763962194,0.920090183953193,-6.81740274788546,"GLS"
-0.148080451828598,15.9855432198082,-0.342482834556137,0.743572921268026,0.920311855935804,-6.81763204649148,"FSCN1"
-0.052491057100255,16.0802545259756,-0.341804204998027,0.743895101448686,0.920408445179372,-6.81802335322997,"NMT1"
0.148493671229549,17.0262686917463,0.340228560500804,0.745186815300021,0.92170416459353,-6.81850260057925,"RANBP1"
-0.0488196890300863,16.0640500779486,-0.338363684742227,0.746361264119469,0.922633862198369,-6.81934487625353,"FAM193A"
0.0351701009482355,17.8362704306503,0.338169447823225,0.746519189502436,0.922633862198369,-6.81940458951013,"AP3B1"
0.0496180652989047,17.1742312196456,0.337464481699921,0.747139790347064,0.922633862198369,-6.8195841751332,"TAF10"
0.0871118091896097,14.4974079531692,0.33695470457195,0.747372168331091,0.922633862198369,-6.81988235763099,"METTL26"
0.0999107828366483,16.7370696710357,0.336781574170185,0.747657338600453,0.922633862198369,-6.81982305814435,"CCT2"
0.107966751498623,17.355822089268,0.336574236157938,0.747806046802426,0.922633862198369,-6.81990207164362,"TLN1"
0.0766013837338217,15.407205083343,0.336187115280865,0.747985485484849,0.922633862198369,-6.82012581694338,"TELO2"
-0.0727516438296014,15.7379675506773,-0.336212582325345,0.747997113315121,0.922633862198369,-6.82009289970223,"TBCB"
-0.111594558006095,15.4116133778425,-0.336107230397205,0.748141038923187,0.922633862198369,-6.82007986912632,"GLUD1"
-0.0999011253471078,15.3232564895772,-0.334954584417639,0.748968111140553,0.923157721575175,-6.82051768459194,"COPZ1"
0.0746208198000708,14.4282808291665,0.334538719933542,0.749106845012592,0.923157721575175,-6.82079894995646,"TAMM41"
-0.148576561964916,14.3734428203794,-0.334351686514799,0.749400861488132,0.923157721575175,-6.82074610936836,"NUTF2"
-0.0775338614591909,14.3503581621882,-0.333928410063366,0.749545301257721,0.923157721575175,-6.82102948767417,"RREB1"
-0.031115544466207,21.9417176096275,-0.333163853425573,0.750097717393767,0.923536379678152,-6.82131540172461,"RPL38"
-0.0807670159615537,14.213906220752,-0.332658982093343,0.750457605114316,0.923677822814552,-6.82150769995042,"INTS12"
0.150882030243197,15.7039099343085,0.331442520823351,0.751490413705298,0.924647147411545,-6.82184275512071,"OTUB1"
-0.035280911817587,16.4483056881779,-0.330094422238397,0.752302026986107,0.924703288127551,-6.82246844852487,"HK2"
0.0792926965823177,15.120908787428,0.329995551311088,0.752373170395695,0.924703288127551,-6.82250534447128,"EHD4"
0.0518519803091095,16.2194335177952,0.329939811876494,0.752413279345091,0.924703288127551,-6.82252614021491,"NCAPH"
-0.0200871466242027,19.0694542870338,-0.329544495079192,0.752697765351534,0.924703288127551,-6.82267353111646,"DDX52"
-0.101245315607779,14.7310425244403,-0.329551189334264,0.752762438000916,0.924703288127551,-6.82261787314934,"PCYT1A"
-0.0400206831098018,21.6800577310733,-0.329270070968599,0.75305231435479,0.924758053784221,-6.82265566116699,"RPL11"
0.0232120323740048,18.3802172172475,0.328177610388009,0.753681757155727,0.925229640012078,-6.82318184970074,"PRPF31"
-0.093873824110398,15.6539059198542,-0.327332425906092,0.754446479955183,0.925428343405274,-6.82337635571021,"PFAS"
-0.0918291709749575,15.2116836435545,-0.327069784991332,0.75460166856296,0.925428343405274,-6.82349949692854,"PAN2"
-0.153850726016643,15.4446098361626,-0.326919918076235,0.754743416657938,0.925428343405274,-6.82352925550898,"PSMB2"
0.036859427970608,21.7639179448734,0.326768552431829,0.754825505562657,0.925428343405274,-6.82360575516958,"THOC2"
-0.0982062263936321,13.6994899831344,-0.325780917651473,0.755408303232083,0.925814509113159,-6.82406821116384,"PFKFB4"
0.152355396695459,14.9707063510863,0.325499198863239,0.755766447706442,0.925814509113159,-6.82405443410102,"MTAP"
-0.210110133942779,14.1661855707207,-0.325345432898237,0.755877203992123,0.925814509113159,-6.82411114234911,"RBM7"
0.200225889363185,13.4938351777358,0.324575288219097,0.756345764707283,0.926087539118694,-6.82446002747874,"CASP8"
0.0196895591804385,18.6192037447551,0.323959598393964,0.756721389254892,0.926246635549007,-6.82473758843265,"TBC1D10B"
-0.129836604317415,17.5929444729153,-0.323446272879441,0.757245674830828,0.926587534603122,-6.82480941176871,"MCM8"
-0.023382563608525,22.2822101568584,-0.322334603129021,0.757893682975594,0.927079553802074,-6.82533175166552,"HNRNPF"
0.102728967335864,16.9081139995171,0.320789184765381,0.759161898687121,0.928125404326637,-6.82577972446076,"COPS4"
-0.0700509751571445,15.8641500653055,-0.320482588910296,0.759349999723475,0.928125404326637,-6.82591600418322,"PDS5A"
-0.105680738451703,15.1918683702653,-0.320338324060119,0.759487234044476,0.928125404326637,-6.82594360193935,"TTK"
-0.131270552193353,14.2727969101918,-0.319236246172239,0.760218075419742,0.928497215665429,-6.82639150444805,"TMED9"
0.0747868096479518,14.6040116122681,0.318723430062935,0.760501342812853,0.928497215665429,-6.82664180005778,"ARAP1"
0.146641349975662,15.5120193400085,0.318893247679664,0.760530345351418,0.928497215665429,-6.82646735279771,"SARS1"
-0.0488492745224551,15.2822260389598,-0.317437832250103,0.761430515287397,0.929295254980086,-6.82710473947625,"KAT8"
0.0566893542476699,16.608561854208,0.317271768309011,0.761701447003741,0.929325066409095,-6.82705231348297,"CNOT3"
-0.0778569082672149,15.2677469937972,-0.315690991978404,0.762767370647913,0.930197767494435,-6.82767639709686,"INTS1"
-0.0517220303857968,16.4427388570484,-0.315510862400257,0.762910211430449,0.930197767494435,-6.82773152460154,"ACSL3"
-0.0989841509779339,15.3940338577087,-0.314270649818339,0.76387080312131,0.930817059862961,-6.82812738053772,"ILKAP"
-0.0182008819793786,17.7415908220194,-0.31370106427425,0.764133741988667,0.930817059862961,-6.82844005711922,"LUZP1"
0.149360620699014,14.7347473812848,0.313872429782606,0.76415883296442,0.930817059862961,-6.82826928894383,"LASP1"
-0.116193376263972,18.1832971296945,-0.313213387019822,0.76463560478558,0.931096973527661,-6.82850376077964,"HMGB1"
0.0704246078413586,14.4232699786972,0.312487051804803,0.765012757306462,0.931255439149294,-6.82887058487994,"PPP1R21"
-0.196565116191421,14.9117483881201,-0.311967376173484,0.765537315636794,0.931382286670543,-6.82894575856144,"H2AC21"
-0.0732100437072347,14.1404382144749,-0.311661030767512,0.765611062703451,0.931382286670543,-6.82916259427107,"RAB10"
-0.415464764916688,16.4358584165616,-0.310787026618096,0.766391879710784,0.931992404743813,-6.82936289117647,"SYT11"
0.053914079565379,15.0153273010944,0.310238154416685,0.766642096969733,0.931992404743813,-6.82966384439085,"CDCA5"
-0.0461215473442103,15.2367636607891,-0.309945492800609,0.766854227988145,0.931992404743813,-6.82976666754881,"TIGD2"
0.0659162262886124,15.6134553110422,0.309646128771483,0.767136221190827,0.932034661259884,-6.82982439962199,"ERBIN"
0.129932469260648,14.5998146518018,0.308972583885952,0.767706223329795,0.932203917404065,-6.83000112471013,"OXCT1"
-0.049348176567289,22.1018558503611,-0.308884473875117,0.767770069904409,0.932203917404065,-6.83003202541879,"RPS6"
0.108587433830598,13.5512203673374,0.308236418208409,0.768093462391734,0.932296314622292,-6.8303652524204,"ING1"
0.072025967891566,18.4965388961943,0.307908757486733,0.768477229975865,0.932461910849375,-6.83037364425039,"FASN"
-0.0293698016891,17.6288672663636,-0.306368240254948,0.769448916546905,0.93334054548965,-6.8310158914434,"PFKP"
-0.0229366923923422,18.8525054113747,-0.304650372403945,0.770696097973077,0.934070309443253,-6.83161079637767,"RTCB"
-0.0290876048367466,17.5047525661461,-0.304604368270475,0.770729507524163,0.934070309443253,-6.83162668320182,"ASCC1"
-0.0807738024773172,15.2836200346366,-0.304633038439031,0.770793828296541,0.934070309443253,-6.83155554321085,"POLR2D"
0.281633827042345,14.4382744377224,0.303698996064335,0.77153108267758,0.934149286895962,-6.83183556055615,"HMGN5"
0.132571071390432,15.4710163369524,0.303697811361755,0.771531942720385,0.934149286895962,-6.83183596921967,"ATP5F1D"
-0.0256826580264899,17.8618933383413,-0.302459926784434,0.772287457832351,0.934149286895962,-6.83236465035005,"CCNL2"
0.131399297427453,15.4341253898354,0.302397168633876,0.772476367029552,0.934149286895962,-6.83228369377936,"ARFGAP2"
0.0724441788447017,14.3079530831974,0.301963962978363,0.772647943853944,0.934149286895962,-6.83253460620729,"TRIO"
0.0811072769835608,14.5407607833177,0.30178999301299,0.772774406735733,0.934149286895962,-6.83259415775487,"RBM33"
-0.0622894511847889,16.1146253679453,-0.301889171664307,0.772845350327004,0.934149286895962,-6.83245805714448,"MTHFD2"
-0.13491479708625,13.8689827476829,-0.301004038741722,0.773345830256921,0.934149286895962,-6.83286278211313,"NLRP13"
0.0424607878670997,21.1851871144601,0.30096141234583,0.773519395361263,0.934149286895962,-6.83277576452601,"PRDX1"
-0.0599829184971306,14.851132719432,-0.3006374799635,0.773612387705925,0.934149286895962,-6.83298783250107,"EPM2A"
-0.176215697206036,15.2189475761367,-0.300431420805896,0.773904547176244,0.934149286895962,-6.83295683217067,"DENND2D"
-0.088465594810236,15.7434566917011,-0.29999628419212,0.774220819316885,0.934149286895962,-6.8331052618479,"TIAL1"
0.0809006940430912,16.2920705156655,0.299937228182204,0.774263746895318,0.934149286895962,-6.83312539038523,"IPO5"
-0.0639583746218015,14.6775469706548,-0.299250353235421,0.774621395218925,0.934149286895962,-6.8334597074142,"RER1"
0.0473921822667762,15.2143680646523,0.298819280246228,0.774935059182002,0.934149286895962,-6.83360591895307,"FECH"
-0.0934656453821354,16.5918313728127,-0.298930192711031,0.774995891227905,0.934149286895962,-6.83346803449292,"LSM3"
0.093478990553951,15.5494437256325,0.298060907247468,0.77562809085549,0.934149286895962,-6.83376290965014,"CCM2"
-0.0723469063185451,14.5648814380367,-0.297727470260108,0.775729705841434,0.934149286895962,-6.83397532385699,"DCTN1"
0.112474003652931,16.3200983313195,0.297682761002864,0.775903161585168,0.934149286895962,-6.83389092255062,"SDE2"
0.0542448015703485,16.6840600464074,0.297435312139063,0.776083179820955,0.934149286895962,-6.83397460539432,"CNOT2"
0.0502410898130261,15.2659769217754,0.297115666524555,0.776175121463432,0.934149286895962,-6.83418174845826,"WDR26"
0.0307586683203134,18.7494554623175,0.297043873856603,0.77631026945492,0.934149286895962,-6.83414753532321,"SKP1"
-0.0308560738224202,18.9519371804767,-0.296540531098234,0.776676650002602,0.934291949747866,-6.83431720158333,"XRCC1"
-0.0465274823136177,15.4997502781357,-0.295548130459138,0.777316768593609,0.934763705772856,-6.83470875786715,"CDK5RAP1"
0.0249985953310237,19.0361540665281,0.294625423873281,0.777989065844913,0.935162375014849,-6.83501770752242,"RPN1"
-0.0191855991144081,21.8138730130346,-0.294412280017543,0.77814439533729,0.935162375014849,-6.83508894095545,"RPS14"
0.112841097940752,15.6869968878897,0.293859194779085,0.778686487048468,0.935374347291487,-6.83517643884836,"SEPTIN11"
0.066706549283353,15.4758073486037,0.293444838104792,0.778916570184958,0.935374347291487,-6.83536487477271,"NELFA"
0.0672266402584754,14.6781974558666,0.293149190653997,0.779065106232167,0.935374347291487,-6.83551004162165,"IKBKG"
-0.0241433956496486,17.6423446168702,-0.292549030214154,0.779502721725656,0.935601802262249,-6.83570951197401,"NOC4L"
0.0790065563985074,16.4173355291685,0.290543894553024,0.781102737152613,0.937223844387445,-6.83627800080315,"PSMC5"
0.142024783560826,15.9496370073878,0.289607170145908,0.781785924727558,0.937745127656027,-6.83658704117486,"ABRACL"
0.0721748281624102,17.1729263121342,0.288785302106401,0.782385518815683,0.938165841582419,-6.83685738935727,"SLC25A6"
-0.0290987715793634,16.8865620095342,-0.287461096044784,0.783216185735946,0.93867379145473,-6.83738457273815,"DOCK11"
0.0309209172437761,19.8553358318628,0.287490427427978,0.783307094938085,0.93867379145473,-6.83729790171122,"ARPC2"
-0.0694278190816462,20.201520890067,-0.287086627012679,0.783625305811287,0.938756721610598,-6.83741378914893,"H1-2"
0.06768955070158,15.9406382268167,0.285546056260968,0.784750300821744,0.939785688354369,-6.8379156404704,"TFG"
0.0365772304307406,17.4308982071205,0.28514937743268,0.784982793800506,0.939785688354369,-6.83808349024415,"CHD3"
0.078543261010104,14.9186066376234,0.284579257877469,0.785371734745701,0.939952838092474,-6.83828700424541,"FGR"
-0.0449753583983732,15.2484104645208,-0.282265834806243,0.787014418409339,0.941619916662396,-6.83906545029907,"CLEC2B"
0.0614856565809276,20.266191380445,0.281187734522328,0.787936019878764,0.941964373332275,-6.83932115601272,"EEF2"
0.0365310557500536,16.1055725487015,0.28087205489347,0.788034497823403,0.941964373332275,-6.83951131488922,"CBX5"
0.0875247298059776,16.8787654017844,0.28066584826448,0.788317795581042,0.941964373332275,-6.83948804788081,"CCT5"
-0.0186173299314163,22.2482635415329,-0.280301207084016,0.788452422314089,0.941964373332275,-6.8396933060675,"RPS27A"
-0.0780092118491194,14.5873360597086,-0.280165743606208,0.788551608020334,0.941964373332275,-6.83973644001839,"PPP2R2D"
-0.112956046709197,15.52472602537,-0.279508130691314,0.789164930757718,0.942172769561145,-6.83985719155586,"RPRD1B"
-0.0388419471050767,15.3607230345417,-0.279244994859196,0.789225890258381,0.942172769561145,-6.84002908413652,"CAMK2G"
-0.0627227210703332,16.8042622452332,-0.278402824533482,0.78997400933989,0.94227882348403,-6.8402082364423,"UBXN1"
-0.0191737218901089,19.5818277936949,-0.277984298838054,0.790149445334229,0.94227882348403,-6.84042825161683,"CPSF1"
-0.117985062054107,16.261192042218,-0.277961129082733,0.790297408379467,0.94227882348403,-6.84034813974347,"ECH1"
0.0499765455503312,15.7169522336589,0.276907196461039,0.790938798761369,0.94227882348403,-6.84076789391422,"FAR2"
0.0258981113106493,19.1356904922971,0.276341253963573,0.791411116754464,0.94227882348403,-6.84090767865711,"RSRC2"
0.0524885322019966,15.3276484751518,0.27619844260197,0.791458355923978,0.94227882348403,-6.84099068364632,"ZNF609"
0.0215936374714936,17.0579407724389,0.276047757864436,0.791568831534261,0.94227882348403,-6.84103797812311,"COPA"
0.265922788709513,12.9810940294489,0.275714571724074,0.791942990728534,0.94227882348403,-6.84105636656557,"ICAM3"
-0.148303527500538,15.3638631844234,-0.274896051428601,0.792542841325633,0.94227882348403,-6.84131301234172,"SSBP2"
-0.0555693066542418,14.6576006752482,-0.274336455656878,0.792823854938995,0.94227882348403,-6.84157332748354,"SNRNP35"
-0.157442612494721,14.4101224338052,-0.274163967781516,0.793079478665874,0.94227882348403,-6.84154192570657,"SAE1"
-0.0168804912147742,17.7528325918599,-0.27384534228051,0.793184149589602,0.94227882348403,-6.84172636352985,"AKAP8"
-0.0604611247544007,15.0446851900994,-0.273821692208199,0.793201501356693,0.94227882348403,-6.8417337263874,"MAK16"
-0.023409506049628,16.5771220289784,-0.273809653438324,0.793210334103622,0.94227882348403,-6.84173747411854,"BLM"
-0.0316251605654436,18.6780141388053,-0.27328257435158,0.793725728630738,0.94227882348403,-6.84181673652811,"FUT4"
-0.0288825890890152,16.9271049018515,-0.272013192133876,0.794528757250492,0.94227882348403,-6.84229491965847,"ELOB"
0.0822549174415865,15.5785535376277,0.272011197730516,0.794658235263338,0.94227882348403,-6.84221162020706,"UMPS"
-0.0495233647445392,14.8828952357814,-0.271430419555367,0.79495661338978,0.94227882348403,-6.84247498588782,"TSG101"
0.0621931413341237,18.0018542273463,0.271098300328568,0.795328040082628,0.94227882348403,-6.84249405382876,"CACYBP"
-0.204584976105117,14.2700385755002,-0.270939543811125,0.795444541324881,0.94227882348403,-6.84254307560531,"MCMBP"
-0.119201520494038,14.8175010702055,-0.270650393851676,0.795656744786193,0.94227882348403,-6.84263228904626,"PAFAH1B3"
-0.142245623032093,17.3077599392257,-0.27056755325358,0.795717543967425,0.94227882348403,-6.84265783129916,"FKBP4"
0.088086601243532,15.5246471510114,0.270547959186455,0.795731924866099,0.94227882348403,-6.84266387162473,"DPYSL2"
-0.0957120608206452,14.8318999897688,-0.27000786537962,0.796128356650007,0.94227882348403,-6.84283020000625,"SEC31A"
-0.0364747136149326,15.8219658014464,-0.269465435247209,0.796399825021236,0.94227882348403,-6.84307935203793,"MGA"
0.0710823202729927,15.3374945861917,0.269444491133691,0.796500397710136,0.94227882348403,-6.84303038014827,"EPM2AIP1"
-0.0305947339940005,16.8643539093692,-0.268402070671133,0.797181195489166,0.94227882348403,-6.84340462100158,"ANKRD27"
0.109329304113947,14.5927854758855,0.268474826397417,0.797253977837544,0.94227882348403,-6.84330055049939,"MAP2K2"
0.0978737526198117,14.4148413332609,0.26834542488093,0.797278614118711,0.94227882348403,-6.84338576591617,"BTF3L4"
0.0161249684170954,18.2244703591738,0.268010318000855,0.797469123770959,0.94227882348403,-6.84352413630502,"UBASH3B"
0.0934731637045694,15.5840222227179,0.268106675942712,0.797524368826813,0.94227882348403,-6.84341311316215,"RPS6KB1"
-0.042672161906733,15.7241646949179,-0.267431486046986,0.797894614175263,0.94227882348403,-6.84370041340509,"HSPA14"
-0.0181831046068766,18.1572706603867,-0.267303933878506,0.797988385984946,0.94227882348403,-6.84373920800523,"CWF19L2"
0.0966284204169288,15.0513108436001,0.267112793987836,0.798254486613536,0.94227882348403,-6.84371624124572,"HIRIP3"
0.132167963514247,15.7880980709568,0.267004114158378,0.798334337695065,0.94227882348403,-6.843749321275,"PSMA6"
0.120947447306897,16.8875055362247,0.266746471674277,0.798523647797033,0.94227882348403,-6.84382769012301,"PDIA6"
0.0372018589532601,15.1647328165045,0.266497058481475,0.798581657122898,0.94227882348403,-6.8439841977789,"POLR2G"
-0.078157196347572,16.3922116063691,-0.265362452560098,0.799540851124155,0.94227882348403,-6.84424741197294,"PDHB"
0.0901893615928699,14.5438324983243,0.265191404159567,0.79959707010547,0.94227882348403,-6.84434375499691,"REXO2"
0.0271037427134679,16.1000657479139,0.263801030201017,0.800565026920963,0.94227882348403,-6.84479753816934,"EPB41L5"
0.103529559499684,18.3010522576098,0.263668448095954,0.800786467935352,0.94227882348403,-6.84475823805621,"YWHAZ"
-0.074469165918531,15.63283454884,-0.263381990061548,0.800997166595061,0.94227882348403,-6.8448443033791,"NDUFA8"
0.04484674561715,18.2985272183374,0.262905640037422,0.801347577172486,0.94227882348403,-6.8449872186944,"STOM"
0.0644752737096699,14.5076225198385,0.262683239648496,0.801387821407472,0.94227882348403,-6.84513238406467,"TBC1D5"
0.153670111271747,16.4125113391167,0.262641868097104,0.801541633721156,0.94227882348403,-6.84506624723322,"ST13"
-0.029015788953263,16.9129871481929,-0.262473382048709,0.801542326508437,0.94227882348403,-6.84519509414874,"EEFSEC"
0.0239236966442924,18.4991198039438,0.262458929707885,0.801552967228579,0.94227882348403,-6.845199411024,"LSM4"
0.165339008047154,14.8753574449681,0.262623483233058,0.801555160010636,0.94227882348403,-6.84507175262043,"ANP32A"
0.046683532839177,15.5119622881504,0.262228675203682,0.801722501301094,0.94227882348403,-6.84526815608082,"TDRD3"
0.0935953057288899,16.0540146978376,0.261890204795167,0.80209471599638,0.94227882348403,-6.84529102734395,"API5"
-0.135476211164056,14.374651737541,-0.261523531244374,0.802364564051138,0.94227882348403,-6.84540045023988,"ATXN10"
0.0548580564155365,15.5712156539203,0.26116152849918,0.802541171533355,0.94227882348403,-6.84556523449068,"VPS28"
0.0236005503335441,17.2638470259814,0.2601987955378,0.803217589558205,0.94227882348403,-6.84587164678352,"KPNA1"
0.0870781088176926,16.0928464057241,0.26027990365345,0.803280015497327,0.94227882348403,-6.84577045809167,"DCTN2"
-0.0193856126536964,16.9081939347973,-0.260068013349624,0.803313947137444,0.94227882348403,-6.84591037155745,"FMR1"
-0.0268569666090244,18.337065577173,-0.259274032987981,0.803968919994907,0.94227882348403,-6.84610106770623,"MCM3"
-0.022557033730898,16.5092673671726,-0.258631332664747,0.804372711188073,0.94227882348403,-6.84633452097172,"POLR1D"
-0.0255751086434941,20.5175092461595,-0.258671110021591,0.804413123512702,0.94227882348403,-6.84627900977427,"SREK1"
-0.107881329841167,14.5083584488704,-0.258637136179985,0.804489802642779,0.94227882348403,-6.84625657589929,"PPAT"
-0.0509335670396958,16.4055673458956,-0.258622516371543,0.804500571808263,0.94227882348403,-6.84626088859319,"PYGB"
-0.0678115260406322,15.7783009568318,-0.258350750365201,0.804700767179328,0.94227882348403,-6.8463410133783,"CYRIB"
-0.0354753817565836,17.7544391675468,-0.258200995265869,0.804811090615007,0.94227882348403,-6.84638513047526,"SRFBP1"
-0.0294261151073947,16.5711972620203,-0.25680084256701,0.805722349162885,0.942736691308932,-6.84687160411894,"PPP2R2A"
-0.0734543845169355,15.3063522626025,-0.25691825973158,0.805756273232751,0.942736691308932,-6.84676199291934,"AK4"
0.0569460196225133,14.4388226865323,0.256130347237597,0.806216894772576,0.942736691308932,-6.8470673997501,"SOX13"
0.0477255044301046,18.1158145978164,0.256062587362203,0.806386974495433,0.942736691308932,-6.8470123650925,"PCBP2"
0.133459328131071,17.4910168065986,0.255973735690512,0.806452474660824,0.942736691308932,-6.84703831651407,"HSP90B1"
-0.0468448798151684,15.403044951539,-0.254927665751111,0.807104216284523,0.942948291321807,-6.84741734721625,"MAP4K5"
0.0400512687013403,18.5455721994533,0.254889024079572,0.807252246646674,0.942948291321807,-6.84735442403351,"SUGP1"
-0.102784510361271,14.8132579540436,-0.254710577593392,0.807383842012412,0.942948291321807,-6.84740630123228,"PGM2"
0.0147674060456779,17.9237603790518,0.252615579314132,0.808810919577682,0.94432244249237,-6.84808557168897,"VAV1"
0.147834115914339,15.2546414922119,0.252364809236144,0.80911436847283,0.944384262892436,-6.84808494682927,"COX4I1"
-0.139092126778735,19.2211857129605,-0.251986374155715,0.80939365956801,0.944417857187063,-6.84819385471991,"LDHA"
-0.0729834655160371,14.9928380245859,-0.250259773768386,0.810620182432724,0.94472217152061,-6.84871810723415,"TLK1"
0.0248518520371306,16.6328850696586,0.250082511541365,0.810682060834623,0.94472217152061,-6.84881081852975,"PFKL"
-0.0661264002097663,15.3053858622412,-0.249822455830676,0.810943218020164,0.94472217152061,-6.84884281931275,"SSR4"
0.0664529658151203,15.2033237445942,0.249659673160253,0.811061714998198,0.94472217152061,-6.84889025689315,"DLD"
0.0324013875822757,16.1138078850166,0.249214064760279,0.811323885004392,0.94472217152061,-6.84905781683866,"AGO3"
-0.177057652069092,16.4443158790936,-0.249130012222063,0.811502687885172,0.94472217152061,-6.84901070973307,"CCDC167"
0.0356512945256426,17.5135948534903,0.249040612987341,0.81156872490167,0.94472217152061,-6.84903612870778,"MCM4"
-0.0215033236338158,16.9399721116334,-0.248760464277568,0.811659181314392,0.94472217152061,-6.84918649242348,"TPX2"
-0.0452471744006626,15.7481293077437,-0.248280423802094,0.812014069207347,0.944843531145586,-6.84932241823041,"RBFA"
-0.0541697645380683,15.2953745593584,-0.246664235649645,0.813209254307743,0.945942267429864,-6.84977815833983,"CDK8"
0.0239338128004505,16.8194437514115,0.245530238596791,0.814048182719831,0.94662604838179,-6.85009618637423,"MYO1C"
-0.0255921489877018,17.2376014091948,-0.244841217471932,0.814558050429011,0.946926873301687,-6.85028871981554,"SP2"
0.0935229533577946,16.9853414193559,0.244362663213767,0.815026564278797,0.947179453554583,-6.85035374258601,"CAND1"
0.106700730785551,17.1982372126894,0.241724778458257,0.816978449251191,0.949145241496519,-6.85108594257271,"UBA1"
-0.0787846355844248,15.3949659001386,-0.241396299672171,0.817221605808409,0.949145241496519,-6.85117657311136,"TYMS"
-0.141099448185532,15.1622996178587,-0.239511577867557,0.81861720122662,0.950391729309085,-6.85169424985145,"FH"
-0.0651544708607954,14.186355610958,-0.239115223939592,0.818799028327827,0.950391729309085,-6.85186820525729,"MDN1"
0.0273267594905917,17.8361810332662,0.237614797031458,0.819975216825104,0.950417014002658,-6.85223880344789,"PDCD2L"
0.0995457001380338,16.549020764368,0.237599592593276,0.820033727897858,0.950417014002658,-6.85221534732137,"TTLL12"
0.042418929094385,17.7670470260119,0.237341217417593,0.820225206640768,0.950417014002658,-6.85228545123968,"LMNB2"
-0.121558521196885,15.7066931687877,-0.23702450694608,0.82045993546423,0.950417014002658,-6.85237128093091,"HADH"
0.104904688494807,14.1957765730277,0.236925519305366,0.820486203824678,0.950417014002658,-6.85242551400634,"PSAT1"
-0.0551419679951373,16.3466105053481,-0.236938534447635,0.820523657183343,0.950417014002658,-6.85239456038081,"DYNC1I2"
0.104914070419047,15.9469125459585,0.236617056540722,0.820761945782552,0.950417014002658,-6.85248153603877,"SP9"
0.204099086619189,12.747562053022,0.236366036423283,0.820837612093543,0.950417014002658,-6.85261352160939,"PMPCB"
-0.0153013501297217,19.0393880416848,-0.235991506674338,0.821115452801431,0.950446809045561,-6.85271440335963,"ANKRD17"
0.0672438667635191,16.4991653818392,0.23569959573428,0.821442108922346,0.950533072632672,-6.852729117112,"RIOK2"
-0.0913705899901487,14.6947796366233,-0.235123320925171,0.821869419384805,0.950581734945521,-6.85288414477956,"DEGS1"
0.133651761972601,13.1663488307791,0.234307471973806,0.822365084251583,0.950581734945521,-6.85316606667722,"TRIM65"
-0.0348559818798044,17.5775359681313,-0.233908321387002,0.822770566131322,0.950581734945521,-6.85320977932322,"CSTF2T"
-0.0760772538084016,13.6012423560396,-0.233675613099372,0.822834099546256,0.950581734945521,-6.85333471363742,"MORC3"
0.0267712769184172,16.8293201439985,0.233622800355405,0.822873304931392,0.950581734945521,-6.85334878942353,"FUBP3"
0.1160547761015,18.3474664288621,0.233603054333836,0.822997024631878,0.950581734945521,-6.85329133420074,"LCP1"
0.108245797994361,18.9351503650118,0.232583807123653,0.823753275247669,0.950780770654847,-6.85356287781274,"PPIA"
-0.0787109732382802,17.1218212870185,-0.232407331479899,0.82388423589534,0.950780770654847,-6.8536097752929,"TOP3A"
0.0729186440084959,15.5663379523598,0.232351140732974,0.823925935737238,0.950780770654847,-6.8536247003522,"PSMB1"
-0.152509068147564,14.2772154621745,-0.231458926568396,0.824588142970622,0.95107333273473,-6.85386121009885,"ETFB"
-0.043842229851581,21.0450840048417,-0.231147067618555,0.824819644026756,0.95107333273473,-6.85394366743233,"ERH"
-0.0594234111472929,16.8589970503898,-0.230877836226195,0.825019517037231,0.95107333273473,-6.85401476595198,"MCM6"
-0.0322243935741255,19.3476748434173,-0.230631574486255,0.825202350318664,0.95107333273473,-6.85407972737618,"GPATCH4"
0.0130258531158489,18.9039982420233,0.230165762534566,0.825440834140063,0.95107333273473,-6.85426336891013,"PES1"
-0.0787539917175977,16.1265416672426,-0.229665449522782,0.825919750827735,0.95133439065706,-6.8543339238817,"LETM1"
-0.0915913911125799,17.7699656933416,-0.228831305981209,0.826539295896754,0.95175722221465,-6.85455255143773,"TOMM70"
-0.0176156062075599,16.7105197452903,-0.228066284438553,0.827001260951794,0.951998398103287,-6.85481225848698,"NFATC2"
0.0318200226064,17.0908543814655,0.227499569397572,0.827483559571424,0.952262826490924,-6.8549253433939,"SRPRB"
0.0448601188723803,15.892422584927,0.227122897913988,0.827763546521322,0.952294345555503,-6.85502316746097,"COPB2"
-0.0422744099330341,14.7750443164675,-0.226348653042285,0.82827852334624,0.952316714065936,-6.85525764031446,"PARP9"
0.0467262965371873,16.6491053824347,0.226231725657409,0.828470961656392,0.952316714065936,-6.85522888185971,"HSD17B12"
0.0373482059619636,15.8772404419218,0.22599604306555,0.828540801627658,0.952316714065936,-6.85534866251585,"CREB1"
0.0378928051369236,17.2505329469107,0.225763934165889,0.828818702504322,0.952345781298779,-6.85534978034177,"CD2AP"
-0.0281618064475389,16.983045765984,-0.224408101405727,0.829722242281613,0.95264814770483,-6.85575684198675,"AFF4"
-0.102780078711135,16.7133006418737,-0.224027892413981,0.830109589354317,0.95264814770483,-6.85579630112261,"ATIC"
0.0258921518211253,16.1157821947969,0.223673359550685,0.830269060350918,0.95264814770483,-6.85594474900982,"WDR11"
-0.0492893612216072,17.1864784540122,-0.223776929369792,0.830296248698785,0.95264814770483,-6.8558605699852,"HAT1"
-0.0898243597006321,13.7931242248767,-0.223368526717416,0.830495957007987,0.95264814770483,-6.85602253076082,"TBL1X"
-0.152619472524695,16.7269077038884,-0.222890265548162,0.830955821564707,0.95264814770483,-6.85608706748206,"ARHGDIB"
0.137657674666279,15.8448589678516,0.222397531270356,0.831322422675709,0.95264814770483,-6.85621255371056,"DPP3"
0.0828140610652461,16.8694709494847,0.222284793607551,0.831406307585865,0.95264814770483,-6.8562412265754,"YWHAB"
0.0279465761188149,15.7726692997448,0.221949519864292,0.83155240261145,0.95264814770483,-6.85638323377789,"CLPX"
-0.0748277295859818,14.8530944466075,-0.222012709534238,0.83160876766488,0.95264814770483,-6.85631036752464,"ZRSR2"
0.0446832658117167,16.5263251720294,0.221582046662291,0.831929256470324,0.952725788849672,-6.85641963562692,"G6PD"
0.022252126967448,17.8512548045194,0.220418466006302,0.83269269732563,0.953310497697427,-6.85676988158947,"CORO1C"
-0.0278488091935358,15.8141824418959,-0.219643110409794,0.833270334420722,0.953429122842521,-6.8569646829044,"RAF1"
0.0350122856123427,16.1941797378437,0.219600461038936,0.833302111343795,0.953429122842521,-6.85697537858223,"MTHFD1L"
0.0718952310015126,14.9242895023746,0.219378681877522,0.833569498573955,0.953445694667418,-6.85697540896213,"PPP1R14B"
0.0524215881784684,16.3087495437533,0.218010573709012,0.834588415842541,0.953826152965378,-6.85731774799408,"PDCD4"
0.0337761714188645,15.4912884191872,0.217859033309382,0.834599895848128,0.953826152965378,-6.85741035052912,"DYNC2I2"
-0.0466443124333207,15.3405751995738,-0.217776878754771,0.834661134915857,0.953826152965378,-6.85743078679516,"RBM12"
0.0661110488904058,13.7906246515435,0.217046033550649,0.835205971987016,0.954024126629027,-6.85761225334759,"RUFY3"
0.022680229102658,16.5846637012946,0.216865613394686,0.835340488594806,0.954024126629027,-6.85765695866406,"EIF2D"
0.0385879337110069,15.6259242415226,0.215787277479369,0.836144594477751,0.95430471677346,-6.85792339031398,"GNAS"
0.0563096975373902,18.2905180819729,0.215560679024167,0.836413885195191,0.95430471677346,-6.85792551275917,"MTHFD1"
0.0454716748912887,21.2154631822451,0.215445521662429,0.836499718961482,0.95430471677346,-6.85795391436251,"TUBB"
-0.0251215078093026,15.4472059048814,-0.214575171763479,0.837048709134891,0.95430471677346,-6.85822131195465,"CLASP2"
0.0317716303838935,16.5292721549135,0.214224068127545,0.837334319588602,0.95430471677346,-6.85829470151786,"PRC1"
-0.139910396147805,17.2626625386818,-0.214073159713187,0.837522812767162,0.95430471677346,-6.85829123379311,"ARHGDIA"
-0.102038954224298,17.9126288283699,-0.213943108625593,0.837619783728204,0.95430471677346,-6.8583230895637,"PRDX6"
-0.0463969446064425,16.2329129906674,-0.213658515742309,0.837831997722794,0.95430471677346,-6.85839273354907,"CETN3"
-0.0782593303340686,14.9713338233193,-0.21361512634443,0.837864353453622,0.95430471677346,-6.85840334353986,"NT5C3A"
-0.0556852655726949,14.4704450886635,-0.212966919111723,0.838248730217634,0.95445415672621,-6.85861405022674,"ZBTB21"
0.0485518899572632,16.300048739699,0.212125888675464,0.838975096609518,0.954871863105234,-6.85876621956278,"HEXIM1"
0.0616399667514536,15.623364539603,0.211786457119633,0.839228317452626,0.954871863105234,-6.85884857742207,"SEC22B"
-0.0713146626121191,13.3833591060189,-0.211334220575496,0.83946747735692,0.954871863105234,-6.8590097804669,"CAMSAP1"
0.0141002829892969,19.0893545151444,0.211118277288737,0.839628707213223,0.954871863105234,-6.85906189567046,"HBS1L"
0.0774062872439902,15.3663720766979,0.207636262803571,0.842326115512552,0.957252490052982,-6.85984504919063,"PSMD5"
-0.074572375976528,15.451901217907,-0.207190706764352,0.842658873238064,0.957252490052982,-6.85995087296765,"TBC1D15"
0.0155795147564355,17.566470575698,0.206966167929305,0.842730439644778,0.957252490052982,-6.86005374218598,"SUN2"
-0.0867857952265325,13.7114004039505,-0.206956494417737,0.842737669624893,0.957252490052982,-6.86005603029533,"PLCB2"
-0.0746784232064694,14.4641523930531,-0.206474336608921,0.843145105132652,0.957426821189788,-6.86014571556224,"TRAPPC2L"
0.0556656508725215,15.2559809922175,0.205827678258233,0.843638088842803,0.957486798652248,-6.86029323073777,"CCZ1B"
0.0751491691553348,13.4993218979113,0.205415406673374,0.843889691171851,0.957486798652248,-6.86041920245039,"GSK3B"
0.0734790974075032,17.6628226904245,0.205449181118294,0.843959849316027,0.957486798652248,-6.86036235185169,"CCT6A"
0.0435899969684215,15.6797902308306,0.203437022043951,0.84542347971128,0.958858760081687,-6.86085393784252,"GAB3"
0.0991491008453806,15.4167891719305,0.202299166572211,0.846314377898957,0.959574629226068,-6.86109792078314,"THOP1"
0.0384748875534147,15.3884769054972,0.201767214825208,0.846618526616134,0.959574629226068,-6.86126826227872,"KIF20B"
0.068361722860466,16.0669126065993,0.201625366307149,0.846818247065021,0.959574629226068,-6.86125380641247,"PRKAR1A"
-0.0403738201424471,15.0240386031805,-0.200891342014515,0.847274023643379,0.959768041383679,-6.86146987346104,"ABHD14B"
0.0826377656816497,17.0558247485378,0.200681324314012,0.847524336759298,0.959768041383679,-6.86147135021957,"GANAB"
-0.107416346111634,16.083074311116,-0.200186155180889,0.847894757057827,0.959768041383679,-6.86158505360038,"SH3BGRL3"
0.0417800014776457,14.4766130606178,0.19991181370423,0.848007253540858,0.959768041383679,-6.86169431912608,"KANSL2"
-0.0304247672514215,16.215201133346,-0.197502768991701,0.849811257931303,0.961521141176774,-6.86224171269111,"KIF18A"
-0.0454649887122009,14.9124172128779,-0.196812430918816,0.850328398476178,0.961575236725175,-6.86239736660013,"XRCC4"
0.0431347952496353,16.9279155665136,0.196879844012219,0.850369188127781,0.961575236725175,-6.86233716099883,"MAT2A"
-0.0326366363717057,17.5947023636418,-0.194851676067905,0.851887986667871,0.963003811015854,-6.86279240244845,"YWHAQ"
-0.0789340253958155,14.0741047574468,-0.194091454342322,0.852367502933199,0.963090360864558,-6.86300563732743,"PDLIM2"
-0.0445864578694426,14.6688406628971,-0.193947425457997,0.852475473263933,0.963090360864558,-6.86303760173976,"PABPC3"
-0.172656546797027,14.9271182454943,-0.193721091566879,0.852734929872344,0.963094872863612,-6.86304415229545,"EPN1"
-0.0307820777387544,15.6948344109938,-0.191917203795823,0.853997785690167,0.964115546930756,-6.86348567613063,"MLC1"
-0.0600113545476546,14.8474210896157,-0.191783938772503,0.854150113195948,0.964115546930756,-6.86348970776914,"ARFGAP1"
-0.0696856567688311,14.4586156010095,-0.191213335306866,0.854569181394435,0.964299854491775,-6.86361906992593,"ADRM1"
0.247367773614135,15.9225793864092,0.189567076401362,0.855848620636201,0.965445488146802,-6.86395671042335,"TESC"
-0.0151047977553844,19.8176027294132,-0.189098141028551,0.856112727259125,0.965445488146802,-6.86410012378334,"LIG3"
0.0230874023243537,16.0352817781062,0.18868206432091,0.856424990780252,0.965445488146802,-6.86419005159425,"UTP14A"
-0.0346750176142958,15.2129886379689,-0.188321250855134,0.856695802459948,0.965445488146802,-6.86426787670418,"REXO5"
-0.0969935484171103,14.8778635926966,-0.188212093385908,0.856864881522334,0.965445488146802,-6.86425014733949,"ARF4"
0.0811757106880879,13.1401923155051,0.187407810486608,0.857381488085008,0.96566411174214,-6.86446424160006,"CUL2"
0.0512630755254726,15.1731212397769,0.186917889569208,0.857800316823974,0.96566411174214,-6.86454518864721,"VPS16"
-0.0814425561711971,15.0738500359119,-0.18692920070154,0.857827350192155,0.96566411174214,-6.86452605508729,"GLO1"
-0.0371493766705964,15.0362505725584,-0.185233799418529,0.859013981935424,0.966404725166751,-6.86492779838462,"ZNF316"
0.064885585820381,16.120674014025,0.185323830741004,0.859032128557604,0.966404725166751,-6.86486868949191,"NSF"
-0.113060161585718,16.9970555081293,-0.184210950416615,0.859867553337163,0.966404725166751,-6.86510449706901,"ALDOC"
-0.0606540884967579,15.8643789347583,-0.184203851459639,0.859872883070106,0.966404725166751,-6.8651059967556,"DCPS"
-0.0413970181402714,15.5444050621055,-0.183673895356333,0.860233045174394,0.966404725166751,-6.86523525916797,"KPNA6"
-0.0336968465247267,16.7268425880259,-0.18369803410291,0.860252659830155,0.966404725166751,-6.8652127058516,"CAPN1"
-0.0596346605507563,16.5429572204593,-0.183425481426642,0.860457314238189,0.966404725166751,-6.86527008428316,"IPO7"
0.0783819099400347,19.8810339456995,0.18212474076933,0.861434177672792,0.966404725166751,-6.86554275879345,"HSP90AB1"
0.0671825753688342,14.7725025662426,0.182097730893789,0.86145446508791,0.966404725166751,-6.86554840054033,"BANF1"
-0.111200011526648,15.7601670049629,-0.181697683305298,0.861754958771248,0.966404725166751,-6.86563186445641,"MDH1"
-0.0631312355016931,16.2463428560501,-0.181274031241795,0.862073210433213,0.966404725166751,-6.86572005515533,"BZW2"
0.0448561278806121,14.2487567130433,0.180888165503095,0.862279446975836,0.966404725166751,-6.86583836997569,"HACL2"
-0.0536381428006329,17.0969440720463,-0.180738829169541,0.862475300066553,0.966404725166751,-6.86583117586208,"PTPN7"
-0.0225153053243758,16.0536060378097,-0.180322238637036,0.862704924763084,0.966404725166751,-6.86595537905164,"MAP4K2"
0.062440723141826,15.6503358606651,0.180284982897892,0.862816303584135,0.966404725166751,-6.8659251505143,"GCN1"
-0.0280609172679611,15.9319810835523,-0.180170191636982,0.862819246017388,0.966404725166751,-6.86598675394129,"GIT1"
0.125592215542902,14.1037744168291,0.180234940987877,0.862853905229177,0.966404725166751,-6.86593549802338,"ANP32E"
-0.0734960066541355,13.6325938301967,-0.179797617864254,0.863099392476512,0.966404725166751,-6.86606352382132,"HEATR3"
0.0225145882973266,18.6022787805094,0.17947532243712,0.863424733154936,0.966481960805852,-6.86609222060108,"POLR3G"
-0.0548724009631449,15.6347388062371,-0.176749528976928,0.865473815824063,0.967431043534573,-6.8666492078029,"SASH3"
-0.087678709773801,17.6738605382777,-0.176656897547193,0.865543470602989,0.967431043534573,-6.86666798786724,"NME2"
-0.0214123140832747,18.1823282806171,-0.175843019018337,0.866155528354598,0.967431043534573,-6.86683257444192,"MRPL19"
-0.0828124284802136,17.1260712741342,-0.17584161044477,0.866156587726603,0.967431043534573,-6.86683285863865,"ACO2"
-0.0727116209476719,16.2979479886286,-0.175656767352715,0.866295608731908,0.967431043534573,-6.86687013341764,"YARS1"
0.0502546413538987,17.1783532907975,0.175111419540474,0.866705796820133,0.967431043534573,-6.86697988013679,"PSMA3"
-0.0258393738861216,16.6752830948407,-0.175011895826026,0.866735546712545,0.967431043534573,-6.86701983671159,"UHRF2"
-0.0502981893238612,15.5987494674425,-0.175045140829314,0.866755652025836,0.967431043534573,-6.86699319515712,"DHCR7"
0.0315274596333328,14.9630150372035,0.174866174653654,0.866809482601732,0.967431043534573,-6.86706484350463,"SPRYD3"
-0.0383838555020368,14.2143095640309,-0.174827300139203,0.866838744047689,0.967431043534573,-6.86707262740081,"TBK1"
0.0518326963116724,14.7945068262079,0.171845446680179,0.869122846139162,0.968060648523153,-6.86764764929758,"UCK2"
-0.020440982328946,16.3387731522956,-0.171657984896596,0.869225106178582,0.968060648523153,-6.86770145890991,"ERAP2"
0.0579841792798685,15.3140388240359,0.171382344099224,0.869511863345278,0.968060648523153,-6.86772127212592,"PPT1"
0.0113089091901166,18.5048207438414,0.171261038385612,0.869524096794362,0.968060648523153,-6.86777941526375,"RBM15"
-0.0264697540386791,15.024978818171,-0.171230262875203,0.869547278706491,0.968060648523153,-6.86778545180227,"PLOD2"
-0.0633916742975806,14.949646755988,-0.170773563316009,0.869970159330099,0.968060648523153,-6.86784080584066,"ACADM"
-0.0329032828044351,15.2487750156629,-0.169855083922729,0.870583287769044,0.968060648523153,-6.86805409293048,"PPP6C"
-0.0606562967490429,13.9627104642605,-0.169448531528565,0.87088962308382,0.968060648523153,-6.86813310197728,"WASHC5"
0.068154215388013,16.6459625194988,0.169409995286678,0.870996866573184,0.968060648523153,-6.86810701305835,"CCT7"
0.0461550584580248,15.3093731514489,0.169385927066016,0.871001495855655,0.968060648523153,-6.86811748696593,"MPND"
0.0409623193334259,14.4234258673331,0.169293865407462,0.871006169695065,0.968060648523153,-6.86816311041127,"TNRC6C"
-0.0640082921775065,14.4463771005798,-0.169169013518291,0.871145113573842,0.968060648523153,-6.86816808802548,"GSTM1"
0.0475412553698327,16.8199127013013,0.169113102783753,0.871220450220451,0.968060648523153,-6.8681646946987,"SWAP70"
-0.0385757388698522,18.9029421636606,-0.168836830794556,0.871428516677793,0.968060648523153,-6.86821828007464,"EEF1B2"
-0.0350607343330456,15.8085935714908,-0.16811961748951,0.871935699116441,0.968060648523153,-6.86837106021249,"SEC23A"
0.0122226774948686,17.9298466525886,0.167902634997912,0.872054671397902,0.968060648523153,-6.86843181757933,"PLRG1"
-0.0202891003162726,18.5535322020488,-0.167830966296727,0.87218615012611,0.968060648523153,-6.8684126431273,"PRPF38B"
0.0397736916553626,15.4582320832942,0.167668235820525,0.872275807186707,0.968060648523153,-6.86845798075842,"PDCD10"
-0.0105563188621147,19.1912848543861,-0.167601441190934,0.872281703722321,0.968060648523153,-6.86848970194132,"MIDEAS"
-0.0343320766720634,15.2963608080336,-0.166694216386667,0.87296562705918,0.968272515977624,-6.86866343299179,"NUDCD1"
-0.0208487664565027,17.5721965959612,-0.166416523942602,0.873220259331008,0.968272515977624,-6.86869731905159,"CHD2"
0.0420856123173738,15.9386389987725,0.166428022332451,0.873243117857804,0.968272515977624,-6.86868181224052,"UBAC2"
0.0111292082167331,17.8292245963479,0.165629265594422,0.873768606939143,0.96857031701281,-6.8688661759334,"NOP14"
0.0422754333605155,15.6550847194926,0.165151528395529,0.874205067888247,0.968739573233689,-6.86892477544395,"YES1"
0.026370541576096,16.063298596889,0.164723312479628,0.874451830658585,0.968739573233689,-6.86903763554389,"ASPM"
-0.100669637377528,16.4656366489511,-0.164505260763371,0.87469217699933,0.968739573233689,-6.86904707683859,"PFN1"
0.0613664028717569,14.7088580964065,0.163942617130663,0.875116305407911,0.968813221268512,-6.86915316604756,"PREP"
0.0162108301607695,20.6675628727004,0.162988475636966,0.875803667119983,0.968813221268512,-6.86934549521518,"DKC1"
-0.00842376619034013,18.6713301187379,-0.162456900931459,0.876161558588693,0.968813221268512,-6.86946249104412,"BUD13"
0.0616978805876958,14.3759244191012,0.162441301464998,0.876210079318017,0.968813221268512,-6.86945023353127,"NOA1"
-0.034305094700569,15.0569603892816,-0.162152735356087,0.876391069696633,0.968813221268512,-6.86951906503334,"CMTR1"
-0.0186455856701393,21.4071197192579,-0.161750609459408,0.876769102050361,0.968813221268512,-6.86956304402615,"H1-10"
0.0389734407362443,14.1030132758559,0.161585429060977,0.876819171211253,0.968813221268512,-6.86962430165208,"EHBP1"
-0.0510726954811958,14.9975173582833,-0.15995205417989,0.878125739808144,0.968813221268512,-6.86989526642085,"SACM1L"
-0.091064386968295,16.4838488472583,-0.159895893408021,0.878168108806472,0.968813221268512,-6.86990558093163,"EIF4H"
-0.0207404127823345,16.8684310139152,-0.159776860679588,0.878184258379988,0.968813221268512,-6.86995735395924,"PHF3"
-0.0781572991765387,18.9749117061984,-0.159705681017704,0.878311612756482,0.968813221268512,-6.86994048873772,"ANXA1"
-0.0726232703713787,14.6390479395711,-0.159566378922117,0.878416711122428,0.968813221268512,-6.86996602734483,"PYCR2"
-0.0175944754029906,16.1342327031198,-0.158840603778371,0.878891114406148,0.968813221268512,-6.87012830765973,"SDF2"
-0.0858953797486866,15.5274000996857,-0.158721921731237,0.879053881312568,0.968813221268512,-6.87012037081786,"CAP1"
0.0771027310106582,16.6542407878703,0.158571615648612,0.87916730250559,0.968813221268512,-6.87014775748387,"PA2G4"
-0.0244202432699261,17.0665247752478,-0.158541217524883,0.879190241356351,0.968813221268512,-6.87015329307557,"CASP14"
-0.0234152120438758,15.7520575535906,-0.15808689422792,0.879460239170617,0.968813221268512,-6.87026520561265,"GSDMA"
0.0869559113267364,15.2177715356239,0.15798992595267,0.879606275950866,0.968813221268512,-6.87025350234665,"ETHE1"
0.0372048383247137,15.2072511172482,0.157850851326316,0.879641288170323,0.968813221268512,-6.87030682278073,"TAF11"
0.0350399360321845,15.329427567721,0.15729731952501,0.880056529881129,0.968931090096773,-6.87040792519099,"TIMM29"
-0.0624767720744579,16.4240267590984,-0.157061074603335,0.880307332726985,0.968931090096773,-6.87042155835831,"UBE2L3"
0.0124831398712146,17.0725506042414,0.156424559594612,0.880715742282252,0.968931090096773,-6.87056485613637,"TCERG1"
-0.0594552766541874,17.3982949962492,-0.156439745062277,0.880776351660912,0.968931090096773,-6.87053342620008,"ATP1A1"
-0.0517429413018462,15.3090894680665,-0.154872598487972,0.88195956784617,0.969114035983055,-6.87081363075462,"RUFY1"
-0.0511874591613726,17.3730611546194,-0.154865432837499,0.881964978774227,0.969114035983055,-6.87081490554004,"CBFB"
-0.0142041117335694,17.8440521501526,-0.154681231843037,0.882032822873239,0.969114035983055,-6.87087573068881,"BCAS2"
-0.0686020472486177,15.3038978885925,-0.154658191193908,0.882121474158351,0.969114035983055,-6.87085174897891,"IDH1"
-0.0552180823026251,14.7614831245998,-0.15451719318039,0.882227949998368,0.969114035983055,-6.87087678764132,"CLPTM1"
0.0266280255706253,15.0648223566035,0.153703442624682,0.882771721050825,0.969188828313333,-6.87104857938288,"MRPL44"
0.0713563401902562,16.2036335175745,0.153734417466859,0.882819118588654,0.969188828313333,-6.87101538220915,"AARS1"
-0.0268190447379144,15.727833441439,-0.153312382223059,0.883067274603793,0.969188828313333,-6.87111740461453,"GRAP2"
0.0282568516676012,15.5495831483998,0.152834079180257,0.883428791839944,0.969275157605666,-6.87120134770469,"RPAP2"
0.0350897156631511,16.4781575786021,0.152620999826655,0.883660137053229,0.969275157605666,-6.87121131548978,"CDCA8"
0.0167687961299663,16.051062054847,0.151819194174223,0.884195976733645,0.9695808121832,-6.87137859983737,"ITCH"
-0.0444347514326076,14.6826865020258,-0.151212263848837,0.884654840791626,0.969758509109269,-6.87148404165691,"FOSL2"
0.0545101916418993,16.6955667300493,0.150496327312132,0.885265464881889,0.969758509109269,-6.87158128241241,"TPT1"
-0.0148841856581363,17.3445141245442,-0.150055860106129,0.885529264034276,0.969758509109269,-6.8716837829978,"WDR5"
-0.0400317083214432,14.229368508002,-0.149772257645915,0.885743739029523,0.969758509109269,-6.87173253619171,"SPATA13"
0.0106270155286623,21.4099345850582,0.149225165115209,0.886157508785064,0.969758509109269,-6.87182632646514,"SRRM1"
-0.0476049535473351,16.3265132624928,-0.149246910428513,0.886209759165762,0.969758509109269,-6.87179643852788,"ATP5PD"
-0.0234541548175926,15.7543254285375,-0.148905184865679,0.886399530147293,0.969758509109269,-6.87188102405051,"TBC1D4"
0.0307906229330435,16.7352257734554,0.148753204242124,0.886582952825617,0.969758509109269,-6.87188096656349,"RCOR1"
0.0215679118839418,15.7829642767895,0.148543517266336,0.88667309838187,0.969758509109269,-6.8719427073648,"NFX1"
0.0261079381044382,15.7361411283935,0.147445356089589,0.887503860381562,0.970385601403275,-6.87212908890424,"MAP3K4"
0.0134429838179315,17.1468378476505,0.146895086110122,0.887920199856538,0.970559337042374,-6.87222196512215,"SYTL1"
0.0103856169598338,20.9965218478835,0.145494670571591,0.888979943103773,0.971436053768471,-6.87245677598619,"AP3D1"
-0.0934592328099253,15.9973123912126,-0.144272381833253,0.889971459425867,0.971561924410708,-6.87263541890194,"PARK7"
-0.0452865380093641,16.6514877677045,-0.144101439807742,0.890100780811952,0.971561924410708,-6.87266374732754,"TXNDC5"
0.0173232426972803,16.9741255485496,0.14385113921219,0.890223979597016,0.971561924410708,-6.87272950153251,"NUFIP1"
0.0894603573971011,15.0018767404329,0.14370342714988,0.890401900431804,0.971561924410708,-6.87272957654596,"PAK2"
-0.0680129207172477,14.9409110196673,-0.143461045408123,0.890585286055622,0.971561924410708,-6.87276957663397,"WNK1"
0.0449475989283652,13.6370146601708,0.143089824216437,0.890800356736444,0.971561924410708,-6.87285479034114,"PIK3CB"
-0.0394565865535466,15.3840314822142,-0.143046310593949,0.890899090898625,0.971561924410708,-6.87283786448019,"PSMB8"
0.0121942729531312,17.4023318130922,0.14204400684032,0.891592243808425,0.971710036114698,-6.87302582272387,"MED30"
0.0523462701273267,15.3939732074103,0.141564222381123,0.89202067400916,0.971710036114698,-6.87308029188178,"CORO7"
-0.103161136486612,16.3919200394692,-0.141349669893425,0.892183061180122,0.971710036114698,-6.87311517874734,"L3MBTL3"
0.0328928264678865,16.3901593036594,0.14124538400776,0.892261993535841,0.971710036114698,-6.87313211695577,"LONP1"
0.0762798709901702,15.4291920963963,0.141012475511227,0.892438283208316,0.971710036114698,-6.873169901327,"MRPL34"
-0.0369019427816255,16.7492012513139,-0.140823408576653,0.892581393916499,0.971710036114698,-6.87320052780076,"APEX1"
0.0159854199233145,16.7995277718503,0.139232316983887,0.893721913050812,0.972506355946131,-6.87347946458604,"FCF1"
-0.031498288305368,15.0261093003729,-0.138759221228352,0.894080347346725,0.972506355946131,-6.87355490881349,"PARS2"
-0.0342844195174283,14.7759790187363,-0.138750776952177,0.894086745280979,0.972506355946131,-6.87355625309808,"DBR1"
0.0223536195700298,14.8434112875694,0.137722597525646,0.894865825849518,0.972931487424023,-6.87371932629607,"CTBP2"
0.0521620646130003,17.5835415953411,0.137448600613236,0.895136631284514,0.972931487424023,-6.87374033613521,"CCT4"
-0.0617047024802897,15.0544753572972,-0.136862033750799,0.895580892063826,0.972931487424023,-6.87383283170409,"GNAQ"
-0.0619351813877476,13.0425247888623,-0.136311388658013,0.895935346700986,0.972931487424023,-6.87394118679888,"AP4S1"
-0.036252813159269,14.4049002463214,-0.136247333171674,0.89598389847283,0.972931487424023,-6.87395120327785,"GEN1"
-0.0127384197974258,16.494975626168,-0.136191751656177,0.896026027675386,0.972931487424023,-6.87395989087401,"PCMT1"
0.03607752288044,16.6093401823808,0.135600180739242,0.896536749076276,0.973205742590717,-6.87403048044637,"SPN"
0.0687407755825902,19.3889177105522,0.135011195305069,0.896982972263769,0.973228286533888,-6.87412211258018,"GSTP1"
-0.0568300698750921,14.2702932027319,-0.134503886155174,0.897341054681297,0.973228286533888,-6.8742097915247,"PALS2"
0.0147782082777574,17.7774987976531,0.134303250694816,0.897484953165251,0.973228286533888,-6.87424358485389,"PRDM10"
0.0398100969970496,14.8471306701311,0.134090097464805,0.897652746076755,0.973228286533888,-6.87427429961325,"PPM1F"
-0.019943287140368,15.4776423153178,-0.133491645152632,0.898073073803175,0.973228286533888,-6.8743776841201,"NIPBL"
0.0156267688854825,19.1235776170938,0.133528556214932,0.898106421445994,0.973228286533888,-6.87435102079654,"ATP5PO"
0.0505038671391311,13.9393812869673,0.132614915230847,0.898737938581026,0.973632766796112,-6.87451155372348,"PYGL"
-0.0749960065223139,14.3742615206187,-0.131565205549165,0.899594520406828,0.974007287447941,-6.87465028029768,"TBCA"
0.0564764971009453,15.7121239252439,0.131288503388804,0.899804279677784,0.974007287447941,-6.87469210170795,"SMAP1"
-0.0910156256439016,13.9389370901026,-0.131216688087697,0.899858722063973,0.974007287447941,-6.87470294173106,"PDCD5"
0.0434458825822297,16.1531167136447,0.130670970159737,0.900272444248436,0.974175406089725,-6.87478512140788,"ANXA11"
-0.0463246973654261,14.91891555272,-0.129787879806702,0.900942009332725,0.974290077173161,-6.87491738457544,"VPS51"
0.0796618332608929,15.2244917954465,0.129450871752664,0.901197554664635,0.974290077173161,-6.87496762419453,"NUCB2"
-0.178944357766262,16.2528539891055,-0.129256418033693,0.901345010272028,0.974290077173161,-6.87499655336862,"AP1S2"
-0.00684633087347564,19.9798103635612,-0.129089733432738,0.901412145671084,0.974290077173161,-6.87504096685467,"RUVBL2"
0.0387359609466742,15.9506334638789,0.1280274971752,0.902277008867657,0.974921594516327,-6.87517838143479,"STAB1"
0.019426429450613,15.8457291996834,0.127130037987455,0.9028993858894,0.974921594516327,-6.87532914015755,"SP100"
0.012529985174865,17.1364782830146,0.126998982227105,0.902998861339311,0.974921594516327,-6.87534825549544,"KRI1"
-0.0457566242092007,14.7436846750212,-0.127004787405029,0.903052749487167,0.974921594516327,-6.87532838196739,"UTP25"
0.0390716196408789,17.5693742178934,0.126211939163556,0.903654217342048,0.974921594516327,-6.87544384537904,"PHB2"
-0.0664026122216441,18.9978291999287,-0.125596313716765,0.904121289308657,0.974921594516327,-6.87553300358445,"HSP90AA1"
0.0541563499639004,15.9675215518052,0.125536444877469,0.904166713742231,0.974921594516327,-6.87554165097655,"VCL"
0.039639583795033,16.648452956922,0.125334592982626,0.904319868256335,0.974921594516327,-6.87557077602646,"RAB2A"
0.0496389205124448,15.292782365282,0.125099541809112,0.904498218297572,0.974921594516327,-6.87560463261764,"MRPL20"
0.0068098071958147,22.1259304285327,0.124913027679208,0.904582423771382,0.974921594516327,-6.87564986514512,"DHX15"
-0.0730481864958836,14.0941687023346,-0.124373508719739,0.905049149678146,0.975145840036184,-6.87570881061718,"HOOK3"
-0.080027204166667,14.7997536416641,-0.123404923722983,0.905784225257886,0.975606780029418,-6.87584685299518,"ADI1"
-0.0200473187349903,15.2384255074702,-0.122924890474425,0.906092173346879,0.975606780029418,-6.87593270585235,"CCDC97"
0.0227429590672301,14.6619584942717,0.12262997114244,0.906316165508043,0.975606780029418,-6.87597427773882,"ATRX"
0.0152759796634783,16.0979554934356,0.122172814692007,0.9066633958374,0.975606780029418,-6.87603852220614,"TNRC6A"
-0.014391790992681,15.9409018689023,-0.122031330303189,0.906770863984902,0.975606780029418,-6.8760583567081,"RRP7A"
-0.0181944424397571,15.8609006939773,-0.121518668499423,0.907160287604696,0.975747299363682,-6.87613003448402,"CSNK1D"
0.0173646484090639,19.4964454135334,0.121123732729557,0.907515861927332,0.975851340406743,-6.87616772472918,"PTCD3"
0.0403898035380976,15.7177993676434,0.11852981490241,0.90948556276026,0.977211457657529,-6.87652534554813,"MACROD1"
-0.0214551747469933,15.3978873302221,-0.117930555847291,0.909886639311507,0.977211457657529,-6.876623299156,"LDLRAP1"
-0.0227121871336777,15.3264252827269,-0.117773192937653,0.910006239136249,0.977211457657529,-6.87664459531726,"ALDH1B1"
0.00762282161525718,18.5104681036331,0.11772045530633,0.910046321656628,0.977211457657529,-6.87665172604808,"FIBP"
-0.00916598173315109,16.618547684342,-0.117636847856768,0.910109866954718,0.977211457657529,-6.87666302421596,"LARP4B"
-0.0614455553239228,14.4709974750545,-0.117410181866961,0.910335978592372,0.977211457657529,-6.87667732750637,"HK1"
-0.0649024189365761,17.9794707989629,-0.116278856692354,0.911195407197135,0.977855589277882,-6.87682943817596,"TKT"
0.0560675002738513,15.2253358247479,0.115814933335119,0.91154787180381,0.977916718840026,-6.87689139042898,"ITIH2"
-0.0369368685620053,16.4847455035421,-0.115463277435375,0.911815056167456,0.977916718840026,-6.87693818622198,"TIMM44"
-0.0332611996506778,17.5593227499294,-0.115179662886361,0.912030552637011,0.977916718840026,-6.87697582436304,"CDC37"
0.0292837197229527,14.2571922764635,0.11389529636696,0.912954343638838,0.977942699741771,-6.87716045192981,"LDB1"
-0.0449961901540981,15.5007866620857,-0.113853606490891,0.913038227255077,0.977942699741771,-6.87715058089469,"TALDO1"
0.0256369593244337,19.6912183473065,0.113672346731785,0.913175980931925,0.977942699741771,-6.87717431198392,"TUBB4B"
0.014817657573861,16.9279099442965,0.113459367901016,0.913291109259888,0.977942699741771,-6.8772158264199,"RNPC3"
0.0178462862557147,16.8485542067194,0.113422619843744,0.913351789334423,0.977942699741771,-6.87721103822032,"DNM2"
-0.048604511398544,17.890271460795,-0.112587895604903,0.914000210174932,0.978315106004667,-6.87731550523378,"CORO1A"
-0.0985074529011847,12.1304532796925,-0.112232924635781,0.914218599059534,0.978315106004667,-6.87737632285926,"NLE1"
0.00826348615269623,19.3347511988665,0.111649261410937,0.914662547705143,0.978354821549886,-6.87745136603139,"USP7"
-0.0574792250078069,15.4945787331772,-0.111091646686864,0.915137615254478,0.978354821549886,-6.87750810103131,"ALDH9A1"
0.0133998137572284,16.4395448021379,0.110548440357052,0.915499950593245,0.978354821549886,-6.87759184101392,"MED12"
0.00718285524114748,18.3375733652288,0.110516228137863,0.915524456458426,0.978354821549886,-6.87759593071585,"JAK3"
-0.0191559702906474,16.5515631977037,-0.110474605327922,0.915598000801073,0.978354821549886,-6.87758927098196,"ZMYM1"
-0.0613887413449756,14.8512811573647,-0.110203614278107,0.915812775928262,0.978354821549886,-6.87762119432271,"LAP3"
-0.0218376489198455,14.4123571873567,-0.109534339265234,0.916271489647233,0.978442401652231,-6.87772002291013,"TAB2"
-0.0566530797725555,16.2123388669922,-0.109413145212077,0.916413824995764,0.978442401652231,-6.87772110218503,"UBE2N"
0.0102690912021792,18.2921968583512,0.109005143560886,0.916674147005239,0.978443242981243,-6.8777864457874,"MACF1"
0.0498963878070651,15.1444300165793,0.108077351210266,0.917429660042044,0.978714537218509,-6.87788830588315,"TBP"
0.0848006043494625,14.1206206395674,0.107611747365003,0.917783779313174,0.978714537218509,-6.87794610550643,"SRI"
-0.0596029642415754,14.5003448899884,-0.107377286749201,0.917962108300969,0.978714537218509,-6.87797511712258,"NELFB"
0.0971178296612507,15.0777578713638,0.107297303110092,0.918022944452717,0.978714537218509,-6.87798499969397,"USP14"
-0.0197017163095392,15.9859189238297,-0.106814209283292,0.918363109830053,0.978714537218509,-6.87805206747661,"TPD52L2"
0.0201447961229988,15.4898640509145,0.10662440215563,0.918485950312754,0.978714537218509,-6.87808130478818,"ROCK1"
-0.0173224085512036,15.3593041447024,-0.104597278744233,0.920029062858111,0.980073546786499,-6.87832725441123,"SEC23B"
0.0465927107229227,14.0432519353596,0.103679703417845,0.920748662526687,0.980073546786499,-6.87843141204899,"RCSD1"
-0.0340554298578404,16.2637242469476,-0.103712653083097,0.920750072751182,0.980073546786499,-6.87842037707873,"HMGN4"
0.0308591035199761,14.1033520425995,0.103576132939351,0.920806536716445,0.980073546786499,-6.87844936781853,"NFS1"
0.0665914049094773,15.1344590336452,0.10319144354744,0.921146697466441,0.980073546786499,-6.87848245381581,"CENPE"
0.0195943406943577,16.4329816481669,0.102795494441952,0.92144801937029,0.980073546786499,-6.87852940357216,"TRMT112"
0.0207047295729463,15.4078357238338,0.101948976877671,0.92204560789975,0.980073546786499,-6.87864148399792,"SETX"
-0.052495134553153,15.7885079946305,-0.101381173337463,0.922524450403315,0.980073546786499,-6.87869563832958,"FDPS"
0.0217642592826799,16.6248339539048,0.101249056318644,0.92262501305657,0.980073546786499,-6.87871104973072,"CTBP1"
-0.0306653106906456,15.6240291633043,-0.101224111728079,0.922644000144268,0.980073546786499,-6.87871395726024,"NNT"
0.0340511494303932,16.3657134004157,0.100831163582393,0.922943108050608,0.980073546786499,-6.87875966489717,"CDSN"
-0.0536377558185706,19.0670753569108,-0.100369967747076,0.923294182947956,0.980073546786499,-6.8788130850788,"LDHB"
-0.0437379945482554,20.1402517414899,-0.0998683160177359,0.923676075443665,0.980073546786499,-6.87887091411958,"GAPDH"
-0.0533246275785935,17.64499841177,-0.0994041686255744,0.924029436833679,0.980073546786499,-6.87892416254819,"PGAM1"
-0.021189472247638,16.8131046305089,-0.0988891847568165,0.924421522882372,0.980073546786499,-6.87898295375479,"CDKAL1"
0.049817410995221,13.6399512094249,0.0987972845082176,0.924446281285916,0.980073546786499,-6.87900497664477,"NTMT1"
0.0193227649765895,17.3791670312382,0.0987693787231169,0.924512741257977,0.980073546786499,-6.87899658732096,"CARS1"
0.0128222857132698,18.414177993399,0.0984527064936899,0.924753856412295,0.980073546786499,-6.87903254434904,"DNAJB6"
-0.0446964731707347,14.6129290780106,-0.0983827335517921,0.924807135194036,0.980073546786499,-6.87904047400695,"HLA-C"
0.0344891599063235,15.8276649115627,0.0974438299581884,0.92552207611565,0.980073546786499,-6.87914633129953,"CTSW"
-0.00970092909927089,15.9114012472862,-0.0973825770083801,0.925524161046722,0.980073546786499,-6.87916443889773,"CHTF18"
-0.0120089196286237,19.5040610999541,-0.0972594437419166,0.925662488473292,0.980073546786499,-6.87916700117407,"UPF3B"
-0.0127994696929932,17.373858153051,-0.0969411383185696,0.925886680316457,0.980073546786499,-6.87920716428864,"PPIH"
-0.0313342580386404,14.8175400670863,-0.0967916874800745,0.92600052351552,0.980073546786499,-6.87922382063221,"VPS4B"
0.0296227150223913,14.8425468752017,0.096217253014718,0.926437451640197,0.980086727074641,-6.87928776789949,"SEC24C"
-0.043380403694016,17.5229928086342,-0.0961165035889784,0.926532916523613,0.980086727074641,-6.87929425515601,"VCP"
-0.0067133611804131,20.6188603711186,-0.095141452158634,0.927232048392917,0.980359059256093,-6.87941235977803,"DNAJC9"
0.0404277052751922,15.3826798650432,0.0950956617864204,0.927310452336135,0.980359059256093,-6.87940664691576,"BCAT1"
0.0269815399926401,15.3514463076189,0.0947257139665624,0.927592249047392,0.980382051838707,-6.87944708175351,"FLI1"
0.0126962393416434,15.3206980039927,0.094262661212839,0.927901861965567,0.980434422536487,-6.87950800393107,"IQSEC1"
-0.0306572018476565,17.8256622525726,-0.0928865484457544,0.928993348183409,0.981312670958658,-6.87964576771818,"POLA1"
0.0398295252367209,14.0087127862952,0.0922762739931537,0.929416120805637,0.981484250822759,-6.87972093351801,"MMS19"
-0.0217009662274616,15.3233365468249,-0.0908592316520955,0.930514924624745,0.98178800412519,-6.87986574189553,"RBM12B"
0.0085640175609818,18.2735703988316,0.0899298277559903,0.931206050221674,0.98178800412519,-6.87996645221641,"CSTA"
-0.00620874388658876,17.336380674044,-0.0897036145938233,0.931377783616873,0.98178800412519,-6.87998998675498,"CSDE1"
-0.0434829338540155,14.0295283802989,-0.0896977191523337,0.931405841500997,0.98178800412519,-6.87998511386555,"PGLS"
-0.00705203631792273,17.3322420628668,-0.0895059579212397,0.931528519540541,0.98178800412519,-6.88001034419615,"GTF2H1"
-0.00776178968532548,17.7560927095712,-0.0892280905137952,0.931740430601576,0.98178800412519,-6.88003888711893,"DICER1"
-0.064838636211487,15.8414956511711,-0.0892726363700936,0.931747277608585,0.98178800412519,-6.88002486453731,"FKBP1A"
-0.0480424506324635,14.5361793289036,-0.0891987215318013,0.931803614275111,0.98178800412519,-6.88003246160436,"GRHPR"
-0.0312447623075052,16.5777928868339,-0.0885762641707225,0.932278058087544,0.98178800412519,-6.88009618964192,"SEPTIN7"
-0.0113947483539718,16.8779806891607,-0.0884839436808735,0.932307972087051,0.98178800412519,-6.88011489095427,"PRAM1"
0.0169680545155266,20.0263622318873,0.0867248933377334,0.933689372307184,0.982760590049902,-6.88028310468167,"MLLT1"
0.124199334126983,12.6077826687584,0.086294055209516,0.934017841559976,0.982760590049902,-6.88032603739123,"COX20"
0.0225532734494767,15.1190109803516,0.0862397073794039,0.934039194756562,0.982760590049902,-6.88033593428728,"BAG1"
-0.0272591075921493,14.7936223901435,-0.0859358130130409,0.934274258551419,0.982760590049902,-6.88036530341035,"STEAP3"
0.00767820348436743,17.6677577111606,0.0855165883917841,0.934571525025148,0.982761352953735,-6.88041164954741,"CLASRP"
-0.0305914565346281,14.2134915126546,-0.08522191690758,0.934796342623898,0.982761352953735,-6.88044056786259,"KANK1"
-0.0454389562798632,18.3845920117256,-0.0840721827562712,0.935712012278104,0.982838934549838,-6.88054405901345,"ALDOA"
-0.00889905663993318,17.2375340187898,-0.0834365937526819,0.936158582160736,0.982838934549838,-6.88061364553349,"CTPS1"
-0.00602191111683581,21.0981072983469,-0.083311346515431,0.936254157373154,0.982838934549838,-6.880625650365,"SRP14"
0.00999351021430783,16.8114940555094,0.0825075540346473,0.936867552789132,0.982838934549838,-6.88070226485399,"SUGP2"
-0.0119039057790005,15.4416668396892,-0.0824104499900961,0.936941658675906,0.982838934549838,-6.88071147027502,"CEP350"
0.0373384459112653,15.7435306146681,0.0823956099904643,0.936990638095212,0.982838934549838,-6.88070481729512,"PSMA4"
0.0158438930752745,16.3763601608411,0.0822357758350934,0.937112545231939,0.982838934549838,-6.88071997432174,"MED10"
0.010572441300166,15.549039377681,0.0820117182101982,0.937245961886823,0.982838934549838,-6.88074915647961,"BAG5"
0.0405921425885012,17.6913952916857,0.0816999500845247,0.937521238570795,0.982838934549838,-6.88077057229403,"STIP1"
-0.0293684136138541,14.8173205935481,-0.0814526492236292,0.937709870756734,0.982838934549838,-6.88079381358203,"PSMB3"
-0.0457847427517883,18.9761348522957,-0.0811768409247879,0.937920252605643,0.982838934549838,-6.88081965106974,"PGK1"
0.006688595027871,18.2116482831338,0.0810256751064188,0.937998537535893,0.982838934549838,-6.88084156933316,"SNRNP40"
-0.0211045619767685,15.3746654502825,-0.0793194201015199,0.939330948654038,0.983961566108842,-6.88099266509222,"ABR"
0.0264053290254687,17.5522181757573,0.0786851503281761,0.939821117813477,0.984175415163126,-6.88104910686855,"FDFT1"
0.0450656340529783,17.8778405974232,0.0781874093342286,0.940200887747883,0.984175415163126,-6.88109408768736,"CALR"
0.0179085202334708,14.4161078039658,0.0779868867322827,0.940318261383974,0.984175415163126,-6.88111935135508,"ARHGAP30"
0.0294340345520574,15.242033763491,0.0776654335270221,0.940599167011596,0.98419618640958,-6.88114095260323,"CAPNS1"
-0.0211322900236617,16.1135246951894,-0.0761126760667861,0.94178406646435,0.984655399542897,-6.88127851270163,"ACAT1"
-0.0385048797966263,17.382177414191,-0.0758681198636818,0.941970700710612,0.984655399542897,-6.88129992541628,"PDIA3"
-0.0157427949347539,14.5911157844299,-0.0757412963295793,0.942032892448444,0.984655399542897,-6.8813178172348,"CLK1"
-0.0310087336021851,13.2657665276451,-0.0756759860236252,0.942082765557355,0.984655399542897,-6.88132350277399,"MAST4"
-0.00937300408567765,20.4898556309649,-0.0752670068857542,0.942429460085823,0.98474475180808,-6.88135226502705,"SRSF5"
-0.0211068333189051,14.6262848446024,-0.0747985140312112,0.94275285985401,0.984809720601168,-6.8813994157,"IBA57"
-0.0218036264902643,16.8466594225067,-0.0744692615256281,0.943038323290309,0.984835035679908,-6.88142108395152,"KATNB1"
0.035350941650961,14.0931579027056,0.0739619270832693,0.943411691550501,0.98484310017347,-6.88146713807788,"PTPRCAP"
0.00600613080210977,16.6814081473281,0.0733905399506324,0.943828186343726,0.98484310017347,-6.88151937737108,"REXO4"
-0.0207117544872943,14.4118418479104,-0.0732501761759112,0.943935394927002,0.98484310017347,-6.88153121186025,"SLAIN2"
-0.0140649982802898,16.2096769725263,-0.073080692374075,0.94409097189043,0.98484310017347,-6.88154050441287,"PAN3"
-0.00759671718178012,16.2561512166596,-0.0722947676979295,0.944665161194198,0.985048069898105,-6.88161116431791,"ARG1"
-0.0184259619296103,15.9773589380404,-0.0721482432016433,0.944810032029588,0.985048069898105,-6.88161714785169,"CETN2"
-0.0321371645599609,15.9683804042511,-0.0712126975851875,0.945524262719155,0.985520174302243,-6.88169442413801,"RRM2"
-0.028243199878931,14.341837049292,-0.0684869944765481,0.947592644824279,0.986611088769325,-6.88191611689393,"PRPSAP1"
-0.0265987126347405,13.7549237443599,-0.0673644194333511,0.948432005643201,0.986611088769325,-6.88200709782862,"SMG8"
0.00785920530373829,16.5814259941686,0.0673579675404072,0.948436935941496,0.986611088769325,-6.88200759766365,"CDKN2AIPNL"
0.0148486385301272,15.2904084089698,0.0664869658186483,0.949102546046801,0.986611088769325,-6.88207463625995,"CMC1"
0.0300456052814688,16.357697680615,0.0658213432442987,0.94964128255511,0.986611088769325,-6.88212012879463,"GBE1"
0.0386629318442644,14.2580183856392,0.065626584973332,0.949790039210588,0.986611088769325,-6.88213488108366,"BAX"
0.00436429455342946,20.591878229437,0.0655742535861323,0.949800078925983,0.986611088769325,-6.88214395036234,"DDX18"
0.0223186909889943,13.4795732987114,0.0654771975438567,0.94987425608022,0.986611088769325,-6.88215126481106,"MTM1"
-0.0193784602771334,14.3742698146821,-0.0653880008907125,0.94994242701144,0.986611088769325,-6.88215797741132,"ZNG1F"
0.0221335426280156,14.9957383394952,0.0653108976134814,0.950031166383074,0.986611088769325,-6.88215870062322,"PSMA2"
-0.008109756332912,15.8895613323252,-0.0649792518271135,0.950254830331776,0.986611088769325,-6.88218862142603,"OSBPL8"
-0.0236229193293589,16.0398703002759,-0.0648492799603763,0.950383767916374,0.986611088769325,-6.8821933245562,"CDC42"
-0.0272923481629874,16.0879912948275,-0.0648098276465374,0.950413903700862,0.986611088769325,-6.8821962723271,"ALDH18A1"
0.01063384958724,14.8490001777965,0.0647027503737465,0.950466163436042,0.986611088769325,-6.88220924199701,"SEC24B"
0.0206951233306114,15.9984420168321,0.0647018119600203,0.950496412310395,0.986611088769325,-6.88220433380271,"PSMC6"
0.0241733297198827,15.5347394809869,0.0637874547499464,0.951194877858567,0.986960100593204,-6.88227203657003,"BCL7A"
-0.00855116895485786,15.6356997142694,-0.0635382722307878,0.951356234895412,0.986960100593204,-6.88229512129541,"NUP153"
-0.0187487183197277,14.9984571654706,-0.0610358779488363,0.953292247911086,0.988696499209022,-6.8824707344794,"PRPS2"
-0.0128373313581331,15.8312003088378,-0.0603576733986369,0.95380395415243,0.988835460482462,-6.88251919623073,"CHRM3"
-0.0100415612669984,16.4616319448944,-0.0601649828111976,0.95395081426385,0.988835460482462,-6.88253263370151,"PTRH1"
-0.0101251533624946,17.3178290126517,-0.0593703220980232,0.954569723885128,0.989205018979365,-6.88258554551007,"ERLIN1"
-0.0147890144432097,18.6352974072685,-0.0583321851385238,0.955363049782765,0.989402780739226,-6.88265596812646,"DDX39B"
0.00797145417048029,21.7788980974032,0.0582835966739461,0.955400181606147,0.989402780739226,-6.88265923375607,"ARPC4"
-0.0290838755455809,14.8351047024105,-0.0580903231235727,0.955547884528255,0.989402780739226,-6.88267219675636,"PSMD14"
0.0135503538750861,16.0203140553038,0.0571808876993185,0.956242916308298,0.989850575091236,-6.88273261592978,"ZCCHC9"
0.0241518113861758,18.0182237966953,0.0557718504726215,0.957319849330306,0.990693338450523,-6.88282434581617,"ANP32B"
-0.0316509876152509,17.5729814316352,-0.0551179358162857,0.957819672664821,0.990693940577571,-6.88286613969111,"MDH2"
0.00387512056824946,20.1585797909637,0.0550506410733062,0.957845998250728,0.990693940577571,-6.88287401928198,"POLR1G"
-0.0128315195456352,16.3096095919271,-0.0543603659793945,0.958398751636563,0.990993772262711,-6.88291394282638,"CTSD"
-0.0301313489597348,16.3593262148626,-0.0528598797108535,0.959545790279626,0.991350409092553,-6.88300667347878,"TAGLN2"
-0.0045870493296789,18.4128272581776,-0.0528269144657085,0.959546896032275,0.991350409092553,-6.88301200319423,"CHD1"
-0.0264736003956738,14.5436929907731,-0.052671049141323,0.9596901483601,0.991350409092553,-6.88301815959242,"LNPK"
0.0239732872741278,16.3351339457027,0.0523249353491872,0.959954751394692,0.991350409092553,-6.88303910624743,"FUBP1"
-0.0056977474032216,17.0356944370209,-0.0521373576081528,0.960074376185734,0.991350409092553,-6.88305363628926,"PHF2"
-0.0109064849185287,18.0842739367152,-0.0518453474318628,0.960321404245624,0.991350409092553,-6.88306790265346,"RAC2"
-0.00764116471933463,17.8219432945695,-0.0505615325479239,0.961302953830926,0.991689466823998,-6.88314368435099,"RPS21"
0.00588231138823936,15.8676959992647,0.0504401411742671,0.961372764139632,0.991689466823998,-6.8831537803631,"LARP4"
0.00937780642218833,14.9785432420231,0.0501634963154372,0.961584412651412,0.991689466823998,-6.883169789924,"TBC1D10A"
-0.0100675198403017,14.7530695619073,-0.0493395025289424,0.962214833312051,0.991689466823998,-6.88321695354735,"MRGBP"
-0.0194923883461833,13.9341144659032,-0.0493337702657612,0.962219219053376,0.991689466823998,-6.88321727891596,"DIS3"
0.0100361661743271,15.5481905414119,0.0493221166875532,0.962228135183603,0.991689466823998,-6.8832179402675,"GSE1"
0.0341516645515778,15.4748184142039,0.0481128505152309,0.963175314888012,0.991825267346228,-6.88328296254465,"ERP29"
0.00255605901627831,18.2951169370898,0.0478431022409347,0.963359774163758,0.991825267346228,-6.88330060846903,"DHX37"
0.00827367072784213,17.0961411614588,0.0478385261904411,0.963385090579312,0.991825267346228,-6.88329813554796,"MRPS12"
-0.022923753778441,15.7890093533029,-0.0475320477654546,0.963619458288765,0.991825267346228,-6.88331498447852,"APEH"
-0.00698716763856666,16.9584610507269,-0.0466933540536869,0.964252097185248,0.991825267346228,-6.88336160521557,"MYO9A"
-0.0141315387407044,14.1242898816906,-0.0463190981489192,0.964525933438622,0.991825267346228,-6.88338316058898,"RAB27A"
-0.00937715245525794,19.1723444831178,-0.0462841261607032,0.964573799629604,0.991825267346228,-6.88338247275868,"RPS29"
0.00341886177551842,19.3089044484325,0.0461151434316206,0.964682005759146,0.991825267346228,-6.8833940057982,"U2SURP"
0.0171665918423987,14.3003252929072,0.0458788971173608,0.96486537414298,0.991825267346228,-6.88340619891655,"TOMM34"
-0.00461333996398494,16.3352165923065,-0.0457117004339835,0.964990737566568,0.991825267346228,-6.88341531784369,"DEF6"
0.00965554044378436,16.5891603681548,0.0451228945549778,0.965461902971653,0.991939672079772,-6.88344366126236,"MPP1"
0.00649160630306866,15.9614357697536,0.0448786098356827,0.965628274942378,0.991939672079772,-6.88345873399223,"ARID1B"
-0.0193845705491054,14.3988092159605,-0.044165332486673,0.966194281850465,0.992250733472147,-6.88349294907125,"ECPAS"
-0.016189446145777,15.9289249217527,-0.0437029964367402,0.966547906522327,0.992306552063067,-6.88351636832624,"ATP6V1A"
-0.0128303250983777,16.1900304430097,-0.0428729079565526,0.967182832993553,0.992306552063067,-6.88355779770792,"LTF"
-0.023110494958253,16.9839435900867,-0.0427123705374713,0.967305629531638,0.992306552063067,-6.88356571844277,"HYOU1"
0.0215018924385255,15.2222253519545,0.0423960445155311,0.967547593061993,0.992306552063067,-6.88358123870403,"PSMA1"
-0.0181132330401663,15.1791111139469,-0.0423736919581055,0.967564691083245,0.992306552063067,-6.88358233105123,"KIF18B"
0.00252184219224105,17.6689626367592,0.0419966276979146,0.967833973451951,0.992312776696724,-6.88360277171386,"CCDC47"
0.0184277880913388,15.9214244847816,0.0414014381519824,0.968308410066486,0.99243114538952,-6.88362928697986,"NPEPPS"
0.00398780658877129,16.8024339949737,0.0402605219562932,0.969162837166998,0.99243114538952,-6.88368493027564,"RAE1"
0.0280339946345567,12.6176561988042,0.0402030643848456,0.969206818665063,0.99243114538952,-6.88368759011198,"DPY30"
0.00452115805549269,22.2171565313236,0.040012251850994,0.969367512483208,0.99243114538952,-6.88369486616377,"RPS23"
-0.0136576879302943,16.5855817457046,-0.0395816594147904,0.969700530613507,0.99243114538952,-6.88371424745576,"SEPTIN2"
0.00592280566892356,16.2511387926119,0.0393824003202584,0.969835017352896,0.99243114538952,-6.88372516605916,"DYRK1A"
0.0124906276393695,15.7209517848978,0.0393363153179242,0.969888226529242,0.99243114538952,-6.88372540995788,"DHFR"
-0.00633373806286919,15.9921476982565,-0.0390945351559278,0.970055376859517,0.99243114538952,-6.88373816311699,"TMEM160"
-0.00964829278689017,15.7617633008125,-0.037794123380636,0.971068099440724,0.992564698820936,-6.88379398707972,"PDHA1"
-0.00272227483261389,21.6261347843925,-0.0376799401388009,0.97113828456537,0.992564698820936,-6.88380064693678,"PRPF40A"
0.00667049045780033,15.9722654404126,0.0376675511015967,0.971149744583121,0.992564698820936,-6.88380098959434,"PRKAR2A"
-0.00333628363063809,17.9064019678009,-0.0372066231718407,0.971500635596394,0.992564698820936,-6.88382103987059,"RIOX2"
0.0121015657650183,14.3196623652777,0.0366533090777928,0.971924238372527,0.992564698820936,-6.88384455281949,"LATS2"
-0.00722463859415257,16.4669150279158,-0.0362993491774073,0.972211771326656,0.992564698820936,-6.88385783972516,"RBBP5"
0.0205833255817041,20.4662013762515,0.0359233030361846,0.972499500795532,0.992564698820936,-6.88387349796427,"ENO1"
-0.014378916027848,14.2563674864029,-0.0351516396640367,0.973081787050974,0.992564698820936,-6.88390586911782,"OBI1"
-0.00288352671823233,19.1770449265146,-0.034889876929554,0.973274341742168,0.992564698820936,-6.88391713992186,"RPS19"
0.00711033069578804,15.1401653467869,0.0348495356814169,0.973305228601352,0.992564698820936,-6.88391875861547,"PWWP3A"
0.00322347410941859,16.6985845519759,0.0340708490726639,0.973901431768164,0.992564698820936,-6.88394963663619,"TAF9B"
0.0109865530019295,15.4279199007241,0.0340644076701374,0.973921889138232,0.992564698820936,-6.88394850651683,"DR1"
0.00268475577051319,17.1257133522077,0.0336495636727743,0.974223997582558,0.992564698820936,-6.88396605152692,"CIRSR"
-0.00972491997642067,16.5992299053362,-0.0335081535594587,0.974347543954522,0.992564698820936,-6.88397017775601,"ACLY"
-0.00267764802051929,21.2343381974521,-0.033430152111951,0.974391996657826,0.992564698820936,-6.88397451978836,"HNRNPK"
-0.00238611371031539,17.8946231452619,-0.0334217953215689,0.974398395314664,0.992564698820936,-6.88397484122668,"TAF6"
0.0206307831804935,16.5039963302792,0.0321168982001201,0.975412195628591,0.993075408283504,-6.88402281841453,"AKR1A1"
0.0102734704709313,17.2538437345252,0.0320980911380723,0.97542658803019,0.993075408283504,-6.88402351472918,"CCT3"
-0.00618717695195237,15.7002237505974,-0.0312657130559455,0.97605150766977,0.993366418094268,-6.88405491218722,"TPM1"
0.0210651566813205,15.10061476697,0.0310359678957591,0.976239410885746,0.993366418094268,-6.88406217716905,"LMAN2"
0.0060959135740184,16.4823172085068,0.0294318281983023,0.977467087532534,0.994347253102443,-6.88411810434718,"H4C7"
0.00843170867405618,15.2947175159396,0.0276454222964829,0.978834335064856,0.995245515069874,-6.88417689482412,"CNPY2"
-0.0148100081128888,17.2410350866897,-0.0270925122882144,0.979257527660152,0.995245515069874,-6.8841943454676,"GPI"
-0.0102915248973279,15.5575781961295,-0.0267800403041401,0.97949669432279,0.995245515069874,-6.88420405166087,"SUGT1"
0.013872095322121,14.4596584835547,0.0261645973457454,0.979967762350566,0.995245515069874,-6.88422283971814,"SGTA"
0.00238667296125783,17.0952544178045,0.0260167067121807,0.980069106293611,0.995245515069874,-6.88422809617672,"RO60"
0.00411453659073757,16.2738343803519,0.0259695759901866,0.980106384012119,0.995245515069874,-6.88422942580377,"CEBPZ"
0.00289892143309878,15.9945741002143,0.0258483645385503,0.980198036460064,0.995245515069874,-6.88423312010897,"SNRNP48"
0.0156797166989957,15.6558124828464,0.0245477447495371,0.981205363885592,0.995254737809157,-6.88427011785339,"GOT2"
0.00177091579694633,18.5729750391855,0.0244128934711862,0.981297463344365,0.995254737809157,-6.8842746352533,"NOL7"
-0.00223817417698768,18.2512451764987,-0.0244082510272438,0.981301019064963,0.995254737809157,-6.88427476567083,"PIP4K2B"
0.00630840372530983,16.8671239598058,0.0241870216760486,0.981481483224988,0.995254737809157,-6.88428025446167,"C19orf53"
0.00568330538301609,15.0014093089802,0.0236712305767937,0.981865520464579,0.995254737809157,-6.88429515589165,"USP51"
0.00229240135189457,16.0567371400216,0.0235312381646833,0.981972745270018,0.995254737809157,-6.88429895825247,"RIPOR2"
-0.0228828191414436,14.6227485881979,-0.0231928821935522,0.98224247233908,0.995254737809157,-6.88430741408202,"ECI1"
-0.00215769486883843,16.1421759327046,-0.0230790862188179,0.98231906615063,0.995254737809157,-6.88431108520381,"PPIL4"
-0.00736868249279254,16.5851880739327,-0.0226406983650443,0.982665164250498,0.995337901457383,-6.88432200734109,"NUDC"
-0.00838146986237831,17.8463619989932,-0.0217605874078871,0.983338894189672,0.995752788368268,-6.88434454039896,"CSE1L"
0.00904303137755669,15.1346056072503,0.0209358525012211,0.983970247104696,0.996014161548092,-6.88436484506691,"ATP6V1B2"
0.0110574247586754,17.609481920176,0.0207331813444592,0.98412539834659,0.996014161548092,-6.88436971470641,"TPI1"
-0.00337504665371924,14.8192439162832,-0.0201803739906415,0.984539399654728,0.996165737170779,-6.88438324188292,"EXOC4"
-0.00345902474680315,15.3821775521815,-0.0190454173275818,0.985408787453549,0.996417454230056,-6.88440886001155,"NCLN"
-0.00159860875418616,17.7607445470248,-0.0188998592975135,0.985520287923034,0.996417454230056,-6.88441203829108,"MCM7"
0.0036972212625912,15.0239169895803,0.0186880497330425,0.985682539078142,0.996417454230056,-6.88441661962992,"CPA4"
-0.00226937843912722,16.149191299605,-0.0182580836105741,0.986011905623859,0.996417454230056,-6.8844257608205,"ANKRD12"
0.00727944163750394,15.997091158161,0.0178001894462048,0.986370778609686,0.996417454230056,-6.88443488410347,"DECR1"
-0.00230850160531659,16.3193239233062,-0.0177854121398822,0.986373989174156,0.996417454230056,-6.88443556445256,"GRB2"
-0.00547555974221225,13.6837734000072,-0.0170444074705619,0.986941632809238,0.996489191027196,-6.88445041609239,"YEATS2"
-0.00216253948859801,17.0817412995487,-0.0170050220372838,0.986973644375477,0.996489191027196,-6.88445110592699,"ARID1A"
0.00633944802003938,16.4681896588959,0.0157244566148966,0.98795995978861,0.996981016433535,-6.88447501123496,"EIF3J"
0.00790948627847676,13.8889074917278,0.0154208393334809,0.988189424998171,0.996981016433535,-6.88448058477684,"CDS2"
-0.0039283473694347,14.8180035234964,-0.0153311123942177,0.988254126899766,0.996981016433535,-6.88448233544398,"MRPS24"
0.00442347056004522,14.9821919637356,0.0140079434741117,0.989274168356551,0.997435267116347,-6.88450444080611,"USP47"
-0.00544374992279373,14.853593010915,-0.0137478438522065,0.989473310937477,0.997435267116347,-6.88450860376591,"NME1"
0.00283901782698415,14.8197704346951,0.0133682741908797,0.989757836062018,0.997435267116347,-6.88451475195382,"FRMD4A"
-0.00342721107817034,15.7116227329736,-0.0129843390704804,0.990057885198205,0.997435267116347,-6.88452037321495,"NOMO3"
0.00627543688399079,15.5828392486865,0.0126201155156003,0.990336753851693,0.997435267116347,-6.88452575089033,"PPP1R8"
0.000769129224540421,17.7753141009769,0.0118931232642406,0.990887963831572,0.997435267116347,-6.88453619597909,"IK"
0.00219662550950517,15.173859441995,0.0116585933731949,0.99106764170748,0.997435267116347,-6.88453937457105,"CNOT11"
0.00377277419333666,14.4394314267511,0.0108658554359334,0.99167587413235,0.997435267116347,-6.8845496244836,"GOT1"
-0.00693471132223067,14.7158455186009,-0.0108209420055382,0.991714316522064,0.997435267116347,-6.8845500708663,"PGM1"
0.00216631711198012,15.5532922547721,0.0103818004588744,0.992046371289008,0.997435267116347,-6.88455555382312,"ADAT3"
-0.01734576472942,20.3042898196225,-0.0102912202044319,0.992119911706904,0.997435267116347,-6.88455651991102,"SAMD4B"
0.00486533769822728,16.0945494429449,0.0099739269930873,0.992362856695249,0.997435267116347,-6.88456022779391,"MCM2"
0.00311318907750824,13.7069310971519,0.00978599278408761,0.992502296691628,0.997435267116347,-6.88456248342822,"NUP54"
-0.0176879149853217,14.1640478574542,-0.00958516226140461,0.992660527198209,0.997435267116347,-6.88456461261081,"TRIM41"
-0.000822476293446783,16.554540765835,-0.00956321344437466,0.992672976716322,0.997435267116347,-6.88456496401998,"MTSS1"
-0.00122972561024781,16.8952965978594,-0.00918234976860005,0.992965826567214,0.99746367337021,-6.88456904721291,"CC2D1A"
-0.00169771500101135,17.1481398090404,-0.00824222005175402,0.993688804683734,0.997777892034454,-6.88457841842491,"YWHAG"
-0.00343883426867642,14.0364395262205,-0.00808180352653689,0.993807953471982,0.997777892034454,-6.88458000636856,"AGMAT"
0.000925950672606035,21.9365286279013,0.00651363961906311,0.99501238073729,0.99825202191502,-6.88459312708191,"H1-4"
0.00311614966356544,14.320753118823,0.00635304019507824,0.995135352855968,0.99825202191502,-6.88459431868162,"PLAA"
0.00211659341170289,15.2770009281683,0.00584302092492821,0.995525879182236,0.99825202191502,-6.88459790564043,"MRPS11"
0.00264659927348987,17.4093489322229,0.00498769341736001,0.996180814105041,0.99825202191502,-6.88460324771953,"SET"
-0.00230278912923687,13.63917833993,-0.00487259531208695,0.996266726865034,0.99825202191502,-6.88460393048451,"SLX9"
-0.000738383642419294,15.9917402598371,-0.00469184476034983,0.996405212675336,0.99825202191502,-6.88460492534336,"APOBEC3G"
0.000480300238645981,16.5311090682281,0.00460037870088379,0.996475291359493,0.99825202191502,-6.88460541444824,"NCBP2"
0.00174884899063166,14.8066249852502,0.00444720633060777,0.996594673511391,0.99825202191502,-6.88460618837339,"LEMD2"
0.00104405216609038,18.8531832264378,0.00435759306244607,0.996663291906667,0.99825202191502,-6.88460664337537,"CFL1"
-0.000449598782427785,17.2806995010322,-0.00301852526804809,0.997688642131495,0.998873137201212,-6.88461233914394,"EIF5"
-0.000780421272295939,15.6908337739971,-0.00285569493363555,0.997813324854049,0.998873137201212,-6.88461289072307,"YWHAH"
0.000587110982014138,15.2818132333038,0.00167622144755118,0.998716475089682,0.999511842603691,-6.88461597314856,"PKN1"
0.000355694748780166,14.8191569010178,0.00118739227430864,0.999090508106385,0.999620810923851,-6.88461678122966,"ATP6V1G1"
2.97970887928045e-05,22.136736851382,0.000445945386793136,0.999658325097365,0.99986592095294,-6.88461747896939,"PABPC1"
-2.59563407194463e-05,15.3342152179133,-0.000174996554008569,0.99986592095294,0.99986592095294,-6.88461757578874,"GUF1"
