"","rPAL_aa_1 MaxLFQ Intensity","rPAL_aa_2 MaxLFQ Intensity","rPAL_aa_3 MaxLFQ Intensity","Sial_aa_1 MaxLFQ Intensity","Sial_aa_2 MaxLFQ Intensity","Sial_aa_3 MaxLFQ Intensity"
"TMA7B",12.4394552825657,14.3806111576326,12.586625665998,13.6859734550497,13.5219751727994,13.2808780404924
"ESYT2",19.8751846384358,19.9269045960347,19.8749467478608,19.6969278054033,19.8500493010175,19.9097042343739
"MED19",17.3989492279441,17.6349370819987,17.4759016163305,16.9157558119784,17.5248917409799,17.3347117508886
"IGLC7",15.4431514123979,15.026687907558,15.4972785673174,12.4043674191427,9.57686140644058,15.3957426390961
"ARHGAP10",15.8557387913813,15.7371446783537,15.8003558805082,15.4883707118526,15.5294633145674,15.3806352359203
"HACL2",14.2879227637231,14.4765301631649,14.0491014040626,14.3311065134024,14.3735269594828,13.9743524744237
"PLEKHG3",14.8527214398386,15.0462888880208,14.5175801395298,15.445910107527,14.6165495329644,14.7286136173957
"ANKRD18B",17.5685532880041,17.2591938560434,17.3866290161599,17.5764950494616,17.5202093658097,17.4756566527763
"PIPSL",14.9359764754871,14.6780125767575,14.7337795907711,15.2961781134221,14.666337249919,14.8744006574407
"TARS3",14.9904813452223,14.9718852823982,15.2014794884618,15.9540900495116,16.0945420650133,16.0074587665636
"DENND3",16.5704011132305,16.7584381556941,16.6177240006814,16.3267479207277,16.7014730473338,16.6328567864907
"VWA8",17.176676897766,17.5390434448236,16.7812065215077,16.7323734837342,17.2995617609089,16.1872370381216
"SBNO1",15.7809929477643,16.21629437707,15.8496266197337,16.1570730286479,16.1867777730874,16.2325018741281
"GTPBP10",14.1215621702223,14.6523002191858,13.7400828269461,14.8646951872584,15.2367762354203,15.1234607333539
"CTAGE9",13.4521042757279,14.1666942645155,12.9118287190053,14.0674773855029,13.6537574578126,13.3876506434908
"POTEF",12.0347539206324,11.8859192799529,14.4216398334751,11.9569771164846,13.580184475527,11.3999431248773
"CNOT1",17.6481020119027,17.7756238471111,17.7888591343641,17.3445439365046,17.6888820329788,17.5726913457863
"GOLGA8O",16.0554353917106,16.2934323118708,16.1211275403615,15.7807491542535,15.7451494975956,15.8385297544664
"RBMY1B",16.3416624948964,16.0070590314223,16.2290715156754,15.959831656665,15.8596594298885,15.9514121747221
"ZNF316",15.2855550202658,14.8001552621816,14.9673173702218,15.026046715926,14.866364311902,15.272064754853
"TCAF2",16.526065754195,16.8371260806986,16.6708237148293,15.5414946329233,15.7608870222491,15.7966383338583
"DDTL",13.4915308334003,15.1326360803582,12.905923214829,14.3391509585695,12.7703587665377,12.6225955338275
"SMCHD1",17.2678559795882,17.1898566926088,17.1307915430162,17.2566200279972,17.2295792861788,17.3389679645836
"METTL15",13.8947317597534,14.3828825538132,14.3368379064646,13.5631816115763,13.9209147866022,14.7085105850635
"UNCX",15.859540124655,15.9923238830627,15.9156681769428,16.1402310527049,16.5980247221973,15.6048333784427
"CCDC85C",14.6813662454128,14.7373065032985,13.9760450357151,14.7163096490179,13.850584676672,13.9192104557614
"POM121C",16.817358318429,16.6543280693202,18.229653446276,16.450715422296,16.4804523611619,17.3393768192817
"A2ML1",15.9558766728669,15.9540950264039,15.6378062379711,16.1586860098752,15.736654206475,16.0508132843203
"PHF20L1",16.2620904397393,16.1778146521287,16.3560860228973,15.9430277052257,16.3171380544201,16.2254669209383
"SNRPGP15",18.0956775870848,17.9739504524314,18.5380956983899,18.6511941844827,18.6291624944056,18.8966097185356
"TTC34",15.4064671146184,15.6169587647785,15.0762298007238,14.8390952570441,14.3504881998241,14.7287189366665
"MYO1G",20.3726444671723,20.398687126831,20.4378927504969,20.3185834096428,20.2869904005642,20.096251757368
"MYO9A",17.2493808955228,16.8016422591368,16.8138792460633,16.8671078536377,17.1061763502499,16.912579699751
"TDRD15",15.1344282054139,15.626540549812,15.1984024506243,14.9089555710806,15.2650106228701,15.388502834697
"NACA",18.5524860625806,19.1947406257428,18.5628761327775,18.6676436650873,18.6183944645837,18.7920772588402
"C11orf98",21.2145761476905,21.2285094077747,21.3465062667216,21.3136204360426,21.2644881304468,21.3228205875895
"CNK3/IPCEF1",13.4996925676801,15.0333581269836,14.3227019202943,15.265777135476,14.8997119351755,15.0539682931561
"GOLGA8T",15.0322205414903,15.9116928690562,15.1221195740904,14.4134015646837,14.7510506634027,14.0966855097653
"AGPS",14.4816054618984,15.3452853405811,14.5092806630089,14.6012057614752,14.5414741841034,14.4554216243432
"KIF2A",18.8693470155407,18.7239312644358,18.8249710740173,18.823959222177,18.8408164253494,18.8176512974855
"DDX39A",16.9891337950282,17.5331165399878,16.7061128457425,16.9903265527924,16.8299950725663,16.8914665364623
"ACOT7",15.2039491153846,15.8029783665294,15.2098683549227,14.0657930845979,14.5296400371932,14.376283463735
"MYO1C",16.7886593320666,16.9590564832724,16.7465161580962,16.8397457674256,16.8750372817306,16.7076474858776
"SNAP23",15.9394711596452,16.2831616220668,15.9523939522587,16.5264883883174,16.2096186142009,16.3771359530595
"HAX1",15.5449895397134,15.8037926481357,14.8195383430022,14.884821064135,15.3211553275846,15.1540189188643
"AIP",15.1345056165319,16.3283672630854,15.0563352169683,15.3731804451765,15.3950607906542,15.3823073891615
"GTPBP1",18.0970694029684,18.0622810288928,17.9925357739303,18.2680548001349,18.3488899504877,18.3645189143096
"SMAP",14.9377919094241,15.1798558430138,14.973752694859,15.1165372011952,14.8756933009763,14.839909705125
"RAB27B",15.6237817184417,15.8836128220998,15.3877009209315,15.0813441217515,15.5539619129221,15.5957910493737
"AP3B1",17.7173057156886,17.9088404613413,17.9354202663432,17.6846874020926,17.794658909732,17.9767098287039
"NDUFS8",14.163664690909,14.3662567040206,14.120928355346,14.6306796222189,14.6149923978947,14.6493299498093
"PSMD11",17.745847875994,18.9633759053085,17.5991819266825,17.5127222561932,18.0039619881058,17.5638313491108
"PSMD12",14.7950568032879,15.1087923236512,14.6748478545249,14.4236488759491,14.5017316528752,14.0966855097653
"PSMD9",12.3671650256829,14.6174806088198,10.9477718033276,13.8909821204272,14.1400410405881,13.1111128426009
"MEN1",14.0719737850566,14.0784705741441,14.4833952237648,14.6910575526248,14.3417893379492,14.6202494994412
"CBX4",15.8935898324688,15.3967810269735,16.0231981640796,16.0771721775098,15.9912778037737,15.9983335634443
"SUPT5H",15.3629485688973,15.3295426252203,14.9456464725148,15.0818580441085,15.5280226479581,15.3989864583853
"TAF4",18.105329088643,18.312623883838,18.2249389122614,18.0460290432369,18.2505765585096,18.1751338310003
"CLIC1",17.2997161103625,18.9218321351671,16.0833968437051,17.0417001075461,17.4142014489116,16.3636055538526
"EIF3F",17.3617681881057,17.6500022182623,17.5133632836452,16.7206743248979,16.8272010181925,16.8200994768454
"WWP2",15.0616525987625,14.8405304553933,14.8475041540337,14.235741258762,14.5413456160957,14.2680162448022
"CDC7",15.3503543489975,15.1746666979925,15.0671034390854,15.8067733895092,15.5661590127798,15.9981295980683
"IPO5",16.0964066548616,16.9565342950412,15.9446216381582,16.2067904073949,16.2867618714796,16.2613082270573
"POLRMT",16.5620494168574,16.4312987760031,16.6062851228867,16.5653472680671,16.6411120383601,16.7312739461006
"EEF2K",13.6084469297709,14.2241104602796,13.743716388123,13.0955514728361,12.712535048533,14.0513284240222
"SAP18",17.4518445670504,17.6888304810204,17.5354868073343,16.9456669540062,17.2067164932895,17.0618512797568
"DNM1L",13.8128311543371,14.9087298920049,13.536154797667,13.9066546355619,13.995608530485,13.6531162368916
"RTCA",14.2795262859693,14.5116842847069,13.9699691484109,14.5074847148276,14.456843167191,14.2720230368508
"GOLIM4",14.2255629445474,14.9790037224795,14.1316352995905,14.3981564554139,14.2396151607183,14.022048199868
"PLOD2",15.0647920155785,15.078193472374,14.8922463355024,15.1487929314675,14.901137382245,15.0647107718584
"EXOC5",16.5482323524675,16.8012150001617,16.3592044323572,16.6983362420493,16.701635485088,16.4833240173005
"HMGN4",15.6171899884279,16.1899916850494,16.9329079225787,16.1439204572578,16.4429447913717,16.255390637
"COXFA4",15.7224662913048,15.8225549729678,15.9179732247887,16.2211416853587,15.8157941992221,16.1974478560244
"PSMD14",14.5912542122558,15.8457164343736,14.0247176472838,15.30567240269,14.7566746832915,14.4865928345685
"ZNF593",16.2730084135785,16.4257405881992,16.8837471662665,16.7141197862525,17.1566440504047,17.3342187187495
"BIN1",14.4830917294131,15.0800131974389,13.7465385174187,14.4873081554857,16.6502159514041,14.6905004146844
"KPNA3",17.8507162846885,18.2643566902373,18.323761118008,17.8284359606269,17.8248931879751,18.000760485672
"STK25",15.4143427862961,15.4774966847,14.8053879903501,15.4978521487368,14.826389740395,14.7655072936241
"KRIT1",15.2407837684259,15.2399262755534,14.8434033974714,15.1899701874563,15.3592404374027,15.12125416239
"PES1",18.8804604381061,18.9371274567728,18.9139456108647,18.8633350015377,18.9638059294277,18.8653150154307
"EBAG9",14.3171871750519,15.0652859462765,13.6898121205032,14.2671974365512,15.018808274591,15.0513966592238
"SDCBP",17.0698523013927,17.1858865752924,17.0408447110457,17.490733148548,17.5179888018413,17.4542138142343
"MPHOSPH10",19.5056772484744,19.2797860288829,19.400835460157,19.2348063237071,19.0946377782752,19.1827034983164
"NOP56",19.7125639432341,19.6590107320378,19.6864712891684,19.4623264062613,19.4994927671757,19.5526902024479
"DDX3X",20.1215018993572,20.1452556493265,20.1534642058451,20.2850551496435,20.2242994405726,20.1929343753482
"KPNA4",15.2796781513944,15.8045539893532,15.4349793466777,14.9854850872862,15.3745059945647,15.1817153696306
"E2F3",14.8508958972558,14.5322277672927,14.3748820353788,14.7988494364359,14.6900974152668,14.7972912305112
"PPP6C",15.2159106112412,15.5095340093527,14.971525502188,15.3107430585233,15.411863144809,15.0730737678629
"SCD",15.4433683650103,15.442527572836,15.1474158193924,15.684890165877,15.6555385492854,15.15944723056
"ARID1A",17.2210193033002,16.8771452310073,17.1438155551056,16.9920287330586,17.0038518875681,17.2525870872522
"CDK2AP1",13.3007299170206,13.6129284356028,13.3258364258362,13.9081652582906,13.4958130642328,13.5999226026554
"COX7A2L",14.1354833499266,14.0602417253277,13.5236811547905,11.3362957372453,15.2060967056678,12.7055051453744
"CIT",16.2145538204809,16.1655474084731,16.111828480115,16.1474847857229,15.9383255396347,16.1954106582507
"COPE",16.9632368072053,16.6230552808558,17.025156003647,17.0057119301161,16.9852618167834,16.9614278756413
"EIF1AY",17.5623165190688,17.9805463942022,17.7945318723197,17.6523552640673,17.5548825137067,17.3510165924584
"UTY",13.8374785316051,14.6045331915088,13.1650632206446,14.2768830749847,14.3163037377637,14.2277306234859
"AP3D1",20.9894572848523,20.9048600839452,21.1108266002927,20.9425220938091,21.0270876278783,21.0043773965234
"ABLIM1",16.3808557094176,16.4963380246935,16.4251109762081,16.3141884599512,16.0949481712981,16.3014917294229
"DVL1",12.7728671542386,11.8190338476595,12.5001547182956,13.8783339429576,12.9621149967209,11.7025841894768
"CHD1",18.5343607186039,18.249693327796,18.4475471541385,18.4661603643712,18.396940365404,18.3822616187522
"CHD2",17.7449889046951,17.3140051052043,17.6263226282994,17.6739233656548,17.5140832610534,17.5598563108601
"ADAM10",14.808752911986,15.3471354982358,15.1624570259063,15.1325657980862,16.6502159514041,14.8440902911543
"MAP2K7",15.976481112364,15.9309221894991,15.9493840516606,16.1647264606929,16.0637824586253,16.2469865926463
"PDCD5",12.560117608187,14.6377650383359,14.4824051853192,14.8380661936154,13.7550440361018,13.3602244790566
"PRMT5",19.7639693003582,19.9579967584042,19.7663176417266,19.2157557494054,19.3290581010734,19.3088376970204
"NHERF1",16.9563515388319,17.9909036878364,16.9728835583279,17.1863291959238,17.0335258139864,16.9219457424595
"CHEK1",17.0664832030122,17.0952121821341,17.1696529833264,17.5464607303071,17.4038996997928,17.3152427179686
"TPP1",14.2679722220907,15.039927760227,13.6965584511628,14.9783482653762,14.6613517941061,13.9933403659068
"TCERG1",17.1217768261514,17.1055261420829,17.0090735542968,16.9860106594989,17.1282499367359,17.0846665066825
"TNPO2",14.0119808213083,14.1360478789543,13.7702895446811,14.7166660650327,14.4320787178031,14.6497079034501
"POLR3A",15.6881256527104,15.3184240747997,15.6343263842922,16.0648062432826,15.9579353146688,15.9753277715683
"PSMA7",16.0079076520783,16.7171401451304,15.6501135335004,15.922488772685,16.0320868490096,15.8577887428156
"SCAMP3",15.9698487572916,16.233994381313,15.8940151404194,16.552163987795,16.2477120867367,16.3808340693386
"MGST3",15.5817263705743,15.4401043495218,15.5221864155658,15.6280060230903,15.9317599157046,15.8566032769247
"GEMIN2",17.4427010506315,17.5751789860298,17.9611899393315,17.5343879258722,17.6461770750563,18.0540623894972
"IKBKB",16.1324900098797,16.6948270187678,16.3700985357632,16.0339771126757,14.9019923896192,15.5582256839282
"TIMM23",16.7519518253622,17.5570976263368,17.3348136010829,17.4782300560421,17.338617139458,17.3155847681193
"HAT1",16.9837104227775,17.5622467477674,16.9395441496594,17.5301517823664,16.9828713921753,17.1203462293275
"UQCRQ",15.427119070473,15.6668217650664,15.537933806182,16.210915767057,15.9335826884959,15.6539459518888
"MYL12B",22.3033670248686,22.5842294391083,22.6170714712019,22.3848239242696,22.4271735606903,22.1336738951872
"AURKA",15.6253015152688,15.6943970122844,15.7001972075138,15.6177223651976,15.7350283230486,15.8166945454658
"PPP1R12A",16.3085301276424,16.2919564907011,16.0971794060772,16.2634505896755,16.1575608918896,16.033264251609
"SLC27A2",14.4066277450865,14.6645079511323,13.9936132469988,14.8819918079353,15.2322726250746,14.667002847856
"GAK",15.3366463733928,15.3684643777415,15.0615735827712,15.0463660595701,14.6610419240007,15.3053619308874
"HNRNPDL",18.1772090420081,18.3140885075003,18.6495307342218,18.8300663993995,18.8794933296361,18.8708552461812
"XPO1",14.9545543946273,16.1170469616047,14.7081104838723,15.1354098958206,14.8911787834677,14.6528003361334
"ZNF609",15.465477859745,15.5848481712973,15.0113521927161,15.2387743974955,15.4092026309302,15.2562355987266
"MAST4",13.5040991981722,13.1166428670811,13.1300444172787,13.5090680197748,13.4952164630594,12.8395282005044
"SEC16A",16.8277666866828,16.612616423964,16.7139140569034,16.5129070889016,16.4518474640465,16.4691781828563
"U2SURP",19.4298218881548,19.2010001079953,19.3010196418106,19.3526748374986,19.2998956571988,19.2690145579368
"SETD1A",14.9427912152735,14.9688411353079,14.8296438603165,15.2045547151602,14.9730298937272,15.178351289053
"PFAS",15.600673147532,16.0918192329678,15.1284146428973,15.9025083352673,15.3523744653518,15.8476456951092
"ANKRD28",16.3921230175271,16.4001750902064,16.0884282238348,16.2876224968485,15.9488887772424,16.3394588720905
"LSM1",15.1714500924046,15.709899622388,15.2335702480305,15.9145507429191,15.6236365059047,15.6528904765437
"DEGS1",14.5085232351742,15.4346389774468,14.0041208122636,14.9848636246015,14.5487546237724,14.6877765464811
"SCAMP1",13.9840532882647,14.8221450695332,13.5432274942563,11.9361519668849,13.1980576104691,12.9471020977
"ARPC1B",19.6100939504133,19.400592004085,19.4031543614871,19.7827690275252,19.6234294699017,19.3059665366852
"ARPC2",19.7822072911905,19.7732179409412,20.0569636393225,19.9364106310714,19.8896783363547,19.6935371522968
"ARPC3",21.6674041629834,21.8383932995916,21.829695718362,21.8686929619586,21.7564407570065,21.5034671659921
"POLR1C",18.9265014191692,18.9749409058372,18.6893310033722,18.8946444249064,19.1023288096699,19.0341049650088
"CETN3",15.7827101221854,16.4056294604976,16.4408039724096,16.122862161368,16.1445883446668,16.5008838828772
"PFDN6",15.0466815246308,15.7788425366202,15.7401320656865,15.1608863991939,15.4885896624518,15.4473383364167
"WDR46",15.6798324831132,15.3870621258193,15.3223332324242,15.8407403119507,15.8860276042485,15.8744488811073
"NKRF",17.3246935433659,17.2068770966622,17.355640759269,17.5449390840091,17.4903440993837,17.5169420449385
"CASC3",16.6620292395447,16.298083408725,16.7544926220266,16.2240027108332,16.2458774320671,16.1591720466443
"MRPS12",17.180813988481,16.7525816167006,17.3674383852867,17.0526798018518,16.9852939529636,17.2380392234693
"RER1",14.6376959357566,14.9259563172497,14.3730510970252,14.8632265765939,14.6315084690889,14.6338434282142
"SURF4",15.273204284813,15.9675972664186,15.4311653596151,14.8081234133571,15.8951497003104,15.6104482728805
"ATXN7",14.8116485848798,14.4457501715934,14.7574908528092,14.6103105948959,14.3303479627139,14.377043064995
"SPTLC1",16.7013059204063,17.2742055051178,16.4566672432148,16.9950383775838,16.9054760894386,16.9165415588425
"SPTLC2",15.9596848591986,16.7680416199587,16.1757184165344,16.7109171296824,16.5656037204765,16.0702941413627
"OGT",16.5505350242893,16.5923998924715,16.3920702770209,16.4165806651141,16.2319778870191,16.3260201949697
"POLR3G",18.6023435474651,18.8234515838864,18.4148130926226,18.4423403845537,18.6162578489182,18.7144662256102
"INPP4B",15.4530731760541,14.7589433412843,13.1829470530001,15.9342125095161,15.5574278013077,15.1938203990432
"HMGB3",18.4377096528772,18.1719396649193,18.0359535418383,18.8571381525948,18.5600269904559,18.5537430498469
"PPM1G",17.5098134243527,17.9828437688044,17.3000346833474,17.4620492824099,17.5129645550139,17.4992293500828
"EIF3D",18.0953231511898,18.298176169035,18.0821729557558,17.930154612593,17.7306811472141,17.9176191007383
"EIF3H",17.0645598484528,17.2351297131068,16.9472278576533,16.595325820164,16.6210894539305,16.4889083476883
"NVL",15.9554791176676,15.8816435910794,15.8058994169187,15.4735581245362,15.3416846610985,15.7460682385584
"TNRC18",16.1809361393143,15.9216840633473,16.1745024683667,15.9497315247562,15.7894522618371,15.9114729077696
"POLR1G",20.1883809391601,20.2238263779107,20.0693447366728,20.1176964882744,20.1077460437671,20.2444841599974
"NUP42",14.7045468261674,14.6797322192221,15.3148218328233,15.3347664733521,15.31316675947,15.1126085117991
"ARPC5",18.6797916005834,18.8999702093931,18.6696318098726,18.3320573152841,18.412137835278,18.2823181245358
"POLR2D",14.7720871432621,15.4015613073312,15.5560509496005,15.4799895684385,14.9935050737327,15.4985261654546
"DDX3Y",16.7251309645901,16.7259928537103,16.8236937651165,16.898588563496,16.987489748646,16.7208296731431
"TAPBP",15.4505330790764,15.7411731716956,15.8264406386279,15.8466737610477,15.8606221728193,15.9465346357829
"KCNN4",14.9897785405552,15.1507951849583,15.2372192987985,15.2800936231146,15.6565479318038,15.2113677934353
"DHX15",22.1372053688351,22.1173502943568,22.1334503332001,22.1611312677519,22.1334352814991,22.0730100255535
"RNMT",15.3220868671378,15.3416928951651,15.2926761870478,15.6746317309643,15.4009924758668,15.5106701338174
"RRP8",13.8329092617962,12.4355991660899,14.0876031424878,14.3040498411897,13.5240150548167,14.1284802139983
"PJA2",14.3217671211528,14.2791354319282,14.1169146714286,14.0844340488863,14.0382305621634,14.1585853117636
"CYB5B",13.1383428365958,13.8307396945666,14.138338524875,12.6700605123319,12.3652993188441,13.9872834670038
"PRPF4",18.7497950705534,18.6793155602102,18.8523638781745,18.7582185292921,18.7601839043549,18.8441906606376
"PHGDH",15.0219836790185,15.4283306615415,15.0671476710813,15.3493983842796,15.0752200695406,15.454363817561
"DYNC1LI2",14.3325973164408,14.3511973743415,14.2719542017877,12.9857055042366,14.7768994270742,13.0139582662094
"PSMD3",15.730989242045,16.6598218702204,15.1168316819256,16.0616840267712,16.1635307698381,15.8185859220125
"RBFOX2",15.1112163793294,15.0316088132027,14.9986210584846,15.3047295588104,15.3358065908856,15.3612075757591
"PAPSS1",12.4728023766427,15.1083311207286,12.2790205018337,14.3745581950186,14.3095484015284,14.2431867795975
"ZW10",15.1876870340399,15.7469863423511,14.8944617813698,14.7584271725654,15.2052169266637,15.1475630098238
"SART1",19.6513295856387,19.5593374097426,19.6991186253705,19.875229733601,19.7927729809926,19.908345618184
"DAPK3",16.8131447998223,16.4720659972,16.6972746637364,16.9610828014759,16.7185697991716,16.6742460702202
"CCP110",15.4525079882059,15.7450001876297,15.7715824462604,15.3909351172754,15.2377018066298,15.2276437682692
"MTSS1",16.5010912369043,16.6145458006851,16.5467515454755,16.4960398478615,16.5515914163722,16.6172247477114
"PPIP5K2",16.6474918035696,16.2981651584243,16.325517683196,16.4516198711865,16.7351769229083,16.4830599778717
"MAP3K7",11.5419283690295,12.5063344313326,13.9380693427178,13.7785264639891,13.3717754194077,13.6828317513239
"EEF1E1",19.3711192432099,18.9014007873828,19.2761948476483,20.5200484934318,20.6095304647458,20.5535787682591
"WDR62",14.5846765867778,14.8762787958967,14.3422964597549,14.5918121654575,14.4468142459901,14.338210942592
"HNRNPR",19.4487761203587,19.4276608788505,19.5873278490736,19.9574620977648,19.9375606052892,19.9471877378859
"PRPF3",20.3932622382582,20.2735481701466,20.5220111613709,20.5209787684563,20.4823894650099,20.5275033507655
"TXNL1",14.833356748187,15.9117857538929,14.512451598637,15.0861005553782,14.7169801804345,14.7745590471835
"TPD52L2",15.8335184363324,16.3568138709865,15.737871889706,15.9296497790575,15.9802951321308,16.0773644347652
"THAP12",15.8906180426308,15.6213447737171,15.9184794114556,16.4165437210294,16.2676032779823,16.0511305406828
"FIBP",18.557682823584,18.5192430943612,18.465912625377,18.4727110651322,18.5951412690586,18.4521177442856
"PPIH",17.1372540460361,17.5493518817485,17.415769326829,17.2283756700201,17.4228454779912,17.4895525156813
"EPB41L2",18.0040223587122,18.0836732595474,17.7755309375517,18.1211891728362,18.0309684923504,18.0754864615534
"MED7",18.0763809698019,18.0035633689353,18.1460326168635,17.8503906303024,18.1606834320215,17.7502798919793
"TGM5",14.1541340904902,13.3762413348532,13.8370228401168,14.4228658730031,14.2854266392747,14.4935174968663
"DENR",15.6977041663846,16.2993793998058,15.9647746535713,16.0870564873579,16.2543207731941,16.2743427515977
"TIMM44",16.3689163218341,17.1541190354282,15.8757958505208,16.5269061623464,16.6368511566265,16.3458844944962
"TRAPPC3",13.1719109401023,15.2404092207435,14.5629275893485,14.5509037577397,14.1060431003726,13.0928184079179
"NCK2",17.210580221324,17.5426882841349,17.5702646451456,15.9735794834044,17.7218133350663,17.1367015990982
"PLRG1",18.0178058010226,17.9098214955635,17.880246677422,17.9944270835885,17.8429298637214,17.9338489942136
"PRC1",16.7251040638731,16.2374603861569,16.6729094602863,16.5592015531465,16.4706026368338,16.5103548291844
"ZNF207",19.8334376439405,19.731740970877,19.667920599106,19.7355895722629,19.5472646394257,19.586551313918
"GET3",14.6125978514286,14.8716139651589,14.8504259644589,12.9072906157149,14.1064739551494,12.6652489234979
"BUB3",20.3264340956071,20.2405020748538,20.1816378207311,20.3968390880565,20.346876404324,20.2456416000175
"ACTN4",18.1093360200812,18.7822794841737,17.921315749766,18.2274722984647,18.1089120514095,17.9547698612491
"BUD23",14.8304504882539,15.136697994836,14.9216477591743,15.3049617636866,15.402509483415,15.430983337038
"HTATSF1",15.0564204055069,15.4399279302622,14.9422074967871,14.8044567103435,15.24644646355,14.8924630336345
"ITM2A",16.4617723051171,17.0018415975678,16.2411784083682,16.4535228842151,16.4770006463299,16.5144266636895
"SGTA",14.1690972807543,15.6271409827002,13.6035453301928,14.6925630341497,14.3364827099561,14.329121563575
"NARS1",18.327664210055,18.3522785292966,18.2480943450719,18.6759381903154,18.8590038025776,19.0233476014372
"MYO1B",15.9233291104931,15.7019989409948,15.7297858835998,15.9789616845745,15.9282902759496,15.8703677300116
"NUDT21",19.2287821530299,19.4378947818502,19.6278670260865,19.4461575886292,19.5780173403078,19.6707073482727
"LANCL1",16.7798258428081,17.5746877576709,16.854663761369,17.3109035810684,17.3087338185973,17.3058236956282
"STRN",15.3457574220328,15.5221330712552,15.4451031357928,14.9762956963095,15.4812751929627,15.2944927413589
"RRP9",16.9523356141617,16.7055285144386,16.7259645050296,17.1546255984533,17.2027984941591,17.2806256162843
"AKAP8",17.8000062783871,17.6904106840689,17.7427600763016,17.7532767600951,17.7582531490888,17.7722886032181
"GTPBP6",16.2745730742712,16.4893420067166,16.3255942744152,16.3822744548806,16.547398329688,16.5748010476411
"IDH3B",13.9023035055883,13.6356988510197,13.7905212880332,13.9345843179817,14.273440198561,14.1356552641787
"AHCYL1",14.8276153176666,15.3381552187136,14.8192495990509,14.6510729994838,15.2145359869224,14.7851391179599
"RAD21",14.2589575694093,13.9235605487602,14.0500258131157,14.2620611419521,14.2282845690494,14.3542188662528
"DHX16",16.3058196886626,16.3263370334191,16.2233219524127,16.4077706411961,16.2885031203636,16.3427800219054
"ZNRD2",14.970852531188,15.4765012413675,14.7434300266131,14.8636445970231,14.5958814146996,14.0062183282564
"GMFG",17.4461064476307,18.4439042923893,17.485987755,17.32354097911,17.6634936173319,17.4106876019603
"MED14",19.203699762319,19.1359216672411,19.1768697503162,18.9298132713312,18.9494022173073,19.0777597606971
"SMARCA5",19.3612592973344,19.2492360213878,19.3032590108747,19.1990866294757,19.278928307832,19.2577344044223
"ZNF292",16.271065568162,16.0465338188354,16.3830868507587,16.6989645151055,16.3376691107395,16.796969519764
"ZFC3H1",17.3425007864035,17.1690928363068,17.3864992684058,17.4455490305434,17.3973380495109,17.4865329885104
"AQR",17.6022061161788,17.718255052932,17.594280277232,17.0822205754277,17.3175034153317,17.2837725952488
"OPA1",15.6697922819225,16.1582128293889,15.8490202820804,15.482903320405,15.6479655909903,15.693845844232
"PIP5K1C",15.9987101645867,16.0843854017771,16.0354671201488,16.4083927710447,16.2193184782157,16.3927621583581
"KDM1A",16.8221628743553,17.2465947631515,16.5250256847256,16.4619655395465,16.6197905449776,16.6623176160308
"TBC1D4",15.6819658360512,16.0143755629483,15.5314536543866,15.851909705994,15.7121608797933,15.7340869320516
"FADS1",19.413342943157,18.0296682353831,19.8061765465129,19.5272585173733,18.2361494195307,18.8614880028369
"PPL",12.4373944643604,15.8475672314435,12.3555807358855,15.6406148844711,15.7403171703919,15.6980861316898
"ACSL4",14.7447893831432,16.0472404530985,15.7775952435565,14.8991174609945,14.8998139242699,16.1828908927455
"STX10",16.6081110905015,17.3531685402113,16.5059904533838,11.9769790715153,16.4439530031896,11.8301167641891
"SYNCRIP",20.2509337785567,20.1792569704197,20.3636477710342,20.868793849463,20.7906626964939,20.8216424284386
"CDC40",18.1752959905291,18.1407124631728,18.0362844940049,17.9797912488326,17.9050943275019,17.993088535341
"NEMF",20.2106355565532,19.9039050818055,20.085038512769,20.2021251394241,20.145580317679,20.1127132391596
"GMDS",17.0911588005618,17.2877708075154,16.6127752165789,16.9021889004003,16.8200817088839,16.9192434688339
"NMT2",15.0475797958005,15.1932946463701,15.070059167288,15.5905888626387,15.175354776777,15.0556777157183
"CCNT1",17.6159333272492,17.7380940413435,17.7891862381449,17.4552059951756,17.4088671513858,17.4604211788027
"PLOD3",14.3972077402202,14.9789840215522,14.1421459967759,14.6448739450992,15.5257439242652,14.1815614905319
"EIF4E2",14.5156930017263,14.0466545849033,14.6185604367809,15.0048248282331,14.7340417651292,14.5158761610087
"DIAPH1",16.4885635231853,17.1653055802534,16.1169719573855,16.4577017558142,16.5748706578089,16.4288953258607
"EXOC3",15.477500890366,15.0968113309521,15.3961986984938,15.7819319646828,15.4846441823077,15.3332802526575
"JAK2",13.3186649449331,13.2936723764046,13.1094069227905,13.6187769820729,13.1858577204198,13.4785231675112
"KPNA6",15.5372086919256,15.9205484862633,15.1133624809172,15.6993542812181,15.4708351969154,15.5251212353934
"LPXN",14.1917726723126,14.8185639539546,13.4826049216761,13.9473621605598,13.3820444006286,13.828243313473
"CTNND1",15.4195948506899,15.5514171822304,14.8619792974968,15.1517962811795,15.284706496993,14.9975661299751
"CYTIP",15.1343457760564,15.41346744804,15.1417152102517,15.3065999287871,15.3676685793542,15.3016589105465
"HPGDS",15.0894543708919,16.0345457982725,14.1120310437621,15.3798995845864,14.6595397396607,14.5499675196405
"DPM1",17.9541791537394,17.8276011647696,17.7576066239532,18.0109222931007,18.0298314785038,17.9475071009696
"USO1",14.2907859558381,14.4777860881347,13.6564438577436,13.5489960951829,14.1389523433513,13.9374282604873
"MRPS14",18.2392649271184,18.2622521542877,18.2502878686045,18.3889411739115,18.2583254113035,18.2960590654204
"TOM1",14.0506992844877,14.2650696111123,13.9408301950432,14.3104842978873,13.4784370889823,13.7014747665625
"PQBP1",16.710321212548,17.4535031109356,17.0159824139276,16.7228807578224,16.9874517767402,17.0115258201124
"DKC1",20.8298118325018,20.5310845176234,20.6661085132172,20.7849136398554,20.5726164126949,20.6208423203097
"EIF5B",22.6828472820183,22.3205061297242,22.5437472972036,22.4959058833092,22.3567095974311,22.381091515576
"EDF1",14.344817750073,15.694801967816,14.3450476962906,14.4216715729408,14.6895151729178,14.7849333315088
"KIN",16.5332110086836,16.5790029661079,16.4565049019156,16.3007352427776,16.5472367700359,16.4244149852764
"DIAPH2",14.2587601222023,14.3637952862168,13.3716636741712,12.2458347859486,12.2538307432763,14.1879211975397
"DNAJA2",16.3619079731315,16.47190918887,16.4985488215088,16.5190326491227,16.4074813838895,16.5913624392035
"BRD4",16.2123929328637,15.9923529410616,16.0941782245166,16.0646236297262,15.8956912897094,16.070155019357
"CUTA",14.5980157471877,14.8767043696369,13.819334084154,14.1495209015932,14.4374557927455,12.7950459939304
"TBL1X",13.4969900532167,13.7155703852171,14.0320756966454,14.4384950717417,13.8271777416416,13.2484364007977
"NBN",16.0032866530305,16.0945302099401,15.7723240341015,15.9255518901211,15.4945129599755,15.930940687246
"KIF21B",12.8097112637044,14.715830153619,13.7419375551985,12.8737162141078,13.9621846919436,12.6630147275486
"SRGAP2",16.5925644878843,16.6183903204115,16.7125521888113,16.6606317518648,16.6586377111707,16.7221987657787
"CBFA2T3",15.0131882105907,16.1094542233366,15.0860824298814,11.5149321145265,14.3686619629934,12.8255264951022
"WDR1",16.1050450224082,16.9112415822291,15.7640966077095,16.0700068664053,16.0363818436844,15.9089846929282
"ROCK2",16.4404176060551,16.3999498750734,16.3511816700836,16.3601963875934,16.250055579339,16.4136619731581
"CLASP2",15.3998663530291,15.4841493996946,15.4199197002066,15.4924772525086,15.4508797047536,15.4359430190959
"CPNE3",16.5707516754766,16.8025900226776,16.6641737810236,16.4493042388172,16.7363089057785,16.7051645964924
"RNF40",14.4843759469762,14.7784102418948,14.8112142680616,14.3323025522139,13.8071887650628,14.3913225433991
"PHF2",17.1502516491065,16.8636261112415,17.0846589296098,16.9169718840397,17.1248575803126,17.0738004678152
"ZC3H11A",18.0799580488357,17.9817852728323,18.0935321789848,18.1527207127364,18.0347581326296,18.2157474561515
"CLUH",16.8490728567473,17.6433961164917,17.1605751134139,17.0776789310913,16.8495867703632,17.4645171935213
"DNAJC13",16.3399013131022,16.2674682418447,16.3746564362356,16.2106757951321,16.3284035551016,16.2284765734152
"CNOT3",16.6636047998177,16.9632176124206,16.2838971817573,16.5997957695204,16.6295688475427,16.5112869141894
"ANKRD17",19.0995504593969,18.9566241331815,19.0390375072814,18.9768027815487,19.0797853834209,19.0845279852794
"SIN3B",16.027259601446,15.8698638654599,16.0195111555555,15.8218313947106,15.7229820685709,15.8131666626219
"DNAJB6",18.4915550087486,18.6088349372186,18.1613774627997,18.3260737993593,18.363846521652,18.5333802306159
"GGCT",16.44296513093,16.6780343436127,16.4791315431769,16.4614330833362,16.1100468791299,16.3689461532102
"NDUFS7",15.7012112539417,15.7234876356979,15.3111409158409,15.4314732500857,15.8620965361161,15.962595111331
"NDUFS2",15.7627762446656,16.543091196039,13.9414600473547,15.6645627266441,16.2919063236352,15.8181209516048
"DUSP11",15.6046551499839,15.3966317043706,15.2205616006028,15.7055575240166,15.6899353925099,15.8371819492813
"NIPSNAP2",19.7719215156431,19.406587543476,19.9648407297604,20.2471640126178,20.0781618858567,19.9489139110584
"HMMR",16.0794099887503,16.0685692131027,16.0272075403233,15.8153292537829,15.9003137600661,15.86590721877
"PDCD6",15.6918856610245,15.8177286699992,15.359218436333,15.9466698712603,15.82310041731,16.0202707404082
"TBCA",14.0647122031345,15.5873465300117,13.3582318189263,14.5618926213005,14.3905066787755,14.2828792715634
"ATP6V1G1",14.4167076202079,15.4479138478886,14.5933827770803,14.9031656383365,14.8266020113963,14.7271695111976
"VPS4B",14.6403999543345,15.1433126560581,14.6219062038085,15.2521995958784,14.2222617919459,15.0251602004926
"MACROH2A1",18.4799852279691,18.5210881675105,18.4112867080316,18.3167836472089,18.360945906091,18.477519942196
"SH3BGRL",12.7200389140484,13.7792456622691,14.0841914408738,13.0360346605898,11.3673817847449,11.7196070471908
"FLNB",17.20755831777,17.2547041446332,17.045085373182,16.9687295587829,17.0514491080615,16.7389370773831
"NCOR1",15.2800504750344,15.1971759861702,15.3965853159051,14.9823368528791,15.5117175432318,14.9040073984138
"CS",17.3379039121103,17.8378573394116,17.178125801333,16.1520524695071,17.0572901246199,16.9085944535401
"MRPL33",16.0657777308613,15.8115352516361,16.0453471479117,16.1506741833479,16.1378460975301,15.7935749376913
"SEC22B",15.4889409746741,16.2783327499836,15.1952798442786,15.4630988840831,15.5702161184014,15.7443186661974
"PRPF40A",21.6954793701254,21.5073119496823,21.6715296211209,21.5880900180699,21.6814091492342,21.6129885981223
"TACC1",14.9260801489365,15.2915211119131,14.9672064414603,15.5431251887083,12.4266599576179,11.731941825693
"PMPCB",12.8720758836088,14.3260262008677,11.3507327045182,12.4003663453188,12.4024906305896,13.1336805532287
"MED24",18.7304550117339,18.7238145718409,18.7683476941222,18.5563759002974,18.5349802027626,18.5674956558343
"PSIP1",18.9284430208802,18.8176563558638,18.9486995354264,19.2880510350016,19.3149237253668,19.2939215227972
"ERLIN1",17.385894242284,17.590272712583,16.9621323530445,17.196537773943,17.3720016225724,17.4001353714835
"SUPT3H",15.9176742799399,15.8048948300664,15.9289048587944,15.8151320082134,15.8752468831954,15.6929132175147
"NDUFS3",20.486027953265,20.6551229370362,20.3331591728533,20.756122191293,20.651263270796,20.5602101349772
"SRSF10",19.6600528386946,19.3711422422033,19.5522685142354,19.4390406388532,19.3316956220626,19.2561129320696
"ECI2",14.7780555628908,15.2544711813536,14.0407171229073,14.9175855027377,14.9316587291762,14.7920614435067
"TADA3",18.0075291741855,18.0104698645527,17.6921577765854,17.7536476753307,17.6950273971259,17.827708827491
"TAF5L",14.952234085686,14.9029397580302,14.9674050533044,14.8497120319664,14.9095954597284,14.8902528752766
"EED",16.2659578069822,16.5265244555138,16.5611725595588,16.5766377194712,16.5930364604416,16.6471826668112
"BANF1",14.2509896917,15.603742238069,14.563549632012,14.5990709671121,14.8308569251931,14.7868059433693
"SF3B1",21.5874959871217,21.3733529331182,21.5634309115835,21.6999706637313,21.7004272295007,21.7130040354651
"CSDE1",17.3060752217532,17.4058434890045,17.2879101955445,17.3464401491328,17.3522358056516,17.3197791831776
"SKAP2",16.1953059734141,16.5333349039008,16.1011766303566,16.2225795766378,16.0400676009918,16.203987414766
"PRKRA",18.4077075837319,18.1771448407057,18.6542558949841,18.6279115436227,18.5749602519403,18.6863707811104
"MED6",17.8594592598445,17.7765611595012,18.0428165902911,17.8614365087265,17.6652899716357,17.8279498611474
"MYCBP2",19.0201498293836,18.7836393395761,18.9651312610303,18.7591043915259,18.8582680869704,18.8673595897659
"NPM3",17.4411486464856,17.6959501925544,17.4953313429538,17.4845286999574,17.7074022068215,17.6625538526033
"LYPLA1",14.6730342371823,15.8086609177429,14.3063763187579,14.6064665189939,14.8749669436777,14.0755816821521
"ERAL1",16.2704701769398,16.3345795181869,16.3767385943025,16.3007862832635,16.2294735779826,16.2838916488257
"SERPINB7",13.941574761487,13.437735429747,13.7652732507646,14.0588571140165,14.1600118634382,14.0928303802754
"SNRNP200",20.0789650185302,19.7889172667937,20.0997569317552,19.7902192970557,19.9151303476649,19.8866694543957
"TRMU",15.0633171298302,15.8785455565679,15.0545468752392,15.764366507247,14.5074246916076,15.272033033699
"TIPRL",15.1463546738937,15.7637094008596,15.4017238513134,15.8151766741985,15.0468925066806,15.0819140352742
"RPS6KA4",16.1117282470361,16.2074019847522,16.1287813677914,16.3558994021769,16.2880752618788,16.3632778688774
"SURF6",19.4746932141561,19.364682390139,19.2394108991974,19.0546482993103,19.2033183671618,19.1430844652228
"UTP20",16.9517451608507,16.8210345109156,16.693570126776,16.526832915471,16.8053248806829,16.6760483834661
"NUP155",15.9427671656054,16.320379078527,15.6905913127368,15.8486441376808,15.8425060179965,15.7907651664926
"WDHD1",16.5627557920445,16.8490353385267,16.5895575227735,16.4976151721532,16.4497888088966,16.497957840213
"SLC25A12",16.1977263926878,16.3335053221716,15.9644962623378,16.0142551595,16.4374028630183,16.4082032572327
"GRAP2",15.4962381606571,16.0194760587326,15.6275575378204,15.7291908659963,15.8820120188484,15.6125260065791
"RNASEH2A",16.8586304406371,17.2487439704134,15.0336677605565,16.8014383966282,16.28443175092,16.7283539528886
"CDC123",15.9503254912234,16.0885447882289,16.3602179964598,16.2258713065657,15.4026866746104,15.9038710923096
"POP7",17.8013229447017,17.7476501641881,17.953294059866,17.3070130942767,17.7307618681333,17.4346830345438
"RPP40",16.7252755806401,16.6397265581871,16.7465773668148,16.4674399770624,16.4346932139035,16.3392689395313
"EIF3G",18.3356761592906,18.7387012827458,18.4564412918702,17.8634892752182,17.8724448121803,17.6924319522954
"EIF3J",16.2193211255013,17.3662664556008,15.8284905676156,16.6690112588648,16.5631736852331,16.1628748605598
"IDH1",15.1931858991465,16.1621658900439,14.4534388057141,15.0102045471665,15.6182046664935,15.3861875229903
"CCNK",17.409657438822,17.5851418284975,17.3855571737945,17.1164759585458,17.2897967396391,17.4236756602128
"ARL6IP5",15.6233153405602,16.3199370281521,14.9434249284223,15.152434468202,15.7761477450182,15.1981361335141
"DYSF",13.8500121562467,15.0264387180078,14.5579583166433,14.4596483780415,14.8763565529347,14.7573256242258
"PIAS1",15.7760912103835,15.7431299302868,15.6587788297426,16.4576587968392,16.7745352401977,16.187393444919
"BCAS2",17.9196166176802,17.6907729552821,17.9004607098951,17.8372218716896,17.9515841637887,17.7646565825799
"DNAJC8",15.8215258728852,16.3103879820352,16.1748438772822,16.3578093603271,16.3384923153028,16.1460825513532
"SMNDC1",16.6286292259916,16.9777532748743,17.2355723474886,16.8384583031626,17.2453339532173,17.0740885568304
"ATP5PD",16.0733439040679,17.0178260225722,15.8169624305174,16.4070312020912,16.4931330454634,16.1507829702448
"TRIO",14.5629471402781,14.258774031966,14.2108043456152,14.3610936377955,14.0127542429104,14.4413451006193
"ATP5MG",15.9321097669812,16.2779224719243,15.8577881111636,15.8236846856087,15.9816853834554,15.8937369000318
"SASH3",15.7413325438385,16.1239910222458,14.9565842511824,15.7143859696432,15.8123042278076,15.4598348227053
"GLRX3",14.4892470049778,15.4131054325891,14.4470082991992,14.61615606943,14.4644854453398,13.9906030400781
"RSL1D1",18.229604163092,18.0565652187126,18.175157714973,18.7815714145133,18.5314973649531,18.3459989990933
"CLPX",15.822029469805,15.9127145775254,15.6251837160824,15.7808419974425,15.6829431637188,15.812302873895
"CIAO1",13.8831329705074,15.0802358530645,14.4539757949449,15.3043364183012,14.9897271380222,14.3789738385683
"RGS20",13.8973092605773,13.2918835231161,13.2696712405039,14.0347230609309,13.4135841662583,13.9422228029399
"SRP72",20.1872535931045,20.0691027828058,20.1847070903306,20.3445127510521,20.29635960238,20.3562679763558
"RECQL4",15.6002049014324,15.6478836282838,15.6493437606411,15.9965752832364,15.8753187196587,15.8743703727304
"RECQL5",20.4099009440949,20.3511939660144,20.6244472531669,20.4760181473953,20.2218862121656,20.4362291278323
"URI1",17.1795424426484,17.439421854677,17.1459649737626,17.0408887928853,16.9996534174592,17.050628593266
"MTA2",18.7388898555853,18.866757087598,18.7662272048729,18.6617829679727,18.7604445436465,18.82611852806
"STK10",17.4882656181987,17.3738507281374,17.4011966082515,17.7337238599521,17.7270719518741,17.6971248371421
"TOMM70",17.3682397510763,18.6818613085348,17.1224089337447,17.7028854407087,17.898701400528,17.8456973254569
"TOX4",15.5140567780478,15.6547673317419,15.3685887838996,15.6394060580917,15.5814471703565,15.7889930424824
"SUPT7L",15.1951913593204,15.1047356786121,15.3440592310283,15.3317998805156,15.1483591200939,15.4639048569002
"FCHSD2",14.0749285071768,12.0612504933186,11.8827263293201,14.0713407641177,14.1432849900289,14.1356940575764
"UFL1",15.6508298978995,15.9877110094921,15.3121345474512,15.9441706743499,15.6268036602169,15.8431737057708
"FARP2",15.6387967123338,15.7707516328635,15.442750028821,15.7736514528458,15.689076398022,15.8669367541961
"UBXN7",14.2929073930177,14.4370347721437,13.9312527576699,14.6229602550429,12.6193251103397,12.1146940688669
"TOX",15.5348870653834,15.5139315090014,15.6231854880734,16.7116614623641,16.967530421398,17.024482294931
"PLPBP",15.9537513077769,16.7890931023382,15.6037132656711,16.4377956281584,16.2584592999515,16.2472527607886
"ERLIN2",16.8940637553051,17.6668751494152,16.8631986219668,16.7282901722213,17.0212892902289,16.8690013858001
"PRPF6",19.3746718870313,19.4011676447165,19.4137838891887,19.3025486989821,19.3903627431803,19.3608962388559
"PCF11",15.205794127413,15.1036531082848,15.1066338466729,15.6014820058121,15.5857947630472,15.4599646538643
"FRYL",14.6820541999771,15.0560421418327,14.7987981627994,14.6790812139623,14.5814179232874,14.4304379808948
"GLS",14.5237587573058,15.4513005368315,12.8824955629341,13.7792535635557,14.1109675525523,14.29133685989
"HAUS5",13.9778615179272,13.8699513883626,13.9833628883572,14.0096578032181,13.2930643605014,13.7116013754738
"KDM4B",15.7033244980158,15.8202033994514,15.622528900965,16.056347813503,15.7432994752866,15.7059128541372
"AP2A2",19.3322087954749,19.466757185645,19.4342183313757,18.7913968139476,18.9159626842285,18.8714278529619
"SEC31A",14.9040186919721,15.3868801430024,14.0612330431009,14.7665228524969,14.8123456468902,15.0603995611502
"SLITRK5",15.5287193415432,15.4185021021005,15.0671476710813,14.8333488412115,15.434471857706,16.6321769041988
"HEXIM1",16.0077587689487,16.5345296537622,16.4306856313219,16.6397650597568,15.9205529056788,16.2670004187253
"RPP14",18.1093012765835,18.0961715710863,17.7906527386053,17.7547026397999,17.9013931268241,17.6647941246748
"UBR5",15.1725601376676,15.4634734770145,15.0721919893119,14.9852095522627,15.381100828275,14.8756016384521
"SCAF4",18.7438885260932,18.5899875566926,18.5847482907464,19.159756946799,19.2251637456426,19.2324667414603
"SNUPN",13.8933541518612,13.8525759339438,13.4926452339881,14.2824541399101,13.5838966401715,14.0596897130863
"ELP1",15.6121229467923,15.8376561413284,15.4952599735682,16.1867391881675,15.5740680009168,15.853900208349
"NDUFB4",15.8583695027166,15.4868735704125,15.6066527353522,15.8632502952467,16.0202214655049,15.645736047224
"LETM1",16.0456331896971,16.8099607096163,15.405900114838,16.0931990389646,16.235806886791,16.1687500635486
"STBD1",16.1408934623086,15.5516122930171,16.5179109344524,16.7657043925673,16.1933757778581,16.5201719123925
"LUC7L3",19.3231802674503,19.1354833463773,19.3675894377571,19.5926308558105,19.4523358868352,19.4070486343106
"KIF4A",17.6230850823372,17.6121291397023,17.521962218227,17.5739415804861,17.4979453696453,17.4963334210183
"MBD4",10.9848248909223,12.6694657301709,14.8076692697358,14.5221943250715,14.2979008740849,15.1539705140653
"SBF1",17.061413069533,16.8222174080376,16.9773101135099,16.8248164473155,16.922942929849,16.9814500403297
"GOSR1",14.8602195254715,15.4431886528523,14.6584553521462,14.9554514869944,14.8715469733091,14.6152589160216
"KAT7",18.221547945793,18.2494617298001,18.2900635883661,17.8913410387798,17.8400325754646,18.3574634313374
"ATE1",15.6517282724429,15.2909581797564,15.2210926204653,15.6275814757532,15.4350350358164,15.5740867212601
"EPM2A",14.8723172399344,14.6867192566107,14.9043872840053,14.8129901470751,14.6532727896143,15.1771095993524
"VAPB",15.4752023905678,15.9599765832879,15.386024937283,12.4549722155255,11.1272029110247,15.3975122002987
"SNAPIN",14.1734456463689,14.7516076044731,14.2698338238868,14.894383146586,14.7996499899845,14.715883345364
"NDUFA10",16.4134457957887,16.5722573977449,16.0162032663829,16.6352554440791,16.4926454530272,16.4579879132987
"CELF2",15.5761319559688,15.6177029687919,15.9320433109968,15.7692518363417,16.0063647842442,16.036280608468
"PGLS",13.9381310179541,14.7427105325011,13.3425191896606,14.2385952896773,13.3958958349208,14.5193184170797
"SMC2",18.2611976548122,18.3076401977228,18.0880614918245,18.1950367764206,18.1146970413727,18.1243319722614
"FARS2",14.7821049476061,14.4913638495951,14.6381121424164,15.8113673425305,15.6799965512593,15.6312188418601
"ZBTB7A",15.8368395569459,15.6242017295677,15.1846226709832,15.9195393421253,15.9406666563063,16.165225190874
"IPO7",16.3347172494118,17.2450286091398,15.959673812,16.4733220705724,16.717970752304,16.5270308293276
"SLU7",17.3782042442846,17.2859848003127,17.2218123359903,17.167395799567,17.3247875788448,17.2072290454484
"CD2BP2",16.7304836172765,16.9430899703434,16.5269202184763,16.5707476737667,16.5304794942219,16.2212616021512
"MED26",18.9660761754566,18.9707200492232,18.9041296288366,18.6861841780029,18.634114522254,18.714916660203
"BAG4",16.2193174382093,16.0669791610194,15.7025462190322,16.0885487218542,15.7619872836524,15.8086663470743
"AHSA1",16.6604481962504,17.2262895983925,16.4915738602288,17.0388445255529,17.102958758548,17.029199752301
"PARN",14.0174582939827,14.8558398012254,14.4453058911004,14.7586916813615,14.5513462809356,14.9508475595056
"FMNL1",16.1356397545429,16.3511286885236,15.8757731050179,15.9131264298127,16.2488881251542,15.9580387090787
"SGPL1",18.5255384725806,18.5170974571047,18.5633649184633,18.9254770181073,18.7491371466342,18.7395337459578
"NSA2",17.1637574692629,17.114318522646,16.6753396107891,16.9274004364956,16.7900291551595,16.7922731562742
"SEC24B",14.7703780817499,15.020501854147,14.7720713718735,14.8614434151022,14.9110991681893,14.7585071757173
"METTL18",17.342020829906,17.114498796569,17.1047284518822,17.3450165552168,17.2378745851108,17.2934759596735
"ETHE1",15.1508898454816,16.3021330208466,14.3307256075336,15.2674992222708,15.6921673140066,14.5632142036043
"ACSL3",16.443159832063,16.6916017722177,16.115871921286,16.5893536360554,16.4132854598461,16.4031605208225
"POLR1A",19.4321085684587,19.1721928386972,19.4311720046048,19.4360664227776,19.4547910632121,19.5106054064889
"PCNT",18.9266307282887,18.8296025880684,18.3738695852183,19.009676242368,18.8760663337617,18.4732209811135
"YEATS4",14.9486867100836,15.0496985302886,14.9775739249523,14.8980134487423,14.9140267498557,14.9196596760581
"ZBTB11",16.8828461289723,16.9523579690349,16.9675696417216,16.5660097264828,16.6538332669568,16.8457934799383
"CPSF4",16.3903522041894,16.2318245529402,16.7589105072544,16.5796936526408,16.6250383591243,16.6911153652527
"ASMTL",14.8165189610451,15.1839357824447,13.7926411579553,14.8383685531443,14.2893965360938,13.9394927161305
"CDS2",13.7535894081086,14.8769091259698,13.0480881705227,13.9865277737472,13.5805811589388,14.0877493130797
"POP4",17.4064354746853,17.1965214452199,17.5196716472071,17.1432702997099,17.0241148520897,17.0489814810176
"HERC2",15.8072510132774,15.4445322928693,15.7372174186276,15.4426302690269,15.6765496749975,15.5047214001122
"SNAP29",15.0442833684535,15.5978588868037,14.7882050611517,11.8214591319893,12.1257385467045,15.0310918394916
"OXSR1",14.902331018901,15.7046160687185,13.1506900874493,14.8204901296666,15.0250827948501,14.6852116043404
"HSPA4L",15.986988372358,16.6713141074465,15.741851546728,16.2991137320367,16.4846540938498,16.1610011525107
"PTBP3",15.2594972284941,15.4429450180881,15.4062409527426,15.6870771507244,15.6799365050323,15.7021953084823
"LSM8",15.715323647342,15.8828343103075,16.1320777438826,17.1319046759617,15.8022371491486,16.3539939739362
"AP2A1",21.2326808969159,21.2668970056128,21.1847089061106,20.7802369742726,20.9074482436087,20.818977172009
"WIZ",17.0264814050866,17.0609635416554,16.8520303024483,17.0232724650014,17.0924513863161,17.1563875898335
"STAU1",19.0003355060163,18.891864674578,19.1248770622935,19.4491927856345,19.383044118255,19.4322769410215
"TTC4",14.7062481010018,15.0405752689736,14.4849660366381,15.1506318640997,15.4024863337098,15.2462234658857
"CAVIN2",17.2277736731594,17.2758110540969,17.2085701643008,17.7690674492132,17.8350474499052,17.8124681421329
"BAG2",18.7511162970606,18.7065647489497,18.7027355870598,18.6339729207885,18.3619210772833,18.2766526392611
"MAP4K4",18.2439405277189,17.9932152744683,18.1854362690096,18.4572682442897,18.4163551100322,18.4362829181549
"AIFM1",17.2503759621614,17.5849476780336,17.1241319162775,17.08331549818,17.2441140476621,17.1899741242028
"LATS1",13.6584532879935,13.9259420425547,12.869916156137,14.2581694590732,14.7715657598878,13.8659293473069
"FADS2",16.1114326003839,16.5333892045282,15.3295200264137,15.9860927906482,15.9731443228715,15.6387251424108
"GPANK1",17.0342670082517,15.6891626345146,16.5149873686656,17.734204318611,16.7712414591823,16.1592586682166
"SYF2",16.3037037034654,16.2210149593018,16.1051858345646,15.9965953632462,15.9146781965369,15.9926919446861
"MBD3",15.8850085082237,16.0993217131027,16.2620562956442,15.9659385546145,16.0363788385004,16.0407815817938
"TOP3B",15.8612976472119,16.0023880584808,15.8489128781312,16.3154250309736,16.202681795795,16.2700275342078
"NDUFB10",15.0217258703478,14.8814780785649,13.7580228013186,13.5806686548777,14.3185978841278,14.231775437601
"CLPTM1",14.778873893737,15.3057962521425,14.116952104466,15.1725345503961,14.7084298084853,14.486312138372
"TOMM40",16.7866491174269,17.1496147579103,16.8131082775585,16.8136995363745,16.7865137280918,16.8109296785036
"PEX11B",14.0831557650259,14.4000961187691,13.9294588923248,14.8858324297653,14.4707743917922,14.6406842427377
"ACTL6A",20.1818128602771,20.1732552639326,20.0573019194492,19.8744157335136,19.8911974892752,19.9580443805985
"NSD2",17.1792671772442,17.160482248351,17.1429157532253,17.493574974369,17.4717490299766,17.5412390472216
"LDHA",19.1012569493763,20.313395023972,18.040266975365,19.4667054156828,19.4386105542253,18.9668793591414
"GLUD1",15.4093475087722,15.9909257520721,14.667175035674,15.4806919841929,15.4828954445554,15.4386445417884
"DHFR",15.7380991225416,16.3610611754831,15.0824309981278,15.683246720652,15.764933126793,15.6959395657894
"CYB5R3",15.0006567416714,15.7454281384307,14.639608758196,14.923029369458,15.0034242270003,14.8525759827083
"GSR",14.9291629656542,15.9094012913955,14.7988945840721,15.6772966191833,15.4371271938944,15.1138280188234
"MT-CO2",16.4967230428267,16.8756884060567,16.2556180122653,15.8786924177091,16.2061568167883,16.3234481817759
"SOD1",13.919647806039,15.1853330842709,13.2694338329347,14.8221152864304,14.6994135789177,14.0544910412655
"PNP",14.7612139963084,16.1777473152009,13.7193897835941,15.4886304864571,15.4974693498473,15.0257406320947
"HPRT1",16.0053883639817,16.9603803001979,15.5727024170518,16.4978127073083,16.4469892438647,16.1753606640425
"GOT2",15.4894944856993,17.0721293584348,14.4293331794536,15.6789549927135,15.812701270532,15.4522616102451
"PGK1",18.9025688411388,20.1555008844116,17.8016577172091,19.108498780188,19.1372552469949,18.751327643832
"ADA",15.65860583208,16.7810690062904,15.2149736043067,15.7909990800409,15.7813429093084,15.546128367237
"SERPINC1",13.8172044290669,14.8697601464755,14.367748527796,9.93286790177011,12.6770488490198,14.3473817068302
"A2M",15.7214886018441,17.2059566274971,15.6084092726523,15.3640949748757,15.4482286081864,15.5772267610459
"CSTA",18.119140430938,18.3672046301705,18.3472121617279,18.1486696171131,18.3253648838634,18.3338306691769
"JCHAIN",15.4834598135857,14.8757439288267,13.7492607624553,15.442715886793,15.7063846949121,15.0142413399241
"IGKC",14.7203412114911,14.1742006428059,15.2784509102075,15.4058166374803,14.7423239113885,15.1809091466181
"IGHG1",16.3837385439262,12.272538355157,12.1842606443691,16.1538049403256,16.6074311717163,16.2494147112835
"IGHA1",15.4961830678331,15.439638135254,15.612959353816,15.5543054587313,15.4854982129456,14.8096487196564
"HLA-B",16.3197573127911,16.8506557984954,15.8139557567741,16.1848185991959,16.1838140791368,16.2804525361184
"HLA-H",14.1475971917882,14.9368900205759,13.5513357656163,14.0819342514613,14.0479198678976,14.0398406071587
"HBD",15.4070424915526,16.1480099744262,15.4296136861096,15.21923501059,15.8925443819073,15.0159456853565
"COL1A1",13.2873637977251,11.6423627687194,12.1854624028097,15.5229237752046,13.272064754853,12.9996170326918
"LMNA",15.7452805119795,16.1102296250543,16.1449021628888,16.1851623195792,16.5536612394671,15.7386528526823
"ALB",15.6155702705468,15.4218921082527,15.6134866750442,15.6570093871814,15.6889578758756,15.6583583895681
"AFP",13.1863139120542,14.8029266085301,14.3014453703903,14.5292767471403,14.1389585809788,14.9224237618324
"TFRC",17.1972870634834,18.0056654993816,16.7144063090903,16.9578409341704,17.3197720400636,17.0440098276694
"LTF",16.0548166877944,16.7834468064776,15.7125823471095,15.9389425921173,16.4824675007671,16.1679267237923
"FTL",11.6095921717928,16.0517769497451,11.0486175719368,15.2119664105358,15.3592636394155,15.0415301382715
"VTN",13.7469498770673,14.5094533182208,13.9043552935348,13.9974446682376,14.7593051425798,14.2707187274556
"CAT",16.8262902726161,16.8062227180634,16.5663001811771,16.7427590238753,16.8233315354898,16.4770148492389
"RAF1",15.6504339780389,15.9716063516694,15.7787337821893,15.8608707279319,15.8535927052572,15.769857106289
"ALDOA",18.244823710064,19.5508837973358,17.2899100933573,18.4886570716458,18.5122397744534,18.2210376234975
"CSTB",15.5300459841334,15.9785879356368,15.2610183701728,15.9314545803713,15.5157749151068,15.8748986428668
"ANXA1",18.7258477105755,20.0554542982599,18.0261971609949,19.1361217477513,19.0063559407583,18.8994933788503
"OAT",14.6368486082934,14.5066696972369,13.259164186674,14.1421080148432,14.3521598742914,14.815069473511
"TUBB4A",14.9455372482234,14.7237976569625,14.122751571998,13.181498981312,12.962438231896,14.6382483242874
"GAPDH",19.9570056560815,21.0877229688719,19.3104196076941,20.273517437723,20.3107819485018,19.9020628300674
"HLA-A",18.4848473553116,18.9165781666663,18.171716299745,18.9451234444996,18.8930514363553,18.8540521572375
"CAPNS1",15.4524190884862,15.8868898250472,14.4309434287677,15.3957412335545,15.0768274942265,15.2093815108639
"HSPB1",16.9042930982665,17.0935689032481,17.2399035333334,17.4212533013569,17.3578356430728,17.5586459672995
"TYMS",15.1221055364363,16.0280660712174,14.9165491393856,15.7399973141337,15.3400236501702,15.2230536894886
"RPN1",19.0878899489347,19.1528382855791,18.9052318580671,19.1066611818515,19.0136605473939,18.9506425773425
"RPN2",17.0697927359635,17.6059968231583,16.9110234955002,16.8244511430987,17.0764787827881,16.985582812854
"GNAI2",18.4839323398211,18.8707376638206,18.2852116459709,18.40315311297,18.4476128524202,18.2419399635028
"ATP1A1",17.2997787039282,18.1926702972579,16.6132530725803,17.3139317036534,17.5296518402978,17.4404843597778
"ARG1",16.1669399778477,16.3097850535715,16.2803335427871,16.2302479973446,16.3832022382315,16.1663984901755
"ITGB2",16.1869133439966,17.0093746427447,15.3451148210508,15.8090053884448,16.2358723901997,15.9503099062318
"S100A8",17.28239898957,17.7293481680298,17.7844028246295,17.5798823258176,17.7066411652201,17.8007427031006
"HMGN1",13.5377261912735,14.0455835790574,13.1656419106777,14.0480426046956,15.0021561785876,14.8349833784474
"SLC25A5",19.5239920220548,19.4464652446708,19.3488993923638,19.7248220755535,19.6468299141983,19.2751621817232
"ISG15",14.9816536127027,14.732163184931,15.2417706686113,15.262506235288,15.3431960233505,15.2405140934619
"PCCA",19.6371792876926,20.0262945992609,19.4390502597845,20.9238989052696,21.0870529382508,20.9556672169501
"PCCB",18.1285702485752,18.5341801344559,17.8055997969474,19.5277421492995,19.7976096812352,19.559840481283
"EIF2S1",22.0521048164753,21.9581030775353,22.0128613220618,22.6160375848318,22.6335301935772,22.6236111611471
"HMGN2",15.434701780797,15.9073102639557,15.4738750432972,16.2543534398574,16.7888815594254,16.1853377306467
"RPLP1",19.5352772753822,19.947859845078,19.7590343952199,18.8601663852819,19.6640746596585,19.2011011250743
"RPLP2",19.3671319659542,20.2896378808903,20.7431118561038,19.1307639474737,19.6510246347857,19.8176885791905
"RPLP0",20.3618462406977,20.5631573481871,20.5806271670964,19.9519336508388,19.9349185101889,19.9493437068049
"POLR3D",15.3286622013217,15.6221007361501,15.6851333188464,15.8804320381614,16.2055714378347,16.1629002067968
"SSB",19.9315523389137,19.9729867112999,19.946422006023,20.505700602628,20.415475128743,20.4622237643874
"ITGB1",13.8109824551482,15.7249241890606,14.5286573802067,14.173449316145,14.7733813530648,14.4582495949707
"UROD",13.5971894173347,15.9717466656179,15.5863428771841,14.4951353107365,14.8438477569085,14.3682780894719
"GSN",22.5037689740762,22.4873911036355,22.534406193593,22.3576208631503,22.2590359201006,22.1754064016233
"RB1",16.0097669586788,16.1429991696938,15.9097020490012,16.0200623416594,16.1083649788705,16.1071072220516
"PTMA",19.1669487035293,20.5809550182982,18.3435744667422,19.5768079750419,19.9848293821044,19.3607897635122
"CDK1",17.4827046153304,17.6810313032893,17.2435546568365,17.7441345473654,17.5736638277345,17.5684660784609
"ATP5F1B",17.9725426720789,19.0190388786236,17.4437505431953,17.9079781945821,18.1020782246745,17.9120780949824
"S100A9",17.3683420754857,17.565586763894,17.9684532235165,17.5989440196045,17.6970129492288,17.7966114159606
"EIF4E",16.7848435111108,17.224268441813,16.663790872333,16.8883936611696,16.8707549391268,16.6937853101324
"ENO1",20.3465219570303,21.736209497924,19.3467476621727,20.4632205137024,20.6508949357927,20.2536136908867
"PYGL",13.9050966315407,14.4395557433845,13.5492472866854,14.3739960741842,13.8816069820923,13.4867850039167
"GPI",17.0453454413028,18.4579859901714,16.1975588164255,17.3337869153666,17.3749581212944,17.0365752355774
"POLB",16.8094623022148,16.7285466729594,16.9990366856842,16.9117182029412,16.9467605541674,16.9423498400321
"NPM1",20.323002187523,20.4238560758711,20.4362379743936,20.3460135042079,20.5177285868671,20.4408761613241
"TPM3",19.4560593720955,19.3180396286704,19.3907563256596,19.3630178068642,19.2687545676105,19.1391093854102
"LDHB",18.9944792914834,20.1755628292715,17.9507273162496,19.1396005625045,19.2835732163686,18.8585089255872
"GPX1",15.4308265715262,15.8749401759069,15.0492910561805,15.1907648065202,14.9738362665442,15.364779235861
"P4HB",19.1282730486943,20.1995393575097,18.6577378951748,19.2188065626185,19.2480953645392,19.1097107987154
"CTSD",16.1973034795433,16.7416659278722,15.9706120890474,16.1713070785178,16.6115115901563,16.1652573864257
"ANXA2",16.9354937033006,16.8418093418506,16.840860026654,17.1863814307114,17.0463347224498,16.9875892258593
"CAPN1",16.4795030388996,17.1047670417908,16.5457124136001,16.6730456691169,16.8652605460087,16.6927668187391
"TUBB",21.0669648759209,21.7280408192259,20.9195913639256,21.1759830532126,21.2787596738137,21.1234393073722
"PRSS1",18.582391018864,18.1450658151069,17.7542369216972,17.9312577216188,19.7251976482393,19.3899001727731
"HEXB",14.0368013917883,14.9529167055747,14.2414264699795,11.2579263982127,14.4806215907732,10.3069997073255
"PFN1",16.1773656928771,17.7991451227152,15.2693946751948,16.5815682422072,16.6449820105595,16.3213641501529
"APRT",15.647176200866,16.3582741335438,15.1869698893526,15.0976933356509,15.7850943042898,15.4921079248998
"EPRS1",19.1294010059771,18.5950947814811,18.8893074046876,20.1487747129813,20.339769663942,20.348857259945
"HSP90AA1",18.8013210498994,20.1330695709809,17.9594930605732,19.0794032695042,19.2421262412525,18.7715620073617
"HNRNPC",20.9519391273495,20.709448190577,20.5211339956742,20.3802978665402,20.2851077686292,20.2743244588886
"YES1",15.5017469514553,16.1250790335464,15.4018413235168,15.5526815241366,15.9737783631798,15.3753811211207
"LYN",18.7710944771502,18.9142584002195,18.674816386786,18.4848917144848,18.5478616682748,18.3908275998347
"FH",14.6504967233109,16.444037474499,14.1807154834878,15.451871444513,15.3245038718544,14.9221727094869
"ERCC1",12.9323703464333,14.4142681798847,13.3990940372746,14.5858325750808,12.9375872658838,14.6421562832823
"SP1",15.5389252813993,15.7712294638427,15.5034679074887,15.5179872184002,15.3639165718318,15.5952725191583
"ZFY",15.123564802212,15.5627768356312,15.3875885178073,15.2588371715485,15.5980026157912,14.9801824293307
"ANXA6",14.0093511462246,15.103789385623,14.0209952127843,14.0343367000598,13.8913182640821,13.8789380468492
"ABCB1",14.6164722272866,14.8730828167487,14.3404328491461,16.0572456948008,15.4120575885479,14.5333212143444
"SLC3A2",16.1606254333422,16.9047423305987,15.6045659116748,16.0234022116629,16.0176077018226,15.949377097697
"HSP90AB1",19.7507020800696,20.88777387116,19.1221987507788,19.8885387384689,19.9858460219213,19.6511442117981
"SRPRA",18.1618945693529,18.1763358249992,17.8720982881712,18.0331793842179,18.3190932387953,18.1314990451505
"ITGA2B",14.4244970653834,15.4913087582371,14.4465060585935,14.7255885461855,14.8272390837255,13.361390872228
"PDHA1",15.4462469557979,16.3269375607119,15.4976329467473,15.8196212116877,15.8032676572782,15.6768734726518
"PLEK",15.3017501732629,14.9889155474307,14.8895306762181,14.9034480213765,14.9211113643183,15.0205785076652
"CYC1",16.4883252355025,16.4849372520045,16.3156158997671,16.7252453536218,16.9499357703339,16.5728926282534
"PTPRC",15.58417953701,16.1554133747672,14.6263300155249,14.9190126874488,15.6399336068278,14.792101922278
"SNRPB2",17.8163236407672,17.8807977866843,17.7458599529653,17.7745341463538,17.6813974470706,17.5084783277621
"SNRNP70",20.032806484005,19.8542724522678,20.234982979854,20.7256975941877,20.5278872034513,20.6710732351735
"RPS17",19.2741721016448,19.3390196542528,19.3626853658325,19.2034243363074,19.3173271508439,19.2069008423183
"GNAI3",16.5705351225567,18.0088474505762,17.0221561400929,16.1537218297084,17.0315957138749,16.4278257373842
"RPSA",21.467087822455,21.4974810565608,21.5705196691294,21.2202550305006,21.0253377656331,21.188660193488
"MRPL3",14.6806792810807,14.4786824814001,14.835194487585,14.949840386393,14.4030687606506,15.3910681094943
"SNRPA",20.8572021043984,20.8415751734308,20.9299468624565,21.1925748643166,21.0546884377453,21.0513869987855
"SRP19",12.0472685493592,13.1189146382084,12.2623850880596,13.1136954534838,12.8334181542605,12.368837086704
"GSTP1",19.2892018692767,20.5488392137131,18.4318232120406,19.5210085879517,19.3792586282974,19.1633747520335
"SNRPC",16.4391747577792,16.6785296503038,17.0027512986844,17.5066908777833,17.4912829344176,17.3463212813493
"LGALS1",16.5899991102575,17.456966371776,16.3815715932365,17.1937258385233,17.2388729532822,16.9088467927329
"QDPR",12.3183640759663,14.8192803895286,8.78873134623664,13.9337428373797,13.8478130553238,10.5778975333617
"HMGB1",18.1024000934693,18.9158107416119,17.3573904896062,18.324680272445,18.1939463995321,18.2055547815022
"GSTM1",13.6910026830257,15.061832931385,14.4902832490624,14.6574149796229,14.4808688202806,14.2968599401021
"TPM1",15.643851230502,15.4372937462241,16.0102455096383,15.9296231285518,15.6797035789693,15.5006253096991
"CLTA",16.8819074971834,17.5487445589584,17.2093642606181,16.793559875377,16.7283633868729,16.6636600543259
"ANXA4",12.7844173821484,14.1005040527162,10.920310422584,13.7280420917648,13.1671967065124,13.4389569787005
"CNP",15.5190438634024,15.8624269814778,15.5641825434276,15.7570132165258,15.9258944437685,15.5807442527481
"DLD",14.9061639461837,15.8085489583653,14.9949377779561,15.0970370898909,15.2448061353159,15.1684485598531
"HNRNPA1",20.402355922315,20.29949915793,20.8514644924062,21.204983302715,20.9952764426047,21.1415644734229
"SNRPA1",17.7085207559098,17.8605460969892,17.8227362464486,17.689749877716,17.644307313656,17.6693219137915
"FGR",14.9302921083891,14.7769898718784,15.1663528241179,14.453923403574,15.3829499469799,14.8011316708011
"PARP1",23.2266190119369,22.783551220986,23.0821020886915,23.5873055232038,23.5688014584441,23.6497492238456
"POLA1",17.8771401971879,17.1387215721616,18.415139185597,17.9241602700009,17.5442948793776,18.0545174111108
"IFIT1",15.0736705527436,15.9936309360499,15.0879341181302,14.8783159797575,15.7808558093743,14.5105785041595
"LTA4H",12.6056309792002,15.2177091265028,14.2542489070374,14.3897363247088,12.8449985492324,13.790457651931
"ALDOC",16.6921889773432,18.336096367598,15.793290937068,17.0453130153506,17.2196249637993,16.8958187876164
"H2AZ1",17.3324809389704,17.3427894821555,17.8670541458542,17.2354914791447,17.4146802814888,17.3957464875958
"H2AC11",22.800182546238,22.391344164142,22.6162351764247,22.9455990408018,22.8273050973758,22.7060868278231
"TFPT",18.5366183158275,18.476442842251,18.2848390077554,18.73110509717,18.5791277060491,18.5357200742366
"FBXO45",15.0667164481025,16.1729468213254,17.1489200076969,16.3180541086121,16.5574853161333,16.9115071516594
"POLR2M",17.0425342643129,16.9153219489924,17.053311409274,16.9004177115183,16.8511662687343,17.0502038629177
"POTEI",17.0097836854986,18.0129678669362,17.4773098838423,17.3337228979198,17.3986252157621,16.1712395544595
"SP9",16.5308772211635,16.5081082758498,14.9591232464909,16.1284402594806,15.7860051229273,15.7689211498391
"HSPA1A",16.1059054402226,16.4449357684373,16.1769149970646,16.207338798528,16.3249953140072,16.422226757956
"CALM1",17.5288451488749,18.7285174444084,17.8625408058171,17.5866559803758,18.0960004234661,17.8108760968157
"ERCC6",15.0147865242296,15.024722191641,15.1018880022454,14.783412351149,14.8866630826427,15.1709841699896
"POLR1D",16.4518731343966,16.5759113800034,16.4661820365214,16.4936678466692,16.489358001772,16.5786118036729
"GATD3",13.0381508102694,13.916755128313,13.2809755828819,12.1511862659905,13.5341396823321,11.1236440706392
"GLI2",22.184595415466,22.0753040079199,22.1152430903472,22.1722332249156,22.299350856284,22.2487030010492
"ZBTB48",17.9313481663949,17.6714627684172,17.7829122341798,17.7003058004129,17.6435972844999,17.730990409197
"GLI4",15.0084938395167,14.1287295825133,14.5888136418162,14.8445321343631,14.7975490642026,14.9755155511137
"RO60",17.0732971412731,17.1692320369497,17.0468140846326,17.0510896391417,17.2302270725563,17.0008665322737
"HLA-C",14.7720871432621,15.3748003089997,13.6248550720138,14.5001503602505,14.8168998501439,14.5887817333936
"ARAF",14.9766216242275,15.1078184138022,14.2273120676813,15.2589759660211,15.3601609552121,15.6532185915957
"H1-4",22.1824911956273,21.9980501883607,21.6304334257249,21.9376603817255,21.9773272698198,21.8932093061497
"DLAT",16.6300698502994,17.9469722777064,16.0298121792561,16.6041755088071,16.7902753062265,16.602652910274
"TXN",17.7211846538913,18.1578913371048,17.7909824895114,17.9412969697799,18.1429356906784,17.895984059057
"MGST1",15.7052624063513,15.6748980470438,15.2518884443192,14.4033536109745,15.0978613616252,14.8324899351123
"PRKAR1A",16.198102936365,16.6726174619915,15.432560005732,16.1063611207729,16.2963148989219,15.6955192158124
"TFPI",14.8309487029965,14.8996310372633,14.8081742057813,14.9008918493124,14.8879594361275,15.1174988327878
"ESD",12.6636832256499,15.9299208789479,12.6733913874357,15.2614845373593,14.2224610523782,16.6321769041988
"HSPD1",18.9007753456577,19.9968463839144,18.3670618156991,19.1109281700692,18.9352055166136,18.737257049176
"CLU",16.1539624415989,15.3942313598506,15.0671476710813,15.9552986119236,16.2139192655138,15.6222570868091
"HSPA5",20.5254573411071,20.7966767138057,20.428313754514,20.4706491439063,20.4483604438795,20.5126557924006
"HSPA8",21.6151321772987,22.0390632853289,21.4887646840963,21.5436964478641,21.6760031911694,21.6212564222977
"SLC2A1",15.4204986856747,15.7278425652173,14.680897356844,14.8591827079762,14.7503612904019,15.0922533648006
"EPB41",14.0270054130309,14.6701985301948,14.299118336996,14.2808849982945,13.8365047758287,14.3338547201074
"UMPS",15.4356083461159,16.2908693267907,15.1325653161388,15.4890822033665,15.5550258386337,15.5681701947206
"PDHB",16.2995270791942,16.9754117223016,15.7844602230901,16.3898909324524,16.5347191598118,16.3692605213643
"DBT",16.0127447729895,16.5297212235209,15.3187973348033,19.0572812916577,19.2176777870411,18.9007029203622
"PYGB",16.1985254234181,16.768540766632,16.1732354970772,16.2176086409399,16.5398292527762,16.5356644945303
"RALA",14.5455364121891,14.9493945395423,14.7541206057247,14.576334294458,14.5377713802347,14.4782583427099
"RALB",15.1549708731937,14.9883325786483,15.1615106194649,15.1788589451609,15.1146350292595,14.8178196882353
"BCR",16.5367174114944,16.6709750533677,16.5215388539781,16.3543220521579,16.3749711923218,16.3882082077478
"LAMP1",17.0532647351709,15.2206910868252,14.0776388170662,12.7690555994375,17.6139081401322,12.7105830262288
"ERG",15.3907412980283,15.5289878799917,15.0628265710387,15.6634865569547,15.32831526047,15.2888934632002
"ACADM",14.9332145644876,15.5001659246369,14.3204722673932,15.1888722264757,15.2771503245112,14.4780052284235
"FGFR1",14.0458208244868,13.4765241484894,14.4554294589586,10.775008171357,14.9091143038119,11.1602873403714
"TOP1",19.4353491832467,19.4207596253183,19.3700377276936,19.2606423235888,19.282971318362,19.3153318870329
"TOP2A",18.0178914688702,17.8684382630859,17.9985891627151,17.9248232875996,18.0628231989234,18.0117696275898
"G6PD",16.4854067787676,16.9681474663031,16.192446169735,16.4461680105061,16.5791335264918,16.4866490803726
"PC",22.4470004671642,22.3015155920967,22.3516315897608,22.9853721463904,22.9650413484882,23.0134032712136
"MTHFD1",18.1680939567927,18.9229733207249,17.8649515147072,18.3038555596484,18.2557138015771,18.2275203383871
"ADH5",9.26163104387232,14.4813198828705,11.0151557167027,13.6721131441708,13.5197541794981,13.5974387071549
"PRPS2",15.0031170834093,15.5514512797056,14.4126800558173,15.1792842273406,14.9440093446562,14.9002010018945
"PABPC1",22.114709811979,22.1086906671892,22.1868547706108,22.1562781580472,22.0443093971747,22.2095783032907
"PCNA",16.5899815020026,17.3653101968016,16.2774299841911,16.2855773250273,16.7288440398052,16.4181276737592
"SLC25A4",14.2988385186015,14.632243957531,14.5000910895297,12.8719769354891,14.800923402153,13.0211049747749
"SLC25A6",17.0242989640154,17.591349070174,17.0113931444567,16.8362570173691,17.5829602795869,16.9912993972028
"IMPDH2",17.9595214742778,18.4557271909747,17.8420954329844,17.8436094385823,17.9178487768296,17.8792139017936
"TPR",18.7507357686668,19.2356963991317,18.6548806218494,18.8347965220775,18.6723891871233,18.7748670870187
"PIP",14.9430562389674,15.198475736765,15.3770417089206,15.3115656254422,15.5003338848118,15.5675384364905
"BCKDHA",15.6806182469218,16.1936223787885,15.244427576035,16.0171785748274,16.1555641785933,16.0476686124425
"SKI",16.0735296848967,15.6250866608223,16.5975991143671,15.6141643024277,15.8380937282426,16.2513921653885
"ACTN1",16.2476504376328,16.8368511915349,15.9857865365924,16.1530993372884,16.1262140280263,16.0100319411806
"MYL4",12.6078853816478,15.8193533458653,12.4328697103439,15.1294013481829,14.3016060076751,13.1817414544704
"PEPD",15.6939272781864,16.9124639782757,14.762148318964,15.9083658796254,16.1680703474505,15.919085846723
"XRCC6",20.0152659890674,20.1195083148848,20.0074045623988,20.1724792725275,20.1377946766316,20.093206184382
"XRCC5",19.0334248836303,19.1116877800318,19.0784081891875,19.178852770724,19.1909808742337,19.2060355424173
"COX4I1",15.4489463326841,16.4153070988559,14.1214222189671,15.2674992222708,15.5352281346329,14.7394459458603
"IFITM1",13.3998353449184,14.9278030960846,14.6074057411459,18.5845892455023,18.8400368796106,19.0290981952172
"LAMP2",15.4077629416955,16.3976742987435,14.8365366795285,15.7660601325479,15.8311707474672,15.7530803930085
"RNH1",14.8499153273238,15.4956831720902,14.6632663336714,14.9547892369023,14.4461175970077,14.5867084573383
"NCAM1",14.5823341870297,15.1575849698813,14.9701313490454,14.7209215117526,12.8833911947585,12.9434818559085
"EEF2",20.0594356985557,20.8165231640468,20.014843763604,20.1946716217638,20.3075572667026,20.2041167679973
"PDIA4",15.4388243336391,16.7939625413356,14.7175655823057,16.0247927355416,15.6516957638833,15.9655546073639
"P4HA1",15.312184299724,15.14359231627,15.0690876216353,15.1946206721086,15.2426706040004,15.4314649578206
"TPT1",16.484148990505,17.5388530664949,16.1454634206109,16.6929323640142,16.8628290617142,16.4491734769567
"LCP1",18.2210014550493,19.5241198496232,17.4713601460661,18.3293017107224,18.4386655755063,18.1003498362053
"APEH",15.6368245971116,16.826626935673,14.8691908964564,15.9396359816684,15.8852113743432,15.5765663345647
"ETFA",17.5319770280578,17.4800593298276,19.4774128217913,17.8063244350388,18.4673943615407,19.6628680909069
"GYS1",13.3605394501492,15.6794440866607,14.7575990849837,12.3161098347338,15.465793816688,12.4363953997804
"PRKAR2A",15.698479065273,16.3094447341441,15.9188782575073,15.9731463413363,16.0588302316183,15.8748140125964
"MTHFD2",15.9476106861418,16.4737808880294,15.8290503528874,16.1093733339719,15.9644471434957,16.3634898031454
"MIF",17.5620378609429,19.3457508741026,16.688504397815,18.5308836204708,18.2272705791389,17.813620757614
"PRKCSH",17.3123162785526,18.5967229940073,17.9966331393863,17.7222713561622,17.6973902646514,16.9171863923401
"HCLS1",17.6306807170111,17.8058481413841,17.7076422288908,17.5780741138819,17.4219232138368,17.3185124472617
"FDPS",15.4873431427638,16.9310788932422,14.8683592460557,15.7059629491039,16.0764730415474,15.6618306950699
"TRIM27",16.2459840613548,16.0151693551368,15.9586304213155,15.4097133517317,15.9437138471417,15.7501873644009
"COX7A2",14.7043343499329,15.6600577495516,14.3644193621545,15.2045184176725,15.4160948737966,15.3800216553297
"AKR1A1",16.3324441374711,17.9278930402873,15.28259798785,16.4910430123274,16.7620146606639,16.2279851430756
"PKM",18.3660680381048,19.3399490560555,17.9981075555621,18.4779574326299,18.5065527415547,18.2859118550741
"HSP90B1",17.3793374116054,18.6958079069961,16.5980940933908,17.4516475576675,17.7159500624544,17.1052638074771
"CCNB1",15.1145902975558,17.4961601873054,16.100231346684,15.0375933672271,15.2120593459485,15.2533753342276
"MYL6B",17.1777912986369,17.2612341152016,17.2642252265955,17.4142790077812,17.0601660525923,17.0184003701625
"SNRPB",19.2045267279674,19.3125105282191,19.5472156793291,19.4845668542087,19.5072109199036,19.3952257592426
"IDE",15.9331561692049,17.0200635356963,15.2301302703487,15.5625787276144,14.6954890434358,15.7582310237506
"HNRNPL",20.1101813658591,19.8700773452907,20.2427776519499,20.3524701234646,20.2210487193801,20.3408039439987
"DARS1",19.5762759242519,19.3308087139358,19.3207334849863,20.469895552634,20.7692894374437,20.6930734220342
"JUP",16.9683707007692,16.5815686835198,16.8757795352176,17.3649589681215,17.3648322997214,17.0489160468349
"CPA3",15.1683703630782,15.7650104048455,15.5410775527681,15.1459557820141,15.7586463508495,14.9873625721386
"GLUL",15.3462683461051,16.247712828364,15.5506853793688,15.8701455435326,15.7998263495788,14.8925517338576
"ANPEP",19.19419535623,19.5598793082382,19.3072766443567,19.1760020517508,19.2740507231143,19.0216206412487
"RAC2",18.0618074119972,18.5178510129044,17.6568036578662,18.0484497822722,18.1538471863873,18.0668845688638
"GSPT1",17.6005873500844,17.57435352629,17.7323549330877,17.6702340413885,17.3720779115731,17.3945841087416
"EZR",16.1483067615753,17.1286982124556,15.868396964476,16.5317506164898,17.0091574454062,16.6643625581716
"ATF2",13.2870703817027,14.5605252211742,13.1707830683642,14.0898800310881,13.9470381865891,14.744138490199
"UCHL3",14.9036123976533,15.2962731296271,14.9885038948222,15.1830887625984,14.5668373868278,15.1942752783452
"FOSL2",14.2691736624257,14.5700559225962,15.1421777939065,14.7766266194248,14.3833752346319,14.9547097791695
"VAV1",17.9055407250864,17.9396372326827,17.9482542884548,17.92737335085,17.8689340555558,17.9528226216812
"NME1",14.2687567511397,15.7289409215311,14.5549157351901,14.7029126777779,14.9771935094903,14.8888384703611
"RPS2",21.3598063862499,21.5591162043843,21.3290544867023,21.4391068880166,21.3476040683032,21.1597316733709
"TCF4",13.83728268963,13.5038677166312,14.3508032320642,14.426090042771,12.8005111371321,12.2843755651783
"DSP",17.4764445035969,17.0528764329638,17.4629657412498,17.8028487156763,17.9057195744588,17.5360659566295
"RPA2",17.6165247220838,17.5382866314336,17.5172393940496,17.4885661120293,17.1513094376323,17.1444841881266
"CD44",15.7655382167664,16.7732878481762,15.6400168417557,16.4359020110196,16.4820139598528,15.6632177921831
"H2AX",21.8314161921889,21.7912415198306,22.0348921351454,22.0378254191981,21.9481750661224,21.871189642931
"SPN",16.3562140462302,17.24221655613,16.2837062291028,16.6189043650257,16.68058863536,16.474411262436
"CREB1",15.6811530183101,16.1413513995201,15.8652392168783,15.7500818207497,16.0546030461909,15.771014149882
"NCK1",15.0839447623995,16.1087069873173,15.8872571536951,15.4161135496814,15.8795239736536,15.4224218139833
"H1-5",22.8632592841814,22.7964457541707,22.7624464183901,22.8257652824287,22.7130473658519,22.7382272230363
"H1-3",20.6280821933237,20.1984161440964,19.9883385817156,20.7666991451877,20.6053442301213,20.2882992567095
"H1-2",20.4922628857762,20.0045059184255,20.0036521373768,20.7205082220223,19.9967770249846,19.9914191518165
"ATP2A2",15.068420288374,15.7492242541629,14.6590830522739,14.9422915869692,15.0528668832322,14.7930115813811
"FAH",12.7196399443959,14.4180133985774,12.7658573028137,13.0642240205825,13.1108770446209,9.49512575841119
"STMN1",15.9680642621221,18.0048930608942,15.7496223070065,16.6843365312438,17.1370594775169,16.5429694201696
"YBX3",18.7391821310514,18.6605700586151,18.8625822118695,19.2154460232554,19.1237911462651,19.2568923468619
"ZNF16",13.7227735975587,13.1148107707608,13.9069175519632,14.4366096599128,15.3895750122923,14.0703232431089
"ZNF22",16.3819360495977,15.9502698492967,16.3099944273573,16.5595584318235,16.383018670587,16.1172186954159
"HMGA1",18.1618660373812,18.4904550431449,18.7439678213562,19.0365506069183,19.4363779665478,19.3864199489765
"GOT1",14.4993790279711,14.9815329443535,13.8430414692186,14.746981148072,14.2154844641928,14.3501695066984
"UBTF",21.5402470174878,21.2405748604341,21.4543402138781,21.437853747959,21.3365885515725,21.3445759231065
"JUND",14.5251785688753,16.2392758370722,15.8069634010439,15.9961258812869,15.5686200090227,15.7481013152344
"NDUFB7",14.6699534832829,14.9674254984137,14.811552227641,14.9697453066421,15.1074283796245,14.7780450361972
"PTPN2",16.0767599921079,15.9858767501378,15.5160548636252,15.9011276220828,16.0954709936338,15.9397093191196
"CTPS1",17.2350808971994,17.404559090887,17.0596134833232,17.3130378353679,17.2204433261124,17.1924694798491
"DDX5",20.6940151914861,20.612587053333,20.7318501645863,20.9946570051503,20.9683940601922,21.0358736908096
"PFKL",16.5925079021171,16.7510006055949,16.5924244793195,16.7425835210519,16.5571682455512,16.561625664317
"FLT1",15.0279719372123,17.3785163646753,15.5507208466955,17.8953897269917,18.0669474068238,17.6857278974226
"PSMC3",15.5621796567954,16.4301321894484,15.0303166780923,15.4326123631503,15.7080665004638,15.3732084209254
"TCP1",17.3661085607018,18.0691394522446,17.2349853179769,17.6121897712069,17.6485754726183,17.6997517081788
"PTPN1",15.7169880284257,15.644736190729,15.1916683206821,15.8036735505891,16.0448493725279,16.0515052935425
"ERCC2",15.2404933729463,15.5498687886197,15.1061122323133,14.4751956127604,15.6207610783218,15.0036345597926
"RPL35A",18.8807181644669,18.7771802370942,18.7772314242108,18.4664424752439,18.2280809052539,18.2310186250713
"ARF4",15.0016930545541,15.6641649180309,13.8222424828792,15.1904822602768,15.2316340810724,14.3569647593664
"RPL7",21.5155919547024,21.1843504268235,21.4113615063835,20.9965269328463,20.8160699818257,20.8678911867071
"VCL",15.6541014633466,17.0060115286523,15.3236861883626,16.0131252665041,15.990004305227,15.8182005587386
"SON",20.2802839215714,20.1661061867296,20.2167547376756,19.5371022531784,19.8141475479101,19.7314725081102
"NELFE",15.5933149590892,15.8303092061579,15.5750729663853,15.7958488377317,15.5929285925269,15.9314362969794
"RPL17",22.7192004772412,22.3988277005967,22.4457540920217,22.6729507713049,22.5654451909637,22.4602448985702
"PGAM1",17.424488962559,18.7908001910478,16.6397191403354,17.8715940772782,17.8479100718122,17.2954780275876
"RCC1",16.2160140011688,16.7120836131054,16.0309392968547,16.1776443575788,16.1567597735551,16.1661876060561
"ATF1",14.9610058382283,16.0186965850045,15.3386345130101,14.6772307886322,15.989035910439,14.4197476411035
"ATF6",14.3249507114662,14.0223484787045,14.0406348735259,14.8221443638415,14.3152721408306,14.3271569012221
"LIG1",14.9694663440622,15.2334813094992,14.6714051165947,14.1540418188897,14.5934033786442,14.5726457573272
"XRCC1",18.9929403271261,18.7237823814173,19.0928047221531,18.9898286999875,18.9083141845309,19.0039527676454
"PLCG1",15.5099089520462,15.707174064588,15.6760959165188,15.5168162261235,15.6134449476758,15.5386922897413
"NCL",23.4169138561579,23.1963822533623,23.2994489617935,23.7682222929976,23.7062610798947,23.7546413548837
"HK1",14.2872611782612,15.5445166595007,13.4890462544157,14.4912264148152,14.3381578656465,14.6757764776876
"POLR2C",18.3318851812574,18.3925345252032,18.348364824403,18.1754985303022,18.3041496408058,18.1889886375038
"POLR2E",18.4718116512049,18.5913233910621,18.4870826493445,18.5315676493763,18.6154702242666,18.5417115510424
"NDUFV2",13.8988782426584,15.4941050479067,13.9955352200679,14.1451004942516,15.0840509733888,14.9078050927081
"ERCC3",19.4237294077712,19.3011080862541,19.3422010059575,19.2946447535264,19.3129341260299,19.3054808817238
"EIF2AK2",20.0446617287268,19.816335173211,20.1086598511195,20.2440527557758,20.0934567675249,20.1884972111483
"WT1",16.1064331002272,15.5609841690689,16.8293167961428,16.4687282387464,16.4010458248067,16.4124808664003
"SRM",15.7736430830101,16.8741471204566,15.219004059588,15.287098021345,16.0743384313805,15.6781382200987
"CSNK2A2",18.3082588949794,18.2202318815765,18.2617338143751,18.6762469096825,18.580029520892,18.4970811305825
"ITIH2",15.0306407147556,16.3424877650892,14.3869802448097,15.1460931746432,15.2199327073683,15.2258803418214
"NFKB1",15.3050869214042,15.4497035453899,15.1071988864668,15.033679588807,15.0946557038333,15.1713209973865
"EIF2S2",20.7558424210207,20.5297279329303,20.5888985103947,21.2554131363934,21.1900441974594,21.2055079852467
"ANXA7",14.8548935055658,15.5281530193195,14.0362380171445,15.1402256595185,14.9027021617812,14.9797461753462
"TBP",15.3220284037897,15.8536358307798,14.3324703968792,14.5314981873692,15.2153737363512,15.611573544307
"BTF3",17.787774861867,18.2417046505065,17.8086781608265,17.7991878195131,17.5963783228417,17.6297365412233
"CHRM3",15.6520242628071,16.241298608112,15.581022058557,15.6916508400469,16.0351530601796,15.786053023324
"RAB6A",15.5893670382199,16.0707639328113,15.4807871092426,15.3225564602302,15.4105992631745,15.1757455065227
"MSH3",15.809128092233,15.6049241055264,15.6992463623695,16.0017167134056,15.797358239277,15.8274426949388
"PSMB1",15.355118222797,16.3027106712372,15.150562929058,15.6743175273094,15.4816651185765,15.4336532451809
"LMNB1",17.7039400620102,18.0192771569867,17.3954028430347,17.5950986433589,17.523728255789,17.7487657248162
"ITGAL",16.71624749093,17.6059705717887,16.2542702030022,16.2514310011187,16.928618186279,16.6852874213938
"FLG",15.6877255153456,14.5632276788596,15.9620900918397,16.372998334607,16.0217418085528,15.6563728227469
"CDK11B",18.3907936002257,18.3078931856967,18.4178648734459,18.2018683367201,18.2766142494158,18.2295501843397
"ATP6V1B2",15.165722767463,15.9725786826247,14.2790799187295,15.3755288923239,15.1107239836042,14.9039993987565
"FLNA",20.0825399401155,19.9576218451639,19.9700585525283,19.8270360052731,19.878457200404,19.7864380454177
"ACO1",14.228994057453,15.3935039847639,14.1014842964518,14.8465518835183,14.7753005989169,14.8641129051245
"TNFAIP3",14.2794444526402,14.2497487150836,13.895245147655,12.8890221339966,14.1555406202402,12.998428813857
"TAF1",17.2953000827823,17.1423978810534,17.1715088303327,17.191871485231,17.3280478715071,17.3268865771226
"VDAC1",16.6493137247202,17.3416221049771,15.8389697347606,16.3238228528903,16.5327726125572,16.3175212569911
"SDHB",15.0571887803194,15.4793747016221,14.7455345220118,15.0486182465782,15.1133390372737,15.5630641517505
"COMT",15.7397795551712,15.2862705151286,15.1911592525232,15.6499597801351,16.1028688742025,15.5413436194198
"OSBP",14.5861982065056,15.2779482538927,13.9668475196941,14.8008969178892,14.9316587291762,14.6092336347841
"PCMT1",16.4773726594714,16.5577433193208,16.4307032700155,16.5852887667386,16.4070844942139,16.5116612472476
"FUT4",18.5236850748282,18.6646424140783,18.7982771866611,18.7368817632591,18.4989146348076,18.8456837591973
"FBL",18.9405150567725,18.8613785908016,19.1110304461055,18.8205848939392,18.8292033060549,18.8843259201002
"RPS4Y1",18.547668270935,18.3359767752653,18.2654606678046,18.6289326124134,18.5577052574041,18.571108672257
"GART",18.1891614600432,18.6391843540407,18.132950902915,18.2697276464508,18.1497072833157,18.2095769706794
"PAICS",19.0212550175432,19.5521145180638,18.9891845036431,18.8644298666777,19.0476402321795,18.9065098537486
"SCP2",13.2578808855074,14.501875303884,14.0095228343667,15.1724486050933,13.6982436598687,14.6343005724731
"UBA1",17.0962410747017,18.2301296697719,16.4283919897729,17.1766068782675,17.3173392970457,16.9407143665767
"NME2",17.2618521484963,18.7959545345789,16.8322568670972,17.9134915221521,17.7146809977028,17.5249271596389
"HNRNPA2B1",20.5002696569835,20.2877247776567,21.0257056405399,21.2211529456863,21.0025246963116,21.030454306652
"CBL",15.6490239161372,16.0889360279013,15.7253855110992,15.8909099437794,15.3560349410996,15.6843100371394
"UQCRC2",17.3156541943102,17.491031171024,17.2636645960565,17.2398440663262,17.3460146732704,17.2934709303643
"TGM1",15.999946857758,15.7121476574049,15.9140731296337,16.3290941566684,16.2621855249499,16.2611925117108
"FECH",15.3425233564032,15.3185519183104,15.0531171926434,15.3390064448468,15.1578272273758,15.0751822483341
"XPA",16.6532922455345,16.7850189303824,16.4568414350026,17.1323953995653,17.1687112872096,17.0017820150995
"TCEA1",17.6940596529874,17.7277178803438,17.5203163482896,17.6585551531954,17.5900467860151,17.6120587117866
"SFPQ",18.7756538726583,18.8970263293794,18.9992839342205,20.3052525239774,20.3293638659934,20.4143129952583
"TUBG1",14.2746531098436,14.7259058361313,13.5594017088702,14.3648271712119,14.3414812960076,14.3599468331852
"PPIB",18.7644704408748,19.0986181410397,18.4533403327884,19.1964666946228,19.5762045731192,19.429393255417
"ME2",14.7721762452712,15.370665443406,14.7307635926065,15.7230099957965,14.8857275411633,15.2440392711729
"WARS1",15.6119267762132,16.2474702959079,15.4953762554443,16.0237585758787,15.8386452952103,15.7868358519307
"RPS3",20.7713572800193,20.7268811960917,20.6973305646896,20.5069436413578,20.5396276047628,20.5683120572424
"GCSH",15.4218968444643,15.7976432894248,14.193100251087,14.4935121180057,15.1262467833197,14.0328298156195
"RPS6KB1",15.2543374941888,16.3369167225734,15.3010221969483,15.8128499015547,15.6602194647859,15.1387875562562
"JAK1",14.3629247413674,14.8758910514347,14.2162386283921,14.5022105418559,14.9477507054926,14.9883740337022
"SP100",15.7286038662065,16.0874468876468,15.7502764893729,15.7542439692667,16.0102436298491,15.7435603557585
"AHCY",16.9875914462545,18.1169495264083,16.2620384889944,16.9599220932193,16.987698798288,16.6333703297072
"CFL1",18.5677806506039,19.3737430596769,18.6195920472817,18.818229211737,19.0839747531543,18.6557796361729
"EIF4B",17.9139622596259,18.2448407086917,17.9259867316118,18.0461188615471,17.7920820898561,17.6267523222396
"ATP2B4",14.8901875510448,15.4451346019214,14.7609958313151,14.7584946836501,14.8471681677568,14.4516546079772
"GATA2",13.9150333583236,12.6646988897779,13.0012704280326,13.4328138154695,13.5088727905021,13.8704643252977
"RRM1",14.9176385040139,15.7344413124193,14.856213855573,15.0448261117839,14.9562712367595,14.9473332095452
"IL4R",16.0387927736688,16.2063995257443,15.9717806756642,15.9330527427918,16.1156443769888,15.8400767599877
"EEF1B2",18.6882760274022,19.3078106026721,18.6548762526026,18.6255393035953,19.2300976230058,18.9110531726853
"ACAT1",15.8689725062592,16.7397529262147,15.7001502180589,16.0856500464669,16.0905773326377,16.196045141499
"POLR2A",19.8884434588132,19.6442344249726,19.8560375399983,19.5831447606473,19.7011512650612,19.7393714816787
"APC",14.220266160749,13.984504886178,14.1151856035892,12.9905291388929,12.0181864018802,13.9830979952352
"GRK2",18.2353833515542,18.7458687809049,18.111854963302,18.418912412056,18.0516311453281,18.3429988936414
"MCM3",18.2476820041572,18.5252439764367,18.1979853010114,18.273219914017,18.4344797173284,18.343782550087
"AZGP1",16.7090369500552,16.6568183886973,16.7287872412962,16.3945710467463,16.7573521131207,16.5102225303025
"RPS12",19.7598545451655,19.9962916949683,20.2254310516565,19.7316198373816,19.679462574283,19.632472716116
"BRD2",13.9014642859553,14.1961396462061,13.6293052732486,14.2503993171561,14.387257988426,14.7289637131608
"YY1",16.377969728519,16.3317953678487,16.4840156042673,16.5182311400763,16.5204621509471,16.7040838450036
"DNAJB1",14.5948698274805,15.5104708280111,14.1973501730924,15.2324961780097,15.3064770027421,15.0117725316312
"ATP5F1A",18.9351198034946,19.4980840986408,18.6360570622742,18.9611936141036,18.986111127817,18.8684379616405
"PSMA1",15.4218756760833,16.1738524661828,14.1032007522552,15.2196602782507,15.2043777276219,15.2103852113331
"PSMA2",14.830353974222,15.7281454593762,14.4619158988294,14.9275821981167,15.125343642741,14.9010888636859
"PSMA3",17.0878443284515,17.8280654958801,16.6945320100918,17.196284946166,17.282201321541,16.9811916426547
"PSMA4",15.5298048754273,16.7662063987409,14.990588238703,15.746012665422,15.9526424315664,15.475929078149
"MSN",22.871284583428,23.4002196536121,22.6687777780458,23.1448886301397,23.2189618125185,23.1893525424306
"DDX6",18.4924184950548,18.6147115333348,18.6552711790526,19.0802825997172,19.0293678478124,19.0314299666425
"DNMT1",17.5780814869094,17.687992964581,17.4601454889412,17.7084841135844,17.788970682857,17.7448740344085
"U2AF2",21.3971492091986,21.1105235812282,21.3279367736455,21.4661653541736,21.3813669886396,21.4910898479591
"RPL13",22.2257928809927,22.0687954953637,21.9551828649223,22.1273319063101,22.0444678302819,21.9408394121813
"IVD",13.9470523454157,15.0802285650312,13.2994747822943,14.4101143564641,14.9883930298386,14.0966855097653
"MGAT1",14.732262573819,15.343724959368,14.6738103537039,14.3892987901104,14.8035795166096,14.9708530703013
"HMGB2",16.5698031079879,16.9858004758206,16.4226214751527,16.4367996911298,16.2540629205179,16.6992188119428
"PTBP1",21.4001799319457,21.2675760760933,21.4730390517972,21.7024658907372,21.6851521410221,21.7078686242318
"TARS1",17.8366296375613,18.5771138975009,17.7025578523562,18.3345247013418,18.5974558834977,18.3439386579438
"VARS1",17.8861262416586,18.3579711719843,17.8224653982342,18.164808890693,18.3946009803106,18.3398860071944
"EEF1G",19.7311939831956,20.3987333601008,19.5169755440022,20.137808182298,20.1859986219413,19.8966501287012
"FKBP2",15.2227925637686,16.39404076386,14.5202085983314,15.2674992222708,15.4829395172568,14.6315812220421
"STOM",18.2626148906252,18.675969847165,18.0242670356477,18.2998579256046,18.3720361955124,18.1564174154694
"AK4",15.5472483999224,15.2616494414522,14.9999773696574,15.2435880516219,15.8664880045581,14.9191623084028
"YWHAQ",17.4640150436897,17.9159189319959,17.3552181606822,17.7861386579163,17.4915753633262,17.5553480242403
"MAPK3",14.7892555223931,15.1090995743071,14.2052285363367,15.169315531313,15.1611098328916,14.9968306757188
"MARK3",14.0808708117597,14.1557752379495,14.1268107676786,14.607379847741,14.4024208796557,14.6917801530421
"CALML3",14.3227641762455,14.3368761124226,15.5329311595197,8.56572001224931,14.7304750197519,12.9203803783163
"RPL10",20.7123958458795,20.2492148608606,20.6457349426915,20.7337221555611,20.5960436728177,20.4883987690099
"RPA1",17.5404356321662,17.7626041334238,17.6094749878248,17.4179676925608,17.1257057617884,17.3359500476614
"APEX1",16.6384074885905,17.3007645519608,16.2530787992179,16.8660911096473,16.7350369992889,16.7018285591779
"CAD",18.6249482030475,18.7582241257817,18.6405662243809,18.2594144258237,18.6054600576365,18.5698290617861
"CALR",17.6779557089546,19.1991557581813,16.8240087762133,18.0010846513471,17.9584167767051,17.606421913138
"MAP4",19.4726856835786,19.7102545441054,19.2640054369878,19.6807307989605,19.6215013923346,19.5405754051171
"CANX",18.6892380667385,19.5026619903085,18.1140989708491,18.4793430102833,18.6037424553598,18.3578044644686
"PIK3R1",18.0637877240499,19.0466308523769,18.977430252309,18.6826907679667,19.1711170686217,19.1705610594306
"PSMB8",15.0886822517171,15.9768862774036,15.0273410376916,15.3748453999883,15.4585764300833,15.3778574964013
"PSMA5",16.0812576872584,17.0482019297617,15.9913359391929,15.7646945595351,15.960091554541,15.7073960726255
"PSMB4",15.6101457908575,16.444097750331,15.8845710451494,16.0451250584694,16.3682236172654,15.9255191369907
"PSMB6",15.0113115674408,15.3646873268251,14.3905434224151,15.1454517776518,15.0623344117503,15.0533603305994
"PSMB5",16.5841312411184,16.8684361529666,16.4705425844935,16.7706067300514,16.7609059890809,16.8084569511157
"ABCD3",17.6434485426612,17.4915604105684,17.4762537527623,17.915634626835,17.7275124857083,17.6026985026046
"ITPRID2",17.0564791708113,17.0625169358392,16.9850114859064,16.7534254902106,16.9321075749055,16.7368647235031
"NDUFS1",16.1278746554833,16.6455998386183,15.9487899482919,16.3951233989149,16.3242361095641,16.316635620418
"POLD1",15.8980070696286,16.547449994831,15.748787733782,15.6605374701453,16.077420350234,16.0824964890494
"MAPK1",17.299659952681,17.4807436648487,16.6987041242405,17.1784057587994,17.0837366168604,16.8299974254173
"ERCC5",15.5854812282054,15.5716714777757,15.3560806224156,15.5961620879146,15.2959543524313,15.25446021962
"LAP3",14.6308250943362,16.029431101013,13.8015041647273,15.0481969265026,14.9601979174229,14.637531740186
"CD34",15.0368694591972,15.9652086697776,14.5552076677307,14.5634187370134,14.8218950317591,14.4569091171137
"GTF2E1",15.6872042493228,15.8277761870271,15.4181523201608,16.1438803104216,16.0787889773799,16.1230377323786
"GTF2E2",16.858145436278,16.7492285629088,16.7508711692681,16.9644651937928,16.894162306772,16.8966901238953
"TPP2",18.3684911150577,18.9982964489174,17.6098614783886,18.1742890589524,18.1901580200491,17.58977709012
"IMPA1",13.3728891320292,14.0922980510709,12.1153203895059,12.6308745841323,12.4630785708935,10.3151091979708
"SHC1",15.5718589814701,15.9789290496283,15.3238919013697,15.6586909808701,15.6168130073789,15.8019955054543
"MPG",16.2047174695087,16.4750375287902,16.5181387596702,16.4427235639608,16.506038507519,16.5200302253006
"KDM5A",16.8947083636263,16.8346115301171,16.8255801922973,16.5657841321224,16.6539035036939,16.7170614706965
"TKT",17.8059411336111,19.1769364466628,16.85818118821,18.1645583458455,18.0922048360908,17.7790028433573
"CASP1",13.4752186698443,13.618455708038,12.8621660027697,14.0126881703686,12.075323611397,9.8664164422127
"SERPINB3",17.2944609171962,17.2936951666292,17.4620213952977,17.4405958794593,17.307582746821,17.3900448180779
"RBMS1",17.1173566806254,17.1515780988709,17.3878341611358,18.1719282336831,18.0287350013832,17.7781275788198
"PML",16.0809694655013,16.2880084623221,16.0387681292619,16.242622154227,15.9095082700351,15.9489833118717
"TYK2",15.703990684988,16.4582138629171,15.9698278519566,15.7204099406314,16.4274230785355,16.5693566295637
"EEF1D",19.313000135826,19.6457893592602,19.238117219466,19.7853700881241,19.7738059770416,19.6977781693737
"MARCKS",14.7627950309898,15.6847522633097,14.201311237091,15.4150977717476,15.2085988732743,14.86815650471
"ERP29",15.1724429403367,17.099382537575,14.2038572615273,15.373910186565,15.7272310010349,15.2720865581843
"PRDX6",17.6452576984921,18.948988032739,16.990582322542,18.1134762341603,17.9809852726171,17.7964834096685
"PRDX5",14.1883698596289,15.9708933459864,14.5821078666467,13.9518557142818,14.9882632475128,14.2887931303063
"ATP5F1D",15.4168306395574,16.4720515550401,14.7230234233453,15.1975352812473,15.5115370980376,15.5051200244866
"RPL12",20.0535103141891,20.2571328631882,20.1581787007443,19.6418190940541,19.6837018506703,19.523818058861
"ECHS1",12.2762215040955,15.7611252067736,11.5670211792437,14.6277654680647,14.4382096679633,14.4237957237548
"CMPK1",13.9427299221853,14.8132818221121,13.5069938014887,13.9038070171674,14.0021916113685,13.8706345253365
"PEBP1",16.1840795651611,17.8549980675946,15.8005458038219,16.7060429462952,16.5843787239576,15.9469036022889
"PDIA3",17.2102062545829,18.4948701125971,16.3836985556981,17.3812017375231,17.5533704038767,17.2697174208682
"PPP2R1A",17.5121825881675,18.130601831852,17.4466341711089,17.4766894916217,17.6410768899818,17.5146385522729
"PPP2R1B",14.3640637088992,15.4131266270472,13.8683963374515,13.8132902908327,13.7912507136061,14.0890660036346
"CDC27",15.5130364885614,15.6277496000424,15.450462519597,15.318316205749,15.6972403686005,15.2611271192519
"NKTR",18.2049036020628,17.8168316059515,18.0359875744797,17.5748880967729,17.45947404457,17.5001217213407
"NMT1",16.0404025342025,16.2736255947401,15.847998863334,15.925318684613,16.2361224123991,16.1580590665652
"HMOX2",15.1600210842828,15.4011256111333,14.5739500837869,16.0100351110562,15.0571109159791,14.5343393628188
"ADSS2",15.9880575425786,16.8758941463186,14.5241449928149,15.9800665259619,15.9692432755737,16.5283234613409
"ADSL",15.8807737570186,16.6221652407163,15.795024780965,16.5773519644744,16.0605479651194,15.9488915369659
"SRI",14.478011170153,15.5234900400332,12.4875616150403,13.532210406423,14.424499886599,14.2779507191562
"GNA15",15.477945356987,15.965312310937,15.2738607841341,15.6237731181064,15.333106595621,15.0715155743629
"SERPINB1",20.101813364781,20.8531870917166,19.725615158306,20.1669744635907,20.2098481317207,20.0171378957522
"GCH1",17.4050460383644,17.0242710402613,17.2153317371815,17.5788796154779,17.5346004744933,17.1423871108488
"ALDH1B1",15.4616611796031,15.4776012851459,15.0059451027314,15.5479276817235,15.2129248211495,15.2524916260084
"POLR2B",19.8598988658841,19.6962531481303,19.7995579952186,19.6193056424098,19.6669173355195,19.6529953042415
"SDHA",16.0742585598705,16.9081556863229,15.7654379601832,16.1561221935303,15.7126734226869,16.0817759253479
"CORO1A",17.6896943305411,18.8408041343982,17.067409150348,18.0386485979163,17.9600418781257,17.7450306734409
"S100A7",16.460385276502,16.0756988295448,16.1249344972759,15.8185780834484,16.0320377607381,16.0924608840581
"MAT2A",16.6683975741998,17.4559179466765,16.7241333715388,16.9642668537609,16.910935268121,16.8438423847844
"HOXA10",16.0702547230759,16.4409351706965,16.9995240496324,15.6737486970538,16.397637869958,16.158218155752
"HOXA9",13.4816798747104,12.9419212693164,14.2530738089245,13.6029600109336,13.9399491145939,13.9559304648187
"RRM2",15.7657714916082,16.9625556877594,15.1286082865459,15.996700326397,16.1142103474786,15.8424362857178
"DNAJA1",17.2967482064132,17.5587266735233,17.3218733235648,17.2418727617286,17.3008509569718,17.2443222068807
"UQCRC1",15.3221799809766,16.1541060772662,15.1378526200501,16.1853352138617,15.5934695584482,15.4879826574217
"ATIC",16.5210929843299,17.6740082912766,15.7906305319479,16.8677921209367,16.860561676191,16.5657182465602
"HNRNPH3",17.0204558861257,17.1970356152241,17.6896507920711,17.5564437107696,17.6410682792043,17.784020237699
"HNRNPH1",21.6825640991932,21.6096663976304,21.5772241199422,21.4916498214474,21.5716320689091,21.532119031035
"CASP14",16.8153138664456,16.9660288458259,17.3816012485671,17.0744077403771,17.0349616262121,17.1268353240592
"YWHAB",16.7542433167154,17.7436220186945,16.234768604642,16.9726294548454,16.8253952259398,16.6861670760709
"STIP1",17.5613194978063,18.8128552274244,16.7608993637091,17.7318535777921,17.823890701747,17.4575533816352
"S100A11",14.5601753592763,14.5162423482611,14.6995275581399,14.9269358356563,14.7171149563871,14.4035087302033
"PRDX2",16.9989198198474,17.5056395321715,16.7674295354034,17.2241710128034,17.3216367791496,16.9846769021938
"ARRB2",17.4010146492595,17.3342785235882,17.443142021175,17.5164013370744,17.4282779685461,17.589042922597
"GRK4",14.8025459497596,14.7852292009779,15.4512194201861,13.6798992119068,13.9951170144807,15.2493096687153
"PYCR1",17.3388877288024,15.4079088933372,15.0671476710813,15.2899033590087,15.228788746749,15.1131780961449
"ELF1",14.9978380366479,15.2430484340807,14.7783526920651,15.2432816682469,15.1622288433169,15.2311244076755
"GTF2H1",17.2800570923658,17.2591792329649,17.446911808793,17.3393249684085,17.3489105194382,17.3190687552306
"ICAM3",12.3911612471112,15.2153631181665,11.7356419061333,13.0296660791681,12.6495451974637,12.8651866286506
"RPL9",21.1827986531221,20.6622194799007,20.7933799346017,20.8389253686354,20.644010806275,20.6707641153056
"KIF5B",16.7705295114245,16.9955951494036,16.6285006483492,16.5698998613735,16.6761485454922,16.5138822370236
"CSTF2",14.5185768147289,15.0516654898074,13.2924021637704,12.7535222238104,14.6430699885713,13.8531280373521
"LSP1",16.8715598473435,17.2948012898452,16.7645506538547,16.8206960914548,16.7263470986976,16.6990860825589
"DUT",17.5366303047923,18.4556331279743,17.2964972892904,17.4555624161689,17.8136143699584,17.4592582196864
"TTK",15.6276873384422,15.3805403407891,14.408856323887,15.2720624942881,15.3213684136806,15.1406953105048
"MCM4",17.446852619434,17.833764800485,17.3136440823405,17.4957836834038,17.5628057179014,17.4287182173774
"MCM5",19.377281714243,19.5201475825001,19.5064230379582,19.515591935454,19.5151415666977,19.5058539941662
"MCM7",17.6794530212289,17.8964562264512,17.7039264802631,17.838471106551,17.7171010427991,17.7290594048557
"SHMT2",15.0611178380266,16.3112035479646,14.8010790631896,15.6017528880626,15.9223849591947,15.8727912529769
"HSPA1L",15.8467667904005,16.2403877533196,16.3526613646349,15.4043661786526,14.6099826411211,16.7835859495446
"HSPA4",14.9957364614888,16.0827280743681,14.7222554239534,15.1885930952848,15.5986182107383,15.4739052541062
"PRSS3",14.4358017020536,15.2057316724295,15.3183564942824,14.7178299261335,14.7542220433817,14.7870632081789
"CTNNB1",14.7123547673642,15.7906571289928,14.8392500528211,14.9294130276658,15.1354221612214,14.7766592069248
"BMI1",15.3496800022928,15.2080861025264,15.6613321125128,16.2368591800638,15.9747172855896,16.0009176826714
"PHB1",16.966970976694,17.8889664532109,16.1627958891338,17.1550864143058,17.4974346072864,17.108799468809
"PTPN7",17.1377463553232,17.6499933098664,16.4226353367484,17.1080173743837,17.1173385174199,17.1459335385363
"SERPINB6",17.2548546050773,17.6522572182879,17.2533492017007,17.629991117778,17.4373200182447,17.5489920176242
"NF2",16.9147295298142,17.1202901303434,17.0089915178556,17.0903470246597,17.0882289245245,17.0423240334245
"RDX",15.7535247569736,16.0096569722755,15.7603474803449,16.3662780515271,16.2408660358982,16.1030734375127
"RPA3",16.2414290770072,16.739383102023,16.2587800300502,15.9237011578125,16.9272464813984,15.7759090195845
"RFC4",20.2361571758107,20.2435277879764,20.3371124805788,20.1708271619624,20.1501109520938,20.0696845838164
"RFC2",20.4482764471596,20.6146645579156,20.3796623367075,20.3253423512905,20.3439028847186,20.3289286352226
"RFC1",20.6198350617326,20.5211167383776,20.5958127308678,20.449796303463,20.5059841170941,20.472434917592
"RPL22",22.6806689978847,21.7665841062731,22.1917427037942,22.6824738718763,22.3909837936065,22.2048906444716
"GTF2F1",17.1504555535916,17.565072691482,17.0046989952327,17.3894319500558,17.1673850183506,17.5011443539398
"AGL",18.0458276379985,18.037555640477,18.560096421259,16.7733933305259,17.1371123258833,17.6488907694003
"MYH9",24.3874399488342,24.0549093116266,24.1638349867408,24.1947165829192,24.1397841176273,23.9946693647442
"MYH10",20.7165050028,20.4398347383687,20.5574963289512,20.4939751308436,20.5665763265367,20.3683342308712
"COPB2",15.7788312458384,16.32722543939,15.6385012478613,15.841125403893,15.9427117353196,15.8261404372598
"ADD1",14.8449433502097,15.5176008068239,14.4644628542485,14.3827600495543,11.228451379796,12.2291573723369
"BSG",14.5988983811415,15.3590249772244,14.4678564843479,14.38681902799,14.6547824049777,14.6915444152618
"FUS",18.7705032375669,18.91354767751,18.9335222707768,19.5252315483105,19.3834960033592,19.6844664740816
"DEK",20.6604224123364,20.4699587311726,20.5729424820253,20.7225236427201,20.8608760127786,20.7738274624614
"MYH11",17.8470082714993,17.8332892656995,17.3169920078436,17.1212670951846,17.3874854290398,17.2381704353733
"PSMC2",15.2686342125839,16.120395643232,14.9875438180269,15.3783926423373,15.3869823322945,15.2935659454198
"TCF7",15.5994430415799,15.4688585127145,16.4782236559091,16.3864532939812,16.0915692690873,15.6894042767688
"MAP2K2",14.5069814707473,15.4435121186203,13.9918567944599,14.7646612341951,14.2010215567628,14.6486796805277
"ATP5F1C",19.5887233267105,19.5051098492691,19.3080814528735,19.9589211016243,19.8325371326114,19.6194439262822
"ATP6V1E1",13.927397704804,14.1548283913814,13.4067512751143,11.3929882418186,14.2856271166797,12.2944858581597
"RPL4",21.4327778840931,21.3292226001407,21.3938602875571,20.9414667702121,20.8125882361641,20.7440973527714
"LONP1",16.2730690796662,16.9221626491536,16.0245854218601,16.3449695862901,16.43159194831,16.3445771366763
"PGM1",14.6027655475322,16.06744465488,13.4669242864071,14.5956023767604,14.9945381819312,14.5677980640943
"PPP1CC",18.5604530040324,18.7414257398071,18.5271924143983,18.4356509331857,18.748995688833,18.4116683356066
"GNL1",14.8959926804431,15.9228716960033,15.4797119415065,15.742779493429,15.681340081074,15.2054475368423
"POLR2I",14.6737234706102,15.54531836387,15.2186191221351,14.167858962947,15.5540456704365,14.8334128370505
"DLST",17.7702688035065,18.0707878794822,17.8054495983423,17.5604901725462,17.7367636036014,17.4415839321902
"GPX4",15.7361331451338,16.1337665519462,15.8953330615715,15.7058208108981,16.2184673131544,16.232602002222
"SRP14",21.0638107732195,21.1250334511759,21.0964448039701,21.0431968736248,21.2286572470815,21.0315006410097
"FDFT1",17.1476353275706,18.3545442590911,17.1940829341482,17.3513632077745,17.6754188016823,17.5902645242767
"TAGLN2",16.176184644174,17.6077104450208,15.2488865319534,16.3668511737544,16.5591596451073,16.1971648491657
"TALDO1",15.2984443902004,16.3591368132085,14.777284497617,15.5758334755656,15.5335045219386,15.4605162739839
"ETFB",13.7618636717296,15.6666740257162,13.1743450868565,14.205275126848,14.7114050473015,14.1437298145954
"RBMX",20.4811580015337,20.2700988681902,20.5703754106276,20.8693988757554,20.701831333626,20.8347774839666
"COIL",18.7902280804558,18.7693711748872,18.5740405853786,18.4524164500467,18.3363977242111,18.3553252846176
"GGCX",13.8636029310918,14.2897336934708,13.9202536715319,12.5029165473846,10.9625932901793,14.3135898812635
"ATP6V1A",15.5884482042273,16.7870159536906,15.3870264381216,16.0487241958566,15.9078065476294,15.8545281909908
"HSPA9",18.6309865153888,19.0270736525219,18.6030819575379,18.7111997909987,18.6403644214063,18.6546109970596
"EIF4A3",19.6809706822203,19.7107096580899,19.6342521740675,19.1336574976382,19.0840156675138,19.0622952075893
"IGHMBP2",16.8726668252008,16.8123942476084,16.8642128708354,17.0317999388642,17.0998508617624,17.103389244341
"RPS19",19.2155908231752,19.1520008095136,19.1592178567776,19.2697169643672,19.2494029795637,19.0163401256902
"RPL3",21.2331019016799,20.9863787128304,21.0543774350333,21.1467669123713,20.9756507530379,20.7110333836917
"DDOST",16.8635570294249,17.4771192474001,16.6175158919934,16.6283710054236,17.247871713227,16.7016664138709
"ANP32A",13.9600114377458,16.2806526185424,14.6334167906867,14.1796785979616,15.0989234549385,15.0994617699333
"FEN1",18.7419671515098,18.8900913111856,18.5311049885563,19.0694084641105,18.9625664756919,19.0303961098029
"CUX1",16.0088033633326,15.6089935981022,14.4001316180827,13.1830836291799,16.5819883106897,12.2105873751866
"TXLNA",17.050020369642,17.1799435829175,17.0019929611489,17.2271265706718,17.1948028226685,17.3289285475937
"CCT6A",17.5619992411509,18.4979870676838,17.0387004085502,17.643072145334,17.7562962178552,17.4788810619732
"RPL13A",20.9819247535817,20.5981237605559,20.6767822328848,20.6532693253132,20.6116211067203,20.461630919116
"MLH1",14.2642830739066,14.5646120501983,13.8867791319929,14.8498928566268,14.4289239097537,14.2829823324634
"STAT3",16.4350568549513,16.8930029533041,16.3007733088573,16.5302546766636,16.394253603901,16.3890738541576
"USP8",14.6568169924164,15.2164807840944,14.5787645081853,12.3419982615515,14.3481956196165,11.1865187780567
"MDH1",15.5174236489811,17.04764475815,14.5486325904676,15.8922655967682,16.0270447561867,15.5279906792238
"MDH2",17.3516030371879,18.8464199807462,16.4734447955485,17.7105495168502,17.7030167527258,17.3528545067524
"RFC5",19.7445449056817,19.7470025087692,19.9602187647601,19.6548351111258,19.6649705332746,19.7117438425312
"RFC3",19.6089054144239,19.5592502949226,19.8213095989306,19.5623868460204,19.616484769639,19.6559960944471
"HADHA",20.4614640594162,20.4213005637234,20.4405888843872,20.9391277849997,20.9655172063827,20.8000077007848
"EIF2S3",22.2104836292735,22.109931057525,22.2535074843838,22.6809731495063,22.8369379550018,22.8454295596392
"CETN2",15.5032848122589,16.2334481667916,16.1677048921764,15.6317002902488,16.170025967777,16.1579894989899
"ETV6",16.8058274896225,16.7521580832221,16.7994469461555,16.7299336174767,16.7694376850521,16.552568615036
"EIF2D",16.4231986552137,16.6720299030399,16.692782889284,16.5680098309609,16.5413762314465,16.6105846978223
"BUD31",16.5471313134181,16.2088544665398,16.552092522631,15.7700596326802,15.7610505185419,15.7149868015951
"NAA10",14.4732186817414,15.0902058112917,14.8829649071464,14.712712107918,14.7085872620472,14.647778252862
"CSK",18.4432279971576,18.8337572662812,18.4919252605853,18.413434556324,18.5154435991975,18.2232120602236
"GARS1",17.2358151122682,17.812095622531,17.0112766200522,17.419852728607,17.4867981054402,17.3684664751381
"IARS1",19.2333554287009,18.9058077571345,19.1718835093223,20.2727113315337,20.5323956892664,20.5405219796973
"EIF1",15.4933662243992,15.8120770034293,15.2426363693062,16.1801098174266,15.8788751770501,16.0659535529162
"PRKCI",15.4814037081946,15.5745870233699,15.5748363704178,15.6279971345205,15.8214177477464,15.7068728847844
"ECI1",13.4759923887071,15.2907814760932,15.0671476710813,13.0646329756561,14.205760113451,16.6321769041988
"TMPO",18.7469117055851,18.9956952284941,18.6834312366974,18.5805290916263,18.60388901054,18.4917084047326
"TMPO.1",17.2528986874773,17.1408155945314,16.990992629456,17.0320287179796,17.0736517474515,17.0315881378107
"STAT1",17.5367236332005,18.3321521398109,17.3263669858373,17.4906326450914,17.7621448533764,17.4441499334135
"STAT5A",14.9537844945261,15.7395106064897,14.0661121529468,14.6643997705286,14.7205826575788,16.1319134152343
"MTREX",18.1431961980253,18.0054629847045,18.1188283070873,17.9853600578378,18.0944895926898,18.0214937706151
"ARHGAP25",15.5840425598368,15.8940108995695,15.643027811231,15.6605181395427,15.7745515319396,15.3905948753722
"PIK3CB",13.5769276216167,13.8851604597987,13.5163772974895,13.5164710926235,13.4953049195141,13.8318465699821
"MTOR",13.8908302603654,14.1147841791364,13.8776614398213,13.2345754151882,13.7600523906779,13.4009986849526
"PI4KA",15.2050132839174,15.3391410393763,15.2697390953653,15.3467909987127,16.6222450450353,15.1375098076696
"EPS15",20.630829768053,20.8427969573605,20.7003555553146,19.4869435062976,19.7577972335121,19.6003590401451
"MLLT3",16.8210213026302,16.500581742869,16.7382857814773,16.5140569013691,16.2874691928052,16.4756572860151
"CASP3",16.3740608602353,15.9760910531022,14.0910593737767,16.525720829692,12.0636441028569,10.0682311647528
"RPS27",19.0819064957286,19.3461174171818,19.2351115709892,19.4853817178726,19.3189419193027,19.0524497104862
"TEC",16.4883808802814,16.4487791848097,16.413244794496,16.5602752088598,16.4501665510358,16.4948151237264
"HELZ",16.6288182983196,16.5888648109144,16.5767724791143,16.386210430403,16.3023826027609,16.4345261004456
"NCAPD3",13.9375598467032,13.4550768591384,14.0555741822587,14.4119002886844,14.2918910034523,13.8129542098331
"RBM34",17.127491215849,17.2199816605205,17.2229730594232,16.7921703166162,16.6777012004808,16.8671896787317
"LRPPRC",19.5298281129014,20.2079510059187,19.1334814081945,19.4762430712358,19.6496754475574,19.4280361548343
"ACAA2",15.7976230264556,15.6514433211989,15.9073137381827,15.5366805930742,14.0969206744851,15.6752962434901
"RPL35",21.6152567154797,21.0995640710467,21.3084935766476,21.6653372184917,21.3366577370093,21.2161864591703
"MATR3",19.8886631425255,19.7940399568893,20.0052001776132,20.0473024748435,19.901869418353,20.0688278634786
"MSH2",15.8120828712933,16.0242397606857,15.507151365454,15.8363861539533,15.720307326713,15.5600978397029
"GRK6",17.2564477293663,17.2562584535702,17.3338994848603,17.5106710763519,17.4438046809647,17.5110411667063
"SSR1",15.6000836408482,15.7925790895137,15.1335574252825,14.7431016796178,15.819603949226,15.0576558781303
"ZAP70",17.9839673235443,18.1911265596828,18.0167940356064,18.1771302380395,18.0716142414555,18.0776214089428
"SYK",15.4036099148749,16.2054374181095,14.7619959810049,15.7457463204184,15.7133465051578,15.539925644986
"RANBP1",16.6004350506775,18.1555730227582,16.5455385086476,16.9482050014088,17.0476591346681,16.8602014323177
"NAMPT",15.5170306253869,15.9811858439538,15.7606748885271,15.6199715258574,15.3975145399934,15.7844042944471
"PSMC4",14.9803331143384,15.6347620805054,14.8637490227225,15.1096519383378,15.0591477162678,14.9981076437327
"VDAC2",16.9752436143966,17.5411053901039,16.8074940424349,16.783296522007,16.818479573531,16.7089467219989
"ACADSB",14.777736647016,15.4341966706268,15.3446195069606,14.9007440001295,14.8352191651496,14.5537272580304
"CBX5",16.1425145531171,15.9233310141489,16.3056686624635,16.1062083570212,16.1446717839652,16.0110409214929
"USP5",18.1394932973038,18.8637799304089,17.5251121181196,17.7439866176051,18.0866845348937,17.9786096416379
"MKI67",16.7855255206258,16.7857874829203,17.0260706922006,16.9602130791526,17.0697900093181,17.023648243404
"RANGAP1",15.1769778163216,16.0093967324849,15.2916258593993,15.0178692913875,15.2137874237162,15.4078967478566
"RECQL",14.6165979474123,14.7590701433511,14.6161133276594,14.8425588551405,14.6871211771089,14.8360832059866
"NOP2",18.3581484225239,18.3596675554911,18.3810934753152,17.716720141366,17.7161784158025,17.8857566591182
"ATRX",14.7970811397555,14.5789218535716,14.6439869280888,14.5846545097514,14.5273355153099,14.839771019153
"CRKL",15.904153972517,16.5774612098264,15.7441035300319,15.2283003918667,16.0163812081574,15.616813983546
"MTIF2",15.5898372934229,15.5677604596028,15.5689708558818,16.1592660802898,16.3580081009759,15.6900150114069
"BAG6",13.5451697105786,15.0032579681714,13.2374204629316,14.277686248329,14.1716149825649,14.2657203734412
"NSF",15.9183011352849,16.9605911656833,15.5804581198374,16.0497829206451,16.1632365872527,16.0516741554466
"BRCC3",14.5066678379203,14.5885259135754,14.5851467589628,14.8520523521662,14.6127167691086,14.6162829085203
"RPL27A",23.0525965730837,23.1914984440221,23.4793109303837,22.7317663852494,22.8996434654646,22.8005718276943
"RPL5",20.2461391182793,20.1393553696141,20.2254205778463,20.0890738680326,19.8961795328666,19.8449142853107
"RPL21",20.7498016816603,20.4266185700163,20.639402362479,20.6255795411488,20.3996472849032,20.2856961575385
"RPL28",21.5967282253138,21.3771429978158,21.3551745989757,21.4843072280358,21.2833592490158,21.173208652766
"RPS9",21.0444051262061,20.7712537768736,20.879591924231,21.2003793080944,21.1867780148443,20.9458689388555
"RPS5",21.2687258799328,21.4991489644205,21.3939705487382,21.1967713985221,21.1541556589172,21.0864875602353
"RPS10",19.3824608614399,19.329416973996,19.5959539038748,19.3226696365595,19.2957326191084,19.1689978256244
"NEDD4",16.0508353861535,15.4955031147461,16.6766494716953,15.8982196915537,16.0633447293417,15.7995001192336
"UTRN",16.9328612218785,16.6270208248855,16.660044932528,16.7182833527997,16.7375889337425,16.5093278034584
"IQGAP1",17.051907449723,17.1777761186645,16.91408598019,16.8227302101743,16.8795338332068,16.8552502827156
"GYG1",15.4229072204595,16.2499985655799,15.2675505378531,15.3114474856996,15.2584950014926,15.4851658459365
"STT3A",15.1810369205298,15.8124431976699,14.9411269487169,15.5094541532997,15.531836191145,15.2950112345081
"CAPZA2",17.5782686017349,18.0189864385232,17.6051072647898,17.4931533777893,17.6119032973302,17.2785963737514
"CAPZB",18.4064437791969,18.8244536293195,18.4241348706152,18.4656874798741,18.3799810141595,18.2251429353121
"QARS1",19.4152175194858,19.0225508476855,19.2312018406889,20.5573692744403,20.7427668183894,20.7378416416512
"RPL29",22.9193980184031,22.3376872273393,22.2346066680398,22.2301702902537,22.267689252009,22.3916850432197
"LGALS7",15.9217277572993,15.7373263637027,15.9541440444673,15.510393311044,16.2881245707684,16.2459941966673
"ZFP36L2",17.775123157791,17.007470811657,18.0105614324214,17.9747269748386,17.8130319724868,18.0716324134804
"UQCRFS1",14.3485148873421,14.7317309889335,14.3185824917438,14.7396956591103,14.5109182927141,13.7579470604657
"ATP5PO",18.9339040170714,19.2643280524373,19.1959409351008,19.0924395656694,19.273388809735,18.9814643225487
"PREP",14.7484054112694,15.4558365114421,14.0143819708154,14.580784993883,14.7658172202425,14.6879224707862
"RFX5",14.1752002957034,11.4634896479468,11.7743069970989,13.0756507852241,14.6100080840022,13.9401288432607
"PIP4K2A",20.6687933348008,20.4808471862352,20.5879766135759,20.403069355812,20.3919930499673,20.5116021078494
"ARCN1",17.6756373294572,18.3094177325059,17.630630526334,17.7448247076534,17.6460912688549,17.6315282207417
"PSMD8",16.4763781115598,17.3091603033566,16.3352711836642,17.1269533622391,16.618582803928,12.4648688655847
"SERPINB4",15.3497207718792,15.3443344023901,15.2757447752848,15.6094226110365,15.5721477428107,15.7532963365656
"PRRC2A",18.7097807124974,18.5350664976104,18.7200750155078,19.0955726715948,19.1137030016532,19.1914662745486
"CCT5",16.760349351757,17.6297500571738,16.3774838911313,16.9299077064734,16.8211626000906,16.7539388040802
"PTDSS1",17.1237809181328,17.1750140152275,17.0674174488228,17.422711392494,17.7584459505416,17.422759428229
"CSNK1A1",17.2290577109864,17.0203028658706,17.0674694445086,17.4110877234666,17.435653984953,17.4595730602419
"CSNK1D",16.0708722084231,15.8809633533517,15.6035748564974,15.8462785152716,15.8197897842347,15.9439254460853
"IDH2",15.3195078611046,16.0630439715378,15.1421715701821,15.908761644915,15.6667661045795,15.4423486307453
"TNNI2",15.7743390814184,15.7350163414721,15.7848270285244,15.717549744757,16.2351765636025,15.6268180305315
"ADGRE5",16.7794928904627,17.7429493032258,16.7749315431739,16.9478729545112,17.4275897237304,16.2269596476709
"POLD2",15.2847130026466,15.7101818174976,15.4178621710498,15.3866274164858,15.3879654712066,15.338047143082
"PXN",13.1717963477939,14.7817253414292,13.0481854295861,13.4129724062828,9.03114404917918,12.7198226212648
"ALDH9A1",15.1429779970412,16.6498278141343,14.6047115508444,15.512436660071,15.7160172053063,15.3415011716661
"RPL34",19.1081771460123,18.9734575772425,18.9570728998078,18.7176647102242,18.604335247637,18.515712849211
"RPIA",14.4303902818265,15.1502979863526,14.8064766194477,14.6582423383298,14.9915735724264,14.4422298745567
"LMAN1",14.4557352325952,15.4284510253436,14.6971106862663,13.8516990770863,14.9612905116402,14.1284045733611
"NASP",15.7902008390117,17.3118720164028,15.3470561654034,15.8443316075797,16.1492612711096,15.6446953574911
"FASN",18.4315933764813,19.051510497758,18.1145517661809,18.4035388533556,18.5782702235856,18.3997686598044
"CDK8",15.1724499333779,15.1801220583691,15.4522970395213,15.5944377474659,14.9151289935014,15.4578115839151
"CCT3",17.0773733021017,17.9766602737773,16.722907833403,17.0910665246326,17.4312511870159,17.2238032862207
"MRPL19",18.0542158461377,18.434709663597,18.0259408609916,18.130450507501,18.200348928674,18.2483038768012
"ARRB1",19.0298279205613,18.9300284785388,18.8989780831241,19.0793001329625,19.1254770390439,19.1332863301797
"TUFM",18.4430434906084,18.8742300484783,18.3761071553248,18.4171964529528,18.5801262682539,18.4130353332555
"CENPF",19.7123730059663,19.3573491629134,19.696241344975,19.6239275591795,19.678592832494,19.8245893860128
"SRP9",22.2161653175914,22.1130458221878,22.4297450020815,22.5047587477059,22.6187121430416,22.6253715190941
"PCYT1A",14.4456029553891,15.224956570601,14.3707000739192,15.1397664856099,14.6662740523553,14.5389550087675
"AARS1",16.132742702068,17.2479476269459,15.3372447339949,16.2229972960686,16.2873333337724,15.9935354125971
"CARS1",17.0957464449948,17.8324991200793,17.2382396761054,17.2936056379471,17.4117369706884,17.4031743376142
"SARS1",15.3776284310845,16.620255342499,14.7581362714055,15.4157554321105,15.5197166221331,15.3806239408185
"PPM1F",14.8200281917085,15.3461740033079,14.4349049608724,15.1487339563522,14.5239543069312,14.8089886016143
"PRIM2",14.5919301214341,15.0016698790576,14.505594736482,14.8877442971685,14.9655268758876,14.8592720219089
"CSNK1E",15.3666833209757,14.8853975283732,14.844483782937,15.4949544352087,15.2297782894744,15.5630632184658
"CTCF",18.7396591936507,18.4721340003725,18.5489732095475,18.8005879220533,18.7907366626847,18.5154462172548
"PSMB3",14.4987458861261,15.565304333122,14.3438589409755,14.85114003196,15.0482894520543,14.5965849170508
"PSMB2",15.637969044249,16.133240768037,14.3318436071769,15.5773532332727,15.7740284314005,15.2132239328397
"MCM2",15.9464247476226,17.1834452244024,15.1610763633569,16.0977661191377,16.1605866349614,16.0179975681881
"YLPM1",18.1398354988869,17.7888347976816,18.092075246111,18.2200284385252,18.1541688886458,18.257051835886
"TMED10",16.4526988483053,16.9214878890851,16.0104253897559,16.1367590658398,16.5206989951374,16.2593756664722
"RBM25",22.482185221593,22.0610141482313,22.3848461842331,22.4166306834646,22.3663180783177,22.3249963025231
"NUMB",19.6159875150211,19.5874158671433,19.6696386603291,19.2314705851615,19.1837187247864,19.3211010203073
"CLK1",14.7119986821631,14.4209864166508,14.6167480620736,14.3885064671232,14.578246308476,14.8302087700925
"CLK2",16.6588258197214,15.9896862204713,16.2314103194952,16.3629186132465,16.1484249429404,15.9198255202672
"CLK3",16.0793979045023,16.350120632812,16.10202797426,16.3571988818621,16.0109378049181,15.9010394947308
"EIF2B2",17.3872742978889,17.2843044991207,17.3905864791272,17.1865478922968,17.1323457924422,17.3376969823372
"NUP153",15.5865903081917,15.8234803691362,15.4842017120479,15.6712402896133,15.6103088067837,15.6383767998435
"RANBP2",15.0756557568411,15.1494106551555,15.3380388881811,15.3826922422838,15.1291347144419,15.2372442497543
"RGS19",15.171218792229,15.5706556485463,14.3157523050671,10.1757745815849,12.5973977250162,13.935967868711
"NDUFV1",15.3105492363594,15.762206934159,15.0599985618772,15.2365664987036,15.1622575648351,15.1438649088822
"GSK3B",13.3015364915673,13.8096375167012,13.4995154391982,13.4883995222146,13.1223114757564,13.7745309420297
"TAF6",17.8455649647617,17.8606678770066,17.9740574234521,17.8343047522173,17.8800935275674,17.9730503265666
"NT5C2",16.1180259215353,16.219553784026,16.1637444008662,16.618913682491,16.5806846844299,16.617404687524
"SEPHS1",14.8438163088473,15.7280023800472,14.495104760296,14.6320143671913,15.099147445011,14.6761547726678
"GMPS",17.5849537685623,18.1818240921659,17.4662236270155,17.6106867701911,17.7001064926441,17.5145126556812
"LIG3",19.8363921302783,19.6689602726722,19.9247985886559,19.8041236142909,19.7931038674784,19.8782379031033
"MRE11",15.7924438615495,16.3321288823664,15.6372038308215,15.6782058527413,15.9405159457135,15.5818955119674
"GNAQ",14.8690682549054,15.8277531181974,14.3740476450683,15.7077361508356,14.8612177897293,14.6870291850472
"IDH3A",14.7835987633323,15.8933178388354,14.2617614479594,14.8891702493047,14.9335086931541,14.3600599012593
"GDI2",16.3829037917791,17.7761086800535,15.5481018258844,16.8286947211801,17.0160422836308,16.8292042972734
"EMD",15.8503133414491,16.0693430634618,15.9329470346934,15.8888929749542,15.8363561455852,15.866753466031
"CPT1A",16.2648854938628,16.9705694688951,16.5005210583059,16.5009170179669,16.8710011048117,16.7001802708913
"SERPINH1",14.5410094700641,20.4570235038904,17.5633170845519,20.5523854172428,20.5021210709587,20.6373280050105
"ST13",16.0140785466905,17.8481464702026,15.6058141673645,16.347265719922,16.6436276510339,16.0161354794865
"PEX5",14.4051957227702,14.8265486858998,14.2530039993432,14.86343328073,16.9786145458307,17.8047062472026
"VASP",16.4764008332968,17.0636669303751,16.2387335031693,16.3506755908371,16.4536204605768,16.2564245089399
"DNM2",16.7987242228046,17.1696118826042,16.604095944133,16.7743111779111,16.9416306480816,16.8029513647819
"METAP2",15.0090652196072,15.2583426196813,15.0918146885565,15.3974807811733,15.4742793021749,15.4024825031472
"CDK9",17.2877391593276,17.4345494746911,17.1687824742849,17.4940789771199,17.5543640125824,17.5028248130439
"PPT1",15.0881381177351,16.0499869853897,14.8909676379026,15.2845061446421,15.5517990579621,15.0188350005835
"RPL14",20.2053602604378,19.8424818637551,20.0059828924402,19.8059630586303,19.6537376303637,19.5163616684664
"CCT8",17.5842831423219,18.8095315741412,17.2426737669475,17.6548900244237,17.8727007283252,17.5170858046572
"CCT4",17.5255894737256,18.4167462421575,16.8865321670599,17.7746424328793,17.5605805522259,17.3371587039988
"ANXA11",16.3103108277858,16.7691739509934,15.4450341860283,16.2587549336053,16.007148954105,16.1282774293505
"PAPOLA",12.6124937256241,14.5789027537354,14.0420557943882,16.1961923088425,13.3890346859657,13.5945721084755
"FXR1",19.4801226961296,19.4110759482495,19.5352966426056,19.4893725853445,19.4454406817408,19.5655399091431
"FXR2",15.8722142022904,15.6985155013811,15.7682020067824,16.0820955964315,15.7367072613523,16.0220294249454
"RAB5C",15.5440162662937,16.1196594236088,15.6428824083669,15.539667433842,15.5416273314613,15.4265947884849
"RAB7A",16.5398023599268,17.2363958245757,16.3747695118595,16.5137708447013,16.7983138331425,16.3995755064199
"RAB27A",13.7531358774192,14.1506620865949,14.4478743729467,14.4426975197321,13.8490071320037,14.102362301447
"DAP3",15.2340745662281,15.778329538007,15.3967765792895,15.1330948390675,15.6351758459712,15.4047943792882
"DUSP3",16.2231252814376,16.4339558796043,15.7886535210755,15.9743238359118,15.9225437543383,16.1624920369375
"SMARCA2",19.1849505297309,19.1339927105254,19.1970803587459,18.7913222138022,18.8218122781409,18.8662979211341
"SMARCA4",19.6006135907084,19.419926446559,19.6028869452834,19.219493992193,19.3540993373718,19.3790276905649
"GALK1",14.6682511736112,14.0694033607742,14.5798831800194,14.3448133179353,14.529632961384,12.9456286789831
"SSR4",15.0295418332724,15.796990678814,14.9904354743226,15.3561291228321,15.5472358661548,15.1119821980512
"BCAP31",15.4115118817518,16.0430843321668,14.8968592679534,15.1309935926561,15.2908305306244,15.0229598554229
"MECP2",17.7392524872634,17.7020118642909,17.6517713731796,17.9309479615759,17.8426606323914,17.8509267764027
"HCFC1",16.9394295379587,17.2977346940594,16.8874074029625,16.8633262891201,17.0177481789235,17.0164233232736
"ALDH3A2",14.0035726358034,14.6245115465191,14.1060471911121,13.8940293317761,14.2386428300451,13.7535914794123
"ALDH5A1",15.4872233847649,15.9245998221389,15.2021398213682,15.1829333622003,15.4530984225928,15.2766860307809
"HSD17B4",14.3389430937091,15.1611999998921,13.9640810798686,14.8980007849927,15.0464428006637,14.8251712221689
"PSMD7",17.541007578832,18.1526464512671,16.4032873639898,16.9757562968317,17.010410090983,16.7894046270126
"USP11",13.8415350611171,10.5747028930794,8.57245858704478,13.6485457717751,13.8456845810315,14.2729874986722
"RPS6KA3",15.6633076454729,15.9059686575337,15.1019708712563,15.5355937260131,15.7594398713859,15.8266009439126
"AFF1",18.3034884201581,18.067147041044,18.3890741903607,18.3699893093516,18.1955111062554,18.3259492462122
"HDGF",16.4268160791579,17.444959540636,16.1997343343071,16.3204615842986,16.9200319494245,16.4461171930463
"CCNH",15.3013398921715,13.9585788142007,13.9585154020262,10.7152921282895,12.3745574255777,14.5037995317786
"MNAT1",14.4204441761244,14.7017016867633,14.8701290196805,14.4860017125304,14.9830485478836,15.0987406690573
"NEK4",14.0539839003202,13.9052652395774,13.6041168567149,14.3453879198574,14.1610318673613,14.4825774448435
"NDUFA8",15.5019557048937,16.1911835860821,15.0936606066663,15.6822883656462,15.7332145844152,15.5947044453363
"HNRNPA3",20.3194368471533,20.0543621315718,20.7039856714194,20.8532836622071,20.5147914779685,20.6817675463639
"PGD",17.0461394363491,18.4766605413783,17.0870921333803,17.3485245002442,17.3336530257043,17.2496514364495
"HNRNPM",21.2685830040622,21.2971488552182,21.3247962790139,21.3930340029598,21.3361226892238,21.4353127573734
"KPNA2",18.1618238287056,18.2555094925314,18.0907979298555,17.9985126430458,17.9238670254522,18.0462152834083
"KPNA1",17.1425007922876,17.4204007512308,17.2640403599261,17.259058655894,17.2424220118839,17.254659584666
"NCBP2",16.6032204140052,16.5733616850175,16.4174655560196,16.6592422485784,16.4858387405163,16.4475257652317
"JAK3",18.289201508975,18.3389334167519,18.3953594528211,18.2527627113092,18.3815169278244,18.3676661736911
"DGKE",14.7105156703614,14.8990684022752,14.6239516002718,14.6172686907432,15.1216085883026,14.8087747786071
"POLR2H",17.9282216771669,17.884155431321,17.9799325547958,17.8780893607673,17.7717797924647,17.9278078173401
"POLR2J",16.4124204955287,16.1935288255524,16.5083294517046,16.3310082337736,16.0978101412849,16.2223782192341
"ARHGDIA",17.0980466858958,18.6167979341269,15.8632774018009,17.252253148567,17.488937837496,17.2566622242042
"ARHGDIB",16.5452138229318,18.1351630124159,15.2714170675305,16.9351210699445,16.9168695150329,16.557661735475
"HNRNPF",22.2654894319292,22.1843122552152,22.361754938018,22.2304507491581,22.2848020774541,22.3664514893758
"MSH6",17.8796318268027,18.2316780924313,18.0462151235101,17.9030887714286,18.2586422150095,18.1647876331389
"KIF11",16.5612073820987,16.7064219550088,16.3192119274628,16.4239659552856,16.4313026940658,16.3000182333637
"ZNF143",13.0599495694901,11.5205815071306,10.372772323918,13.6833989686548,14.0623982545211,13.544463772271
"RBM5",18.3739924899732,18.2536518667663,18.4740607996427,18.2546140084517,18.3835002010773,18.3431167339009
"SMS",14.3619636435434,15.1673233482442,13.6165573437088,14.8737129586015,15.1151086122551,14.555607802808
"HK2",16.2971692906445,16.5671727695074,16.4276536366554,16.5435182368673,16.4571623355224,16.3971578598704
"THOP1",15.9030430495672,16.0795819491324,14.4164661683599,15.4769181148557,15.7451316358518,14.879594113816
"CAPZA1",19.5745288559004,19.7933153130178,19.626352148453,19.5000234458679,19.4402258037202,19.3284463767533
"HMGA2",13.2172619914817,12.7417245544162,12.4609363903932,14.6263453543866,13.8168114732357,13.6995397038249
"NUP98",14.5299379216754,14.9812429155382,14.7034420080272,12.445497962328,9.69805349860717,14.635822510185
"SLC25A1",15.4583462753818,15.8544251898923,15.414319891769,15.5342961942878,15.8405167113789,15.637983756459
"PPP5C",15.0653178422587,15.8057821554506,14.9465222537933,15.5820102226705,15.6528787717698,15.1023815359261
"PLK1",16.562458436603,16.6984587442143,16.4665232502935,16.456811923325,16.3688726816812,16.5137679923282
"ACLY",16.4243945465379,17.2382471412149,16.120460648291,16.7589349637344,16.5964801677295,16.4568619645092
"METAP1",13.728663195992,12.6371942284744,12.014485982882,14.9209339479457,14.6531311874025,14.847681854681
"SUCLG1",14.0087185326227,14.5752944240659,13.74047563573,14.1104635713162,13.9061305384743,13.8823610543937
"MVD",15.1503441634288,16.078047998704,14.7009173674743,14.9257235479411,12.4056767152959,12.8431480324618
"COPB1",16.184100491909,16.7140756367641,16.0850752982274,16.0895322055882,16.2621166897577,16.2164696435503
"COPA",17.0340382613248,17.1541391154036,17.0180353967956,17.0318665846196,17.0996206735867,17.0099446029032
"CTSC",14.4640613247386,14.7623491790256,14.7697347607908,15.2746312360785,14.1156623380397,14.1038121655458
"AP3M2",15.1268675007528,14.9227109860315,14.9949974670313,14.5922154193445,14.5403658531578,14.7053235138942
"AP2S1",19.4959127079339,19.5561948696448,19.6059407401069,18.8443648038228,19.0450842530169,18.8884433101661
"POLR2K",12.4434418087409,11.3070513277327,14.9714880507955,14.4931964188138,14.8443981586877,14.5620462110323
"TTC3",15.6980237940842,15.5290103678185,15.7773226188394,15.7987524047282,15.8139851828902,15.6030399571258
"SMTN",15.0005285860783,13.7753247791277,14.5537828660528,15.2938272494545,14.2291917141879,14.8696619860324
"SLC16A1",15.658743188845,15.7913085907504,15.7678985131809,15.7338674848848,15.1993312976091,15.4667592086182
"SEC24C",14.3960936469663,15.4984598157609,14.6775212354115,14.901777705704,14.8598840133595,14.721544834008
"SUB1",17.5508478456368,18.6756898373486,17.2181973889705,17.6852724992478,18.3276459671525,18.4944286584348
"CLNS1A",17.1018612123836,17.779864884179,17.2541090679045,16.8782043394421,17.1777332051862,17.1452777191374
"BLM",16.637193017176,16.5022264113132,16.5568323993715,16.5844301680416,16.6387397055236,16.5433104724444
"RARS1",19.4449015244625,19.3042851377937,19.3118540604064,20.5110770042701,20.866579786131,20.7554203002925
"HIRA",18.9723288900364,18.8016698410714,18.8755543891852,18.4536727825797,18.4410749105086,18.3950659802122
"TERF1",16.2488346593392,16.1849309224698,16.1790191795743,16.0951618980805,16.256507437318,16.3823486826206
"CACNA2D1",15.142254858282,15.490547098052,14.8799540220672,14.980773072695,15.4838157772643,15.4910194236031
"YARS1",16.0689128946969,17.2044345478789,15.5114290918884,16.3767721638222,16.2783625178336,16.3477767156514
"USP14",14.4830003158431,15.9915006545652,14.904449388175,13.175146874623,15.2802730907778,16.6321769041988
"HSPA2",15.2007142727304,15.7759600075584,15.5803258536137,15.490264882198,14.9189219200865,15.3670535544713
"BCAT1",15.1822026745384,16.3113603824866,14.7151180960174,15.196058324105,15.7008791746141,15.1904605384976
"ATP1B3",15.2026892558975,15.4312580928222,14.6925636879627,14.1964054099111,14.922995792726,14.8825449974031
"RAD23B",15.4483588426432,16.27833910293,15.4831360166064,15.6251950197411,15.6687695551836,15.5974979449464
"AK2",16.0874055317699,17.1831751621675,15.3274789637079,16.1572588960648,16.0693492737399,15.8518346696174
"ALDH18A1",15.9685183495886,16.9983566162862,15.2561603963633,16.0869375227459,16.064116122191,16.1538587617901
"NAPA",15.6986718433487,16.3526823798337,15.0149891069836,15.7287602226986,15.5442747872188,15.144807336974
"EIF5",17.2132023039219,17.5047536714378,17.1234681295633,17.0884942712465,17.5023406411456,17.2519379888782
"PSMD4",15.9024071488949,16.715660548507,15.6567652732217,15.9858103688116,16.1342514277706,15.8281793854818
"CSE1L",17.6525899866043,18.7186180586497,17.1553057469322,18.0100912932128,17.8244763780414,17.717090530519
"VCP",17.3074110919526,18.5154878745277,16.6810088538812,17.5757292764193,17.7256688070614,17.3326509479629
"MFAP1",17.5826812445892,17.7357120253878,17.367784234128,17.3187940696824,17.1602423274757,17.4782908163849
"HADHB",20.1027666841705,19.9706909004349,20.1772202367873,20.5890759593842,20.5746170854979,20.4800624074583
"NCKAP1L",16.9831099002115,17.1365047531534,16.9626378095715,17.1051616846189,17.4639285420245,17.2558515279009
"MLLT10",15.2059262436248,14.9065635570604,15.0149867976395,15.109511724673,14.8095166398222,15.0111985969522
"MLLT6",15.8244287669181,15.6154573354218,15.7685545676131,15.674265383296,15.9103333141505,15.7911245206612
"ELL",16.5070170685051,16.4791588014495,16.5012666012385,16.5996598022422,16.5914173020655,16.5562619775166
"BRPF1",15.5667033902757,15.485987755,15.7061283635002,15.4181856646222,15.4232044012226,15.4112593948037
"NAP1L1",19.3784176382885,19.7319292792957,19.5507101539894,19.3951754587953,19.4996259757765,19.3686688680983
"ADK",14.8236408046616,16.2648188028135,14.7700345378883,15.1774619741525,15.3370832645223,14.1885191508509
"ADAR",18.5563385882091,18.4286312905323,18.5090230181878,18.7591832776009,18.6929278906194,18.8390137303334
"SEC13",17.2714551855632,17.6162457138829,17.2574791869133,16.7463565964738,17.2022975674928,16.7845602144195
"SNU13",18.1287978774815,18.0740929483049,18.6173570463415,18.0939499138919,17.9207773476622,18.0059303044611
"NPEPPS",15.7168390164444,16.9379859942358,15.1370901258016,15.9465167024239,16.009020942129,15.7810941276547
"HNRNPH2",18.8159347965713,18.8707515081591,18.9127542292393,18.4868308587284,18.6553656308367,18.7215436858898
"OXCT1",14.4751761026324,15.5096424976365,14.0095240590275,14.7628708484477,14.6501741325147,14.1915002705519
"SUMO3",15.9482384300751,17.4490102901693,15.6656967679029,16.0428693733481,16.3502303808669,16.1904327588363
"EIF3B",18.2010944227383,18.3677120682747,18.0803667190543,17.4827648724559,17.5438790912925,17.5462939402876
"BID",12.3065819003862,14.5008429996613,12.2977225522706,14.9234098975767,13.9997908106058,14.8276298549413
"ATP5MF",17.4573239615269,17.6001940101798,17.393664875248,17.9824291319231,18.159368288108,17.9882953058095
"RRP1",19.5594292620944,19.5634923584453,19.5677639423664,19.782778464184,19.8220203984951,19.6492365267272
"MARS1",18.3426493078797,18.070384820301,18.1963864860493,19.1724764890453,19.4320180111346,19.5017790795004
"CTSW",15.6238693189369,16.2562674848198,15.6545916707909,16.5359973333548,15.506342451595,15.3889212098789
"MAZ",16.0261547897791,15.646197316136,16.0022612434792,16.405000152429,16.2360652191572,16.4389412594037
"AP1S2",19.2090401613708,15.1443573180909,14.1367479512053,15.4605060113579,15.8499402943074,17.7165321983005
"EIF6",19.1967778808846,19.3451732661173,19.3104318121904,19.0598234275546,19.2193978001313,19.1717198420042
"CTBP2",14.8053977651734,14.9950479644462,14.7633185624437,14.9350324157709,14.7859023206516,14.7757686969307
"NDUFA6",13.977467314982,14.4623977858941,13.6845902965512,14.7392005677439,13.9000354342827,14.3289350321161
"PRDM15",14.3846183081593,13.5970508756446,13.9923179961462,10.7616265166078,12.4592246193546,14.5417676997391
"WDR4",16.6312764024403,16.5972778616785,16.6253304284038,16.8957796260396,16.7428084870814,16.6791573263627
"TMEM33",15.1477613218697,15.964605008257,14.9123051809077,15.4909345260647,16.1084314471577,15.3900803639956
"GEMIN4",16.7902086041487,16.7002153633523,16.8683777918728,16.8778057075177,16.9074819699612,17.0245928882666
"CORO7",15.1835840551025,16.2265356234365,14.8503193488828,15.2021707826061,15.606290690185,15.2949387442488
"NUP107",14.4381488369081,14.9324096115424,13.5406624101568,14.1318288329246,14.1486314888026,14.1171330847794
"EEFSEC",16.853303267969,16.817087957963,17.0250465352169,16.8022310896134,16.8899686339184,17.0902854044768
"EPPK1",14.2826706665085,14.2952647982315,13.8228005405372,13.7625958938859,13.3487690890158,13.7635555678762
"MTPN",14.4253236423651,15.8058913328321,14.904449388175,14.6308148014435,15.075526990615,14.7706423183949
"GNG2",14.7159461758463,15.0264810808857,14.8012062075292,11.1763240837072,14.8996673333287,12.8624402098482
"AP3S2",18.7235578282348,18.680793541511,18.6137621317255,18.8998886593869,18.8772231930392,18.8334182481516
"ARPC4",21.8603967675643,21.8287020959504,21.6595526099505,21.8507005759172,21.9780094084681,21.4960271265684
"TPI1",17.4169110581992,18.8072249091086,16.6208959303582,17.7306008197783,17.7390241962248,17.3422346073869
"EIF3E",17.3276442130151,17.7130474707666,17.4325557648611,16.7814336138903,16.8736447665979,16.786611037669
"SEC61B",16.6019642836344,16.8591832662055,16.619271284335,16.8355378873159,16.9676252508006,16.6662331583388
"MYL6",23.0158364643124,22.9138171789304,22.9433168902421,23.0503075260356,22.9001474504713,22.7725924569619
"ACTB",15.1350009894465,15.6173010946428,18.0397631071701,17.0704264363564,15.0465225218101,15.4096909139127
"EIF4A1",18.4689267467653,19.1441265533266,18.2462706627576,18.4613697701565,18.5565474411528,18.3264165832867
"RPS20",20.1542171081249,19.9212066555742,20.3050202322591,19.8333447394508,19.7863306566314,19.8038799536081
"PRPS1",16.0548020645266,16.0411707991906,16.1241907947961,16.1820443456628,16.1384221264118,16.1336274987333
"PSMA6",15.8320610074427,16.7928000277836,14.9376851229154,16.0047600151865,15.9637627126896,15.197519539723
"CDC42",16.1825456608382,16.6538684557097,15.2477624052858,16.3144899574579,15.8807016417085,15.9598536806554
"DSTN",16.1867470212798,17.115641126096,16.2177002670925,16.2616942450986,15.3688077645115,14.7326253514063
"RAB8A",16.3401183612247,16.4597537043103,16.0750460001887,16.4975538949001,16.57207030121,16.3999494412918
"SRP54",14.6999235957501,14.9348095358402,14.3051575851032,14.6904979593754,14.8342981477672,14.9104483282679
"RAB2A",16.5899900429106,17.345265153091,16.0695630504571,16.6652412483216,16.4806461704884,16.7400120762635
"RAB10",14.1429406749986,14.2801562036673,13.8884026991979,14.1936293084165,14.1721704197369,14.1653299808321
"UBE2N",15.898519836743,17.3477136619758,15.3058034825989,16.1783868891558,16.5508152366334,15.9927940948462
"RAB14",15.9733951964068,16.4831280160334,15.5575468671713,15.3611095430335,15.8621761996504,15.5114304200085
"ACTR3",20.8095177263023,21.0357669922007,20.8671114441429,20.8769122036865,20.9138695936849,20.6123812441781
"ACTR2",20.2762475635619,20.2670287291165,20.0919456444898,20.2922227605105,20.1996165156138,19.9660999242041
"ACTR1A",17.2217791128937,17.6378786174482,17.3327421938849,17.4449605109215,17.1793036295997,17.3155982114132
"COPS2",11.8986877122323,15.747156326619,12.5429858353859,15.9744749771962,15.5066401338184,15.4528556837523
"ARF3",15.7809077759036,16.7344036686,15.1351620803221,16.4407716007623,16.3951600586405,15.7548897459366
"POLR2F",12.3424982246932,12.4384939569979,15.1173107952598,14.9776227554121,14.7789873587218,14.9785172408487
"ABCE1",17.2856535378851,17.6864956029275,17.1461163705438,17.9256571216151,17.6519439173616,17.2296760690404
"RAP1B",16.628821074423,16.8991612299739,16.3633328019431,16.5554914527181,16.8455729398221,16.2719489874992
"MAX",13.9841376008346,14.8881541327844,14.8742724053839,14.4146235368154,14.8611434298349,14.8228999007557
"RPS3A",22.327070830192,22.2536491490187,22.256031127381,22.526596902388,22.3886223730851,22.2922295020184
"RPL26",22.2930668893421,21.8254936902477,22.0257085126095,22.3532962691034,22.1083671613456,22.0721751382926
"PSME3",15.7003991851239,16.5615679414239,15.2485435823275,15.8302839492255,15.8282632005016,15.4451375124228
"RPL15",20.3721216462295,19.677296295682,20.3748516389354,19.963612183277,19.9370303598643,19.8790461293354
"MAGOH",20.0397884305726,19.9975290398028,19.8179799615363,19.4716955537405,19.3504062970938,19.2079805229037
"RPL27",20.7633052624789,20.3690100328967,20.8220695833624,20.2741068170115,20.1022745947136,20.2960377962096
"RPL37A",22.2604666281955,21.9816085653139,22.3851933425274,22.3378737965727,22.1714087923942,21.9006360777556
"RHOA",14.8565154997219,15.9064986853694,14.8713429466381,15.1086750563482,15.6682296188212,15.255625756777
"HSPE1",15.9015536836256,17.5225299639157,15.2303011993631,16.6253077374929,17.0124138322183,16.3620553836952
"SEC61A1",15.3762416062187,15.6205176828697,15.0671271839299,14.4176871966076,15.3409731923297,15.1038829203146
"LYZ",16.0888565465241,16.2824066821463,16.2592209865198,16.3505780483407,16.3781265000534,16.3168895985525
"B2M",12.7437833816748,14.650967912845,14.1210143223641,10.7420819206577,12.4787858080676,13.2345939756702
"COPZ1",15.1792523044187,15.8670795154878,14.7735859608043,15.2403491036974,15.5860462868434,15.2932257662113
"RPL37",21.3805543357615,20.852957291932,21.1250237995897,21.7208963555537,21.199907738292,21.0163255697009
"UFM1",16.7415514378391,17.0509984829639,16.6222783098332,17.0944659846762,17.3326518219933,17.0513827235296
"DCAF7",17.1297221187228,17.2603234316793,17.2942799746047,17.1222100267068,17.751224916951,17.1822205242531
"WDR5",17.4490617314749,17.2280467924688,17.3341075712015,17.4691686414896,17.3649628996213,17.2217371110088
"NUTF2",13.4005858254358,14.9796495941302,14.5172281986249,14.1838144667433,14.7462929768535,14.4130858604888
"HNRNPK",21.1089477611221,21.3467682725079,21.2432820866953,21.2389305249912,21.1681052715064,21.2999952678893
"YWHAG",16.9787125815037,17.569114049306,16.8940462238101,17.3113408678074,17.2048969173689,16.9307282144465
"RPS7",21.0483019380784,20.6441782594412,21.0202537548662,21.3320831095714,21.1436503909837,21.1600079081112
"PPP1CA",18.4490547168594,18.590829846894,18.6535516560585,18.6292735790459,18.6798519276747,18.5451413337503
"PPP1CB",16.8077054646268,16.8554957013741,16.5041684863892,16.7603476622879,17.0286109130266,17.1192053912379
"PSMC1",16.7264865371774,17.295131445474,16.3078290758937,16.7294815545766,16.8510405231316,16.4589725382919
"PSMC5",16.3202071058185,17.0523865562993,15.9979227599855,16.4353477994873,16.4620996216774,16.2360493317431
"RPS8",23.280713575641,22.6677885303118,22.4718974434304,22.9621858310449,22.5282841907491,22.3944887314754
"RPS15A",21.1558086207392,20.7103909386574,21.1550894786686,21.7064899053052,21.1352502306714,21.0476168699587
"RPS16",20.3897205009266,20.2997748142643,20.39609621898,20.1961866656603,20.0445243283224,19.9072685960543
"YWHAE",17.8309031737183,18.4996630711313,17.7173229210821,18.0305110463198,17.6875153858087,17.7218384953023
"RPS14",21.7822592762626,21.7477910165637,21.882790347606,21.8041980754682,21.7781019211503,21.8880974411569
"RPS23",22.3592614889118,22.0195679933315,22.2794218488108,22.3204898784607,22.2456036235551,22.0785943548718
"RPS18",21.4700456468105,21.3061838207404,21.3286291872418,21.4240016022505,21.3065441452278,21.1544293783084
"RPS29",19.3355536972308,18.7614133567014,19.4060006667385,19.1604744190508,19.4112401510827,18.959384607903
"RPS13",21.134773610417,20.9570369820691,20.880590951085,21.2398547621795,21.0414135120883,20.9376439323777
"RPS11",21.7814066221245,21.4671596337415,21.6366348862293,21.8321299523936,21.7182967331585,21.4856475377346
"SNRPE",19.2614040066289,19.1500180805805,19.2237427276861,19.6405928774919,19.498874638232,19.4498613756151
"SNRPF",18.5527008767368,18.6444538545404,19.0651434051188,19.1112847033862,18.8319196294614,19.1321459910199
"LSM3",15.967460218409,17.0016602041671,16.6661752277887,16.5255794724438,17.0558979749563,16.3342151391112
"LSM6",15.520998884698,14.8566265211843,15.2656010194006,15.0425851768352,15.2281244895065,14.9943624978746
"SNRPD1",18.5411444976275,18.6928415861095,19.1077986490224,19.0627515923017,18.9043502596756,19.1507657187687
"SNRPD2",20.0590070555627,20.2970747813705,20.1041843471389,20.3873756808818,20.3880347385524,20.2411326836485
"SNRPD3",19.8804730235871,20.2344742311035,19.7791904867381,20.1257402385719,20.3382922172336,20.2536315787433
"TMSB4X",16.1517867003728,16.3458627737968,14.3604369823447,14.205402212003,15.434837541352,15.3474486334185
"PSMC6",15.8716585284165,16.6818276536597,15.4728825534159,16.0977092380659,16.1282229471395,15.7383511802949
"RPL7A",21.5036661141045,21.4236749421975,21.5305561242351,21.2309070197668,21.1762979582223,21.2249558289551
"POLR2G",15.1640058249047,15.1904682549753,15.1955271580636,15.1953831659988,15.0074095777383,15.2356029173466
"ETF1",15.3604038536463,16.3654240073145,14.7936201744891,15.7287602226986,15.5401634636256,14.6296140667128
"RPS4X",22.2020208151009,21.854800676225,21.8789097605669,22.0964693833835,22.1531128489182,22.0792852218297
"PPP2CB",18.1122938004202,17.9402841142886,17.4927533257358,18.0604748205474,18.012710733129,17.8068303955974
"RPL23A",23.4533305504425,23.2467508896718,23.4336422333548,23.4812755625589,23.3250768917472,23.1970908303059
"RPS6",22.3426975675578,21.8465068440074,22.0423408746673,22.3527928112669,22.0759506039274,21.95084640074
"H4C1",21.8700152790776,21.6358288961677,21.6367937295557,21.7830959557846,21.6685643155016,21.504165886589
"RAB1A",15.5972069960434,16.0802685446468,15.1984741252773,16.1682932982821,16.6029400671757,15.4834705205414
"RAN",17.4213033583192,18.3705855040178,16.2204780915055,17.7515669409799,17.7386724570934,17.3624175769835
"RPL23",22.2242527125144,22.0727291125318,22.2824096177584,22.1517308708223,21.9110550896817,21.9031604958563
"RPS15",19.3072880971294,19.1690865220351,19.4255497747916,19.5170136189165,19.1785994501756,19.0659651194055
"RPS24",24.1283074767692,23.8775772462993,23.752856423051,24.1787706044412,24.0170421757563,23.9650282214579
"RPS25",21.5904705520603,21.4034026908711,21.3418932820505,21.682141846774,21.5256257067644,21.4179813476733
"RPS26",21.8999354074227,21.6459986522135,21.603973996309,22.0588794350611,21.8398931449301,21.622684247326
"RPS28",17.1000491783002,17.8464158792508,17.9132800288201,17.0930271255451,17.6236744820232,17.3119754917905
"FAU",20.4524944348114,21.2449612956655,21.6714650490102,20.5748242883519,21.0608092446093,21.1589996357074
"GNB1",18.0362968911593,18.2513349270136,17.9012997236643,17.8871412279232,18.0022192624006,17.7979195339566
"POLR2L",16.3065210052754,16.5699511125306,16.4749580209883,15.6644368676388,16.7670507766274,16.5909193542671
"RBX1",15.2299141216211,15.2602973328084,13.2515933601357,15.4747129763562,15.2141103824598,15.2971274564973
"RPL30",18.7953446043646,18.7343231511936,19.0528273838096,18.3875478620656,18.5843458730728,18.4761882381546
"RPL39",20.7790559542661,20.765638175045,21.1566619476164,20.8277379434194,21.2362510305022,21.1113015801017
"RPL31",20.7855065873651,20.9330716513645,20.9488186305967,21.0067779184379,21.5332187381854,21.0051735816974
"RPL10A",20.5049646196888,20.2795346377136,20.3669311069464,20.0071589755916,19.8549160045074,19.7991742515565
"RPL32",20.3673529980247,20.0971687560026,20.3548175585358,20.1664009421352,20.0266916070172,19.9458570825447
"RPL11",21.8706375893793,21.5429812998128,21.5665232793631,21.8669148583758,21.6611498344911,21.5721395250177
"RPL8",20.927638079657,20.5904022936525,20.9353442068076,20.5985759638682,20.3919601263486,20.3304919632785
"PPIA",18.8008557690216,20.048780194931,18.1181838280744,18.8684469446871,19.0061519337768,18.76848351958
"FKBP1A",14.1663693801924,16.4844202891759,16.7764393298277,16.5010332958873,15.4559533825683,15.6647582293749
"RPS27A",22.3440790050842,22.183089987808,22.1896956368095,22.2796006633061,22.2510775458783,22.2420384103115
"GRB2",16.1592483385616,16.5302808335106,16.2649798454384,16.2556943492094,16.4333903237942,16.272349849323
"TRA2B",20.8787900494659,20.2884905487038,20.4726827091485,20.6303057020967,20.2509473061288,20.1459217004096
"RAC1",15.1246219587392,15.5795024504335,14.2721920699848,15.1388105500044,14.274526666892,14.4012098604377
"AP2B1",21.0321089704807,21.1261560640582,21.1519562308512,20.5538703678643,20.6745216019587,20.6476837069953
"GNAS",15.3425757868858,15.9019387397157,15.6911400985327,15.7154418465386,15.6295226024321,15.4749263750305
"GNAI1",14.6089743149234,15.053730347816,13.6831568667768,14.8768367213138,14.8848001295388,14.8551496210073
"YWHAZ",18.0852907519003,19.2688308064527,17.7043295537259,18.3109573507964,18.3594132765691,18.0774918062143
"PPP2R2A",16.662684923918,16.6310484206531,16.3757192688288,16.685167971449,16.5745462250854,16.4980167621877
"DYNLT1",14.6037095571622,14.6825126724573,14.8540219538595,14.5707757447863,14.5670483437548,14.6272607884645
"RPL38",21.9805963457337,21.7534940502313,22.0443891162181,21.9928866601077,22.0059256868216,21.8730137986523
"SKP1",18.6281147754353,18.7174527248109,18.9489368891867,18.8407239641002,18.7302324237219,18.6312719966499
"RPS21",17.5715112064867,17.7948457651172,18.0880111650257,17.6906652791194,17.9906245882158,17.7960017634524
"EIF5A",15.3815980380479,16.1743733340833,15.6139871079801,16.0505913971554,15.8749928707311,15.8081951257054
"RACK1",19.5924634246718,19.7721383119514,19.6674418030228,19.5222988460367,19.5913652883249,19.5110910996197
"ACTG1",24.7168193566893,24.7011154252368,24.5390831811419,24.5825268914266,24.5740568976126,24.4228630742481
"YBX1",21.9859330112558,21.7543029994667,22.0271298231811,22.4724518746733,22.3528869452482,22.4803008545521
"SEC11A",13.5828252883563,14.1358557923616,11.9389842370403,14.1523603504566,14.034127313547,14.0553585936236
"CSNK2B",17.9154473153745,17.6886799114426,17.9352472488276,17.9582692120481,17.9756782206335,18.0892422696881
"TPM4",21.6101396957899,21.6626222232509,21.7327739207886,21.5844193001912,21.560809069639,21.4919229516981
"ACTC1",24.672984211048,25.0253087331127,24.7447868329533,24.7302916318366,24.5018035413825,24.4386747370565
"UBE2L3",15.9770090796731,17.3202461426361,15.8811098968744,16.6926200782124,16.3479108404226,16.325264516772
"EEF1A1",22.8308669977086,23.110950153404,22.6241606948111,22.9783201362561,22.9573288941035,22.8752474577453
"ACTA1",12.5655245880531,14.0562551470114,14.0518939224462,12.7303600118207,14.0379426627849,10.8588992383814
"TUBB4B",19.6588770607578,20.1647940153474,19.2884394048008,19.8302909754018,19.7028120373576,19.5020965901733
"CSNK2A1",18.0418542966491,17.8823501393544,17.8890571516739,18.3094634751156,18.3708950210459,18.2674958389627
"PAFAH1B2",13.6782449230429,15.8013697202662,12.7376973227046,14.6601569383185,15.3587366969946,13.976704179752
"NOMO3",15.7484098666046,16.1897697465439,15.191547769155,15.5968134610939,15.8643911617029,15.6788043927411
"HBA1",15.7034903774071,16.3956347095967,15.8708975879299,15.9059050514447,15.8628811597801,15.7790332861536
"FAM193A",16.161283074542,15.7808365905092,16.1768010352495,16.1838712499629,16.0050880875871,16.0764204298409
"NOP14",17.8789986396339,17.8130946832722,17.8122742784627,17.8754714172638,17.739490037762,17.8560185216929
"RBM6",15.5328074882975,15.2085042286562,15.3259368825074,15.4945256165007,15.4252960690124,15.4431368397845
"EIF4G2",16.0874868749174,16.4958151405387,15.8430406101813,15.6674400150348,15.7044970062169,15.4147643374533
"RPP38",17.9142068866376,18.0060128439862,17.9866714659851,17.5683330644782,17.6423524111375,17.6978322186768
"RPP30",17.5242193865416,17.3921756890091,17.7325830232224,17.2576449177085,17.3726104614064,17.2685657574965
"GTF2I",18.0976741620015,18.4085771188,18.1063260499365,18.2935141728692,18.3345858900735,18.3253429222958
"PIP4K2B",18.3866949380304,18.099238897283,18.2644444329173,18.3160274907411,18.1662039874617,18.274861312559
"SRPK2",18.6291628146491,18.7579798773778,18.6216705127622,18.7844006518529,18.8721562283548,18.9540960945018
"CSNK1G2",15.476977775873,15.0279805736155,15.9364121321976,15.8149739270624,16.0645673002718,15.7958745272411
"CCT2",16.5720547531601,17.4600660363208,16.3289543978813,16.781291701351,16.7616435534549,16.5184075840463
"RAE1",16.6975326657286,16.9350521043761,16.7806989246996,16.76736958008,16.8963728514102,16.7375778435478
"GSTO1",14.2943056274698,16.5605398783391,13.3695728104401,15.4206742075655,15.2639100316441,14.8280326230775
"PRKDC",18.0676508370064,18.4051223454385,17.8165246483753,17.846202830322,18.1381319303006,17.9582540298758
"NTHL1",14.2576419715495,13.6698285088273,14.8881328658795,14.8698315097918,14.5660037190216,15.1594134464788
"MAP1A",16.4593169182851,16.3141770396939,16.9539212113357,16.0399842891321,16.4804912387118,16.3247459227627
"ADARB1",12.5628683310043,12.6914651482565,14.7422442690963,15.1092521546866,15.1051512877381,15.3175395930409
"PRR3",14.3538254108841,14.1645580708753,14.5348715672262,14.8442878106657,15.05766112366,14.5477152052083
"LCN2",18.7163542795262,16.2933795900216,18.9691144725757,19.0852600414722,18.8199475069486,18.8181300162522
"NUCB2",15.134946580127,16.5901178579925,14.0679036981115,15.2398017481856,15.368779941973,14.9454009462897
"DCD",18.4741970902809,19.020106249003,19.0834268666289,18.719528799852,19.2167329769321,19.0208147688987
"SSBP2",14.0050154328049,16.0741504544752,15.7899683747394,15.4758124528283,15.4248626292843,15.4133697624085
"MRPS22",16.6032984620039,16.7868649687997,16.385546742876,16.4805955907213,16.5194204896759,16.4150615491323
"MRPS35",14.8619366144602,15.3996619155107,15.1009934934538,14.2553711249468,15.0896476878229,14.7576617392642
"MRPS5",16.3335965140748,16.7288188022031,16.2788735578046,15.6100766794663,16.1706627146801,16.2891824578985
"MRPS11",15.4643380863415,15.0775939247493,15.2922456635316,14.4683321909113,15.7350014210818,15.6244942823942
"MRPS15",17.6212845973104,17.455229518464,17.3523191824077,17.6817531367085,17.5806742335942,17.4942778565525
"MRPS21",15.0191038843217,15.3126699946035,15.4192156024898,15.5114981833995,15.7140179317484,15.4339423544883
"MRPS34",15.3359461235017,15.3080257532431,15.092767875218,15.4723353566632,15.2943637172263,15.2225299191393
"MRPS6",13.5531611579797,12.8852960690626,13.8272074204189,13.9318667724218,13.7054928625016,13.9214470238379
"MRPS9",16.4158307128198,16.5118003619648,15.9603599360191,16.4286508352182,16.4682830870229,16.3221149357469
"HMGN5",13.6418475299118,16.7848022404043,13.3106242834147,13.9972819975763,14.5593061013005,14.3357844737269
"LACTB",16.1088029393015,16.360980959245,16.2444089929689,16.2572576303478,16.0141214048589,15.9335212334417
"RPL24",22.277586515272,21.381174419196,21.4960110296795,22.5037031105756,22.0713006463263,21.8365369075856
"RPL36A",20.4164909833586,19.5093033673284,19.8700449763435,20.6996212507759,20.1762972276638,19.8322533124319
"CBX1",14.3457819505228,14.8501928456062,14.1412916973901,12.2437708276445,14.191990217529,12.2500285330453
"SMAD3",19.3203735250844,19.6167333326918,19.328118497941,19.1671432039018,19.4118988438771,19.4335711790798
"ERH",20.870758580759,20.7559234899176,21.4428065990711,20.9527091169292,21.0365878314448,21.2117184109284
"RHOG",15.8066151952546,16.1863804634177,15.2165655858245,15.3554925369296,15.799201469571,14.6073893266307
"RPL19",24.0205137392901,23.3854529981411,23.7652991513623,24.0987405277243,23.7721129745369,23.680377767603
"SERF2",14.2364774457275,13.991623082727,14.5898845942556,14.5580390015341,15.180910894362,15.1757292525907
"SRSF3",22.8154416397004,22.4521328801715,22.4390672840073,22.9516344026052,22.5933530505623,22.7081465680641
"H3-3A",21.4088978468201,21.2611617904823,21.1039294754284,21.3575035734907,21.577355062701,21.0749888954331
"FOXK1",17.4676459852222,17.8121143040817,17.4577613672877,17.4316395260582,18.2227195876184,17.6314758569551
"ZBED6",14.2835247283234,14.1970967195499,14.363030798241,13.9206794347797,14.2623477794474,14.1230463401912
"CCZ1B",15.2615863467449,15.7456987433206,14.8441563628958,15.4784606947288,15.2272771891727,14.9787066164422
"XIAP",13.59135852128,14.6754924473797,14.4346795002533,15.0356434964921,14.7030132368028,15.347831031286
"ARHGAP4",16.2861997145442,16.3161366361631,16.2625975496281,16.385157661246,16.3804124456904,16.5423677176802
"RBM10",19.4905545797033,19.4234997563023,19.7048707152076,19.6652027439404,19.5871226358659,19.7178487581806
"RBM3",16.065360593551,16.5439487751052,16.5831184758794,17.0383415000067,17.2164027605842,17.3379570332322
"ATP2C1",16.4822325534853,16.9585626271288,15.1312696613099,15.6255423509743,14.0599227074406,15.8699572182159
"CYCS",12.7564898152515,14.1978778280299,12.1968671290118,13.5745341627629,10.3744247282923,10.434000485738
"MPP1",16.4994662952699,17.0529250295077,16.2295730903525,16.6695711922943,16.5156408642089,16.5677857372955
"TFAM",19.7149765085928,19.3949039232674,19.6642382375143,20.0321323833471,19.9454389210007,20.0099764672303
"SLC25A3",19.0172557966543,19.0933871296392,18.867592370389,19.2275029934333,19.1743541190064,18.8816440689974
"HDLBP",18.5033418242996,18.6855480549039,18.3166817533813,18.6083102014351,18.7273062640073,18.7479960514105
"GTF2B",15.433831588538,16.3685719378603,15.1606853029078,12.9304511170829,16.2052399931593,8.60691245134449
"CDK6",16.2808079170202,16.9216982407853,15.9243832119925,16.6467976114269,16.6786279210542,16.5323186336728
"CDK5",18.4246610967852,18.5651452276286,18.617319807635,18.3726232136625,18.2294152755657,18.1400919220219
"PURA",17.8421682515897,17.7869043942984,17.7169803143597,18.1852435418143,18.3575825873395,18.1748085309225
"CLTC",19.5672360480849,20.0266052985309,19.4677092225525,18.9136916496276,19.2196899016446,18.9885253744823
"HSF1",11.5511290153701,14.7171924629276,12.0863884340686,14.4646852398465,14.2615366916939,14.392859956625
"FKBP3",14.815323242053,15.3233393154178,13.7992075418444,14.3856773345595,14.2588354099566,13.8631864960251
"PLCB2",14.1296866252673,13.3936400918086,13.4806958019359,13.7425993355998,14.3075493424274,13.2142312266642
"HNRNPU",20.7628800496708,20.579102287385,20.797504482383,21.2567985012312,21.2018959688284,21.2068551864179
"U2AF1",19.051410605405,19.007312848694,19.2126173551626,19.476424725545,19.5588216470095,19.4489126837161
"SPTBN1",19.0663443962986,19.321484889439,18.8213093653391,18.8894112727913,18.9981762719638,18.82431066466
"TIAL1",15.8479047637162,16.1757411409762,15.0740257781955,15.6945248551442,15.982963392008,15.6855802201665
"SET",17.207376340707,18.6170655327057,16.4075748221662,17.4533753014949,17.4760588618031,17.2946427344604
"SRSF2",22.8189334775494,22.8157551121819,22.8389455596989,23.2653163005515,23.0026346029075,23.0369972378569
"FOXK2",13.5250530074166,13.0271279544616,13.6621314858789,14.8051897587674,14.4284809593317,13.9634988695084
"RUNX1",17.2832135413333,17.3176049861879,17.1325175021403,16.9908013372697,16.9953852533304,16.9861186848855
"AMPD3",14.3645906719459,14.8778767458506,13.7033000538657,14.1473395695776,15.6622506810979,15.0535850588605
"AMPD2",17.2223693695805,17.4772847411995,17.1928634793769,17.4378085483864,17.6883262672133,17.525585038915
"FABP5",15.474491085563,16.2292824198725,17.4371240232955,15.3364564188706,16.1687137352416,15.069722806367
"CAP1",15.4266840818496,16.5798756983724,14.446797449212,15.4993526162706,15.9673592534068,15.2443314990026
"FLI1",15.1560297328862,15.9851016144745,14.953679885485,15.2586338978462,15.3260489598333,15.4291837551882
"HMGCS1",14.855474166554,16.1703569938678,15.0282409800701,15.1372327288518,15.2489228416737,15.0030208240129
"SLC7A5",13.2348585862498,14.2374528796292,12.5008659491647,13.5708788944229,13.3447984054073,13.6609422948362
"DR1",15.0941120037185,16.1080414765744,15.0980860513824,15.1622470205633,15.6982626272178,15.4067702248883
"EXOSC10",17.7065233354404,17.6807822806687,17.7041100595312,17.1976243711988,17.2231153613743,17.2806635824023
"OTUD4",14.0555279458074,14.673079909152,14.9268097614607,15.156955494385,14.8446305975715,15.0310937784891
"PFKP",17.4992146321904,17.7921758465,17.5511566178667,17.6504145396339,17.6909447158817,17.5892972461088
"SATB1",14.5727559368378,15.0793918623403,14.253294995975,14.2635952812702,14.5896839133889,14.1764522779824
"XPC",15.9357908430923,15.9585372190631,16.2957870469012,16.1138259844566,15.9386947048575,15.8928694208983
"EWSR1",18.2565359543643,18.6075652166464,18.1122908474487,18.397053463275,18.4675681386103,18.6364433660625
"OCRL",14.7606122610215,15.0499925991015,14.6695177968929,14.8218930392522,15.3064811324867,14.8757005953354
"PLCB3",20.2484181055752,20.5424278198696,20.5187780960928,20.403973779876,20.1180477019008,20.5391760432969
"AKAP17A",17.9628076863512,17.9039112584191,17.86681877356,17.8980623543437,17.9155473929032,17.7742300899329
"SP2",17.0956661018631,17.4151716670249,17.1635782352148,17.2850194218391,17.2823704814294,17.1838025477973
"OGDH",15.3649171910011,15.4893980513585,15.294108076074,15.6233456940016,15.3914039433741,15.2927289870744
"CENPE",15.8379492271635,14.0845704928869,15.5807444882493,16.1240419274836,14.9573685762569,14.2220794898308
"KIF23",17.6169522480692,17.5237772538955,17.643088003784,17.6757434457963,17.6828826229334,17.7893419606234
"DSG1",18.7212066870633,18.456658741604,18.8186154410637,19.0588098581464,19.0785319765706,18.7796632552294
"SP4",14.1230623328504,15.0350462384314,13.9252793187719,14.906826724883,15.3777071170886,14.4483803966672
"SP3",14.9832069516157,14.9572341132319,15.0316401727953,15.126232584072,14.7423230165557,14.9052459630249
"RPL18A",18.3198134872693,17.9846329044471,18.0849147635453,18.0717509187953,17.8318831156433,17.6239499146943
"MAP2K1",13.7625046459675,14.6910720605397,13.4244580270659,13.9710178048987,13.9869985459764,12.9921011815422
"FKBP4",17.1873633828769,18.352463334366,16.1700846658861,17.4908278488277,17.5099218761683,17.1358985272293
"PLOD1",17.2406231880309,17.2387317308068,17.3083701407602,17.4869528326587,17.6346007835972,17.7311606308566
"RPL6",20.6636956851348,20.4589313187965,20.5616449234119,20.2770941626165,20.1976870437678,20.0926139232911
"TOP2B",20.320600934294,20.1799178347725,20.4038894464103,20.1849927449542,20.2563139764298,20.2642015811141
"SLC25A11",17.4703881527106,17.605335548109,17.6030304351232,17.5845869701547,17.7023275356678,17.6299634501355
"DST",15.7298526245507,14.8113571313808,15.4656929794219,15.8325701378026,15.4548130272854,15.7629301088746
"MLLT1",20.4258207247634,19.6878308966187,19.9908871560531,20.176835427272,20.023044188691,19.8537549979257
"GNA12",15.0582606804632,14.7376586151818,14.937021103986,15.4771650941674,15.721584670473,15.6073690394189
"KMT2A",15.89633675621,15.7384609634121,15.750204640156,15.8555442447897,15.9332621990494,15.8453913033222
"CENPC",14.6351643084166,14.6244362221029,14.425373804188,14.4751547552095,14.7788001444097,14.740874555038
"LMNB2",17.7743872420144,18.1544507643119,17.4359314653511,17.7461752967833,17.7006681692144,17.7906692183965
"MVK",14.3557136518897,14.0997072064622,13.361590593624,14.0173892175297,13.7167313796658,13.7060595173584
"ERCC6.1",16.6906997172717,16.7087558778038,16.6441418827298,16.7567107212004,16.7984072489775,16.7627325992498
"TAP2",13.3106040931981,14.7496831615163,12.9738171674334,13.0692509195088,10.5251192824857,12.758053071633
"CEBPZ",16.1488509113856,16.0949320941363,16.5838919404201,16.3489265941282,16.150426278805,16.3159784632366
"RELA",14.6847036998433,15.5598366134637,14.2104341470491,14.3354387182246,14.8438477569085,14.3827721383644
"UBXN1",16.6809351185051,17.2588737698747,16.3788937657143,16.9330992643531,16.7597960618312,16.8139754911208
"GBE1",16.2613308180182,17.3568288264519,15.500001805297,16.5785872603687,16.169149418779,16.280287954775
"EIF4G1",18.3565915405703,18.4093126167547,18.3323682587327,18.0348914703679,18.0662684437689,18.0266181573369
"PRKCQ",15.9571427029644,15.9783980975454,16.0921333823384,15.7095020063763,15.9724423314115,15.9492715985376
"GLO1",14.3902622795329,15.433789169625,15.2753348243211,14.3246348339965,15.5280596843929,15.4910194236031
"SSBP1",17.5989092821795,17.7823910305896,17.8175758568505,17.5319729934618,17.5308158930287,17.3673853148074
"YWHAH",15.4887732515653,16.2927813898192,15.2897760486983,15.7979171661902,15.6166685847954,15.659086202914
"CSTF1",15.8202978023172,16.1529682728618,15.8025808598622,16.1399277245629,16.0506268928932,16.0441520275251
"UBE3A",14.0214378247117,13.3034695478942,13.9389878180253,13.0481125088384,12.3853449552942,12.6738335363643
"PTK2",16.6305319171849,16.7950549256119,16.6288565938381,16.686931115706,16.8735572992673,16.9262792560669
"SRSF11",21.506596932254,21.6602709377704,21.8343742922012,21.5616660838829,21.6056000095061,21.5632030232873
"PTPN11",20.6203261590518,21.6262396620248,20.6802752972209,21.7343184040329,22.0567337870751,21.8344313137214
"PPAT",14.2614786606963,15.3245525665493,13.7772221246037,14.7158363279315,14.381676710608,14.5893843028334
"GFPT1",17.7112648022959,17.8102887010083,17.5542128260625,17.7524677414098,17.7994620609667,17.6923757590349
"EXOSC9",16.4844879485292,16.8617556820174,16.5972282415478,15.7358175151307,16.3036427068173,16.1149054232081
"PSME1",18.2646325920456,19.2638931462211,17.5364129703687,18.1601336309749,18.2748083640095,17.876097098633
"RBPJ",16.4598927936335,16.6979640592672,16.6577293832674,16.6351373776477,16.8034390848221,16.6027074179475
"MEF2C",14.0562351605861,14.2665326268595,14.0366577787621,14.3184953592813,14.6404771182202,14.2194276558085
"RING1",16.0506742900319,15.807643638475,16.1803556655947,16.1890098793787,16.3631690233541,16.2338192467536
"FMR1",16.8826576156941,16.8550191835552,16.957826586162,16.9431499658183,16.8959187572142,16.91459150034
"PRDX1",21.1370241441013,21.5155177018591,20.9667106792204,21.1822064094154,21.1809025561484,21.1287611960157
"RPL18",21.9218687150193,21.4724335292841,21.8041946479746,21.6476057630301,21.2395908380621,21.1948920863187
"C1QBP",16.1761696421198,17.0993223295798,16.4475798422325,16.1021298269521,16.4333777714819,16.0958605657519
"KHDRBS1",19.8859334511048,19.6391244577854,19.9675952514321,20.3272798324438,19.9551508244796,20.2159154444827
"BAX",14.4914719590957,15.2978720483482,13.04270554724,14.3243318978705,13.9057055211321,14.4860233401486
"POLE",15.5959085057157,15.4060151209134,15.053031978581,15.4007427766044,15.5600846406549,15.2997834788116
"KLC1",16.4601162047988,16.7583614282031,16.438266044883,16.470034581499,16.304467726598,16.5212638789698
"SRSF1",21.7551580832083,21.6474204370887,21.8061013611481,21.7130332862418,21.5591653692495,21.5201426608276
"ARHGAP1",13.8038809686836,14.5619461857124,13.4662554116244,12.77949784588,14.2245935281906,12.9736173199777
"FOXM1",14.18896059775,14.8823722858837,14.0962238793042,12.902658976838,12.9171259462673,14.4611693880145
"SRSF4",18.8240189728176,18.27053615102,18.518199668381,18.7963620783693,18.3366044917555,18.2140716676656
"TGM3",17.1555544944175,17.2389905659423,17.193251210077,17.3145598788826,17.5344956099417,17.1563313934999
"PPP3CA",15.5830107602698,16.0640547611787,14.8088246935831,15.8747578297602,15.5073124433431,15.4357283646999
"DHX9",21.0230976730357,20.9775049356959,21.2508733076025,21.361955817698,21.4305138060989,21.5128200175948
"CRYZ",13.6942234717584,14.4313338422865,12.7746300385697,10.6226275320628,13.9278768292223,11.4709372115591
"GOLGA3",17.629878523518,17.6550529693413,17.5428370565744,17.61389217343,17.6905690525188,17.5984571833479
"GOLGA2",17.0432625143038,16.9341567495661,17.0912255496827,17.0414233384734,17.0784181186304,17.1070354806204
"DSC1",17.1217945289333,16.9402654720932,17.489935665079,17.538215612447,17.5498800815292,17.1931900774402
"SSRP1",17.1098952191491,17.4105275388428,17.1716437914531,16.9929538213398,16.8729339409942,17.0412560535227
"VAC14",13.8870851184085,15.0538055953804,13.3748085599411,14.0085735846289,13.9043133284892,13.9197831650128
"NSUN2",19.0223203979554,18.9541213195639,19.0785050048564,19.3050877410232,19.2645685922911,19.3443713353121
"RBBP4",20.8068304270571,20.9432684323795,20.808807728717,20.6655185223985,20.763090036959,20.8032766927373
"NCBP1",17.9403602866641,18.1515271155511,18.2278907373366,17.9003486118811,17.9269906828293,17.976186843344
"CCDC15",13.2894238430103,12.9654544107982,12.5620395071072,14.4112607190934,14.2191729834905,14.3774444070081
"APOBR",13.6069079630729,13.756492317148,13.9027088027629,14.2349106645166,14.8687075492664,14.2667022248846
"HSPA14",15.7399400303674,15.8400925249145,15.5284532866116,15.9740386970918,15.5674129132573,15.6950507172646
"MGAT2",14.1991833128613,12.562045571741,10.3635046593233,14.3869973486282,13.5677537465336,13.5692747354685
"GALNT2",15.1386983370437,15.3858504387846,15.0671476710813,14.9168073205652,15.0440123899529,16.6321769041988
"AP1B1",17.7182086212137,17.9702068546059,17.6463715267803,17.1104154066114,17.3285405623827,17.1653129416943
"CPSF1",19.5650001516881,19.5038498013423,19.6478728452192,19.5028017035886,19.6140009161215,19.6574413442098
"BST2",16.9165656998182,17.0657029579315,17.1325287479104,16.7045678451315,16.5553484736469,16.6205165373823
"PMPCA",14.2397469378237,15.3319754787618,14.4682297805212,14.3142524117219,14.654315145344,14.5821236302353
"WASHC5",13.9143267317247,14.0974763211429,13.7853438947905,14.4977195713714,13.4060168155313,14.0753794510025
"NUP160",15.1897608682935,14.9990014617095,13.1759268599179,12.3453585889549,12.5853124875019,15.1398023313662
"TBL3",16.7584303217649,17.3356874542347,16.9556286251678,16.0189816588025,16.6955954717816,16.8799382082801
"GTF3C1",18.2444901992055,17.8820920474616,18.1606045571858,18.2632309571486,18.3343112624133,18.33397847039
"TWF1",14.4737871018324,14.8268715877864,14.5116245594887,14.8661067498587,14.7319178903586,14.7708838319899
"ASPH",20.0143800037776,19.7361553146207,19.9106946056655,19.9454021122951,20.0723124168067,19.9564247263408
"TFCP2",15.1741366099011,15.3329736040228,15.2938903145137,14.6503202891081,15.1822905240463,15.1654325647519
"AKAP13",16.9945739790775,17.0556283645663,16.8314586713249,16.8842748769544,17.1272210543799,17.0225354602307
"SMARCB1",18.774279258108,18.8500579413293,18.725027687074,18.5355115633583,18.524275332383,18.6482068018248
"BPTF",17.8376331067611,17.5351855243749,17.6827321169944,17.6036072217327,17.628509263267,17.5309962131636
"CDC20",16.0546732038173,15.8389150922371,15.845069432269,16.1122138644043,15.9225557399212,15.9851401598456
"GRSF1",17.7999732783676,17.8213272427682,17.971610572512,18.2734892999077,18.2466766813826,18.3904610334081
"MAP4K2",16.0286455509374,16.1364781178141,15.961921486691,15.9883148245135,15.9552258810251,16.251050365877
"SFSWAP",19.2580565842735,18.9857219964324,19.2186046211323,19.0075185530381,19.0481317760975,19.0027007625723
"CHD3",17.5902964730299,17.1990871088817,17.5581768850961,17.295186523869,17.5050640909254,17.437578160921
"SF3A3",17.7625983592644,18.00831612599,17.7546011967864,17.5731185195775,17.618369585032,17.6814752080547
"TP53BP1",15.4240151798616,15.7167594549407,15.068761696636,15.1393541354252,14.9348099964666,15.0964640608822
"IFRD2",16.2918082320917,16.4692001277603,16.152242253333,16.0708910290226,16.2768862728243,16.2380742206989
"TRIM26",16.8717237586511,17.1040315063243,17.5114980289743,17.1595792844307,16.4653549015899,17.0474272825278
"AIMP1",19.6145195246865,19.2654157520437,19.3226717487948,20.620261536401,20.7979234907769,20.7199019771464
"ILF2",21.3398368489121,21.2636345577659,21.6134042407456,21.8105679085732,21.7845040548178,21.9081342781996
"ILF3",21.2988167210663,21.0384154806241,21.2882532887756,21.7939045801081,21.662172096052,21.8304691719362
"LMAN2",14.8440930380724,15.4222013267783,15.0671476710813,16.6943012533744,14.2930313728735,14.2829139396401
"ELAVL2",18.1670366436894,18.0317646229026,18.2211137348156,18.0656177688584,18.1265322714936,18.0853092193431
"TRAP1",15.4554634298725,16.5095599260527,14.7258549913722,15.39472198931,15.6356161034042,15.1723460109511
"TRAF2",14.5644659381642,15.7964366401804,14.2796000625718,15.4237984150593,15.7105472837597,15.2591464178692
"TAF10",16.9852017680231,17.1503660018148,17.4615529870473,17.2688298015331,17.1924247857453,16.9870119737101
"PPP1R8",15.8657728941666,16.4355706490405,14.4565873581785,15.7219494487111,15.6383929221238,15.3787622198987
"ABR",15.4973346163963,15.7562326179958,14.8387722734903,15.1695718376316,15.5372137889556,15.4488675672254
"NFX1",15.8938257589214,15.6426446063093,15.8447743329638,15.9350229743561,15.576760966734,15.8047570214524
"CSTF3",16.6144222885461,16.556488541771,16.630769221812,16.6591793806831,16.623577896705,16.6161876940783
"TIAM1",16.685822531572,16.5400748993858,16.5070311648505,16.701313447965,16.6533452930773,16.6750140622984
"ECH1",16.421900455723,16.9028694486874,15.2818286291624,16.6718398465736,16.1634588317561,16.1252550414055
"CDC16",14.3821795323881,14.9288844617128,14.1626652700318,14.4027333428727,14.4165148578049,13.9053301667536
"STK4",16.033427733652,16.2593092719962,15.8995929466522,15.6095469270575,15.4033047749242,15.9699944118629
"FLII",19.1924606663585,19.4005050753117,19.3629737311634,19.2164870269297,19.2975624902549,19.0902018615025
"MKRN3",13.5115144906137,13.7163601742809,14.2835073655536,13.8000167472011,12.5961980506851,13.9812642805603
"ACACA",19.9409861187307,19.8964850370252,19.7229377426595,20.3197811453231,20.5611209396393,20.4709424097372
"CHAF1A",19.1568220252155,18.9997962756063,19.2152065145667,19.0479918844048,19.1085877529812,19.0260619362583
"CHAF1B",18.2754637156535,18.3490745420037,18.3207231739663,18.153845603419,18.2065702752656,18.1102702094565
"IK",17.8140527980743,17.7579239671177,17.7551192315754,17.8306662225445,17.7073718726311,17.7867505139182
"MTAP",14.5524748200717,16.1458674825377,14.4423098456927,14.9368463234591,14.8883969909761,14.8583426437805
"REST",16.0148706720797,15.552583248842,15.6834880124442,15.7449493020788,15.3074048301661,15.5333437259905
"PRKAA1",15.0601250896903,15.362962262702,15.2895275901705,16.0596889949527,15.5166274927124,14.9194068468129
"PPFIA1",18.0234484541048,17.7325093599474,17.8901844035299,17.8168109233624,17.8511011762512,17.8345493773694
"EIF2B5",18.5200042810864,18.3493831787982,18.324725006386,18.2046129325132,18.3148039577489,18.2079278254902
"TARDBP",16.3935071018628,16.5535262534465,16.3488642821003,16.4245162889061,16.2798478793568,16.2926282735746
"HNRNPA0",18.2714144229407,18.275925966522,18.7372120173789,19.0287273405851,18.9337331512745,19.106447925095
"AIMP2",18.663539411656,18.0415580935724,18.7525986024911,19.8551619972271,20.0664341412791,20.138361055766
"PRDX4",17.7271440315092,18.5695125047988,17.7436410166586,18.0784601290607,17.9489881467694,17.7574103244701
"PAK2",14.6315387643191,16.4088722086123,14.0994097844629,14.6216568779836,15.4853943722048,14.7643884350146
"CBX3",18.0296447285776,18.157835396641,18.0184268863685,18.0096640790062,18.0882952398969,17.9133777438783
"STK3",15.0152520430316,14.2235132796781,14.6402245973331,14.723110977413,14.8645029775835,14.5661997515762
"STX5",13.1490137178569,12.3505606177516,13.8942790199578,13.6711012254488,13.9777953480047,13.5762247422607
"CBLB",9.73975421932012,13.8856105868607,10.6116143727805,12.9363501993796,13.1272524767284,13.9872834670038
"PSMD2",16.4410650598426,17.159951827994,15.9693993382457,16.5035404403176,16.3363227941708,16.3838031639099
"DDX10",20.3488543430397,20.1820616152202,20.2966778644078,20.2215759115246,20.2044094719654,20.2822307833974
"DNAJC3",14.4030452638675,14.0119391657786,12.9041125380219,13.1990108046119,12.8222590365179,14.0745937167521
"SRSF9",19.8801575463038,19.7788442687209,20.0129706485745,19.6303656100638,19.6911089568916,19.6367101066976
"SRSF5",20.6783979473739,20.2813378355545,20.4957716038379,20.6607511618901,20.4143930051433,20.4084822319898
"SRSF6",21.6522736501748,21.3787653944081,21.5471876960045,21.5594165368126,21.3867477870097,21.2594674366315
"TRIM28",18.5683332871681,19.0235310262075,18.4566112198851,18.4885338688222,18.4771585469776,18.5110839554186
"NMI",13.7104579842136,13.5162523221306,13.7597605689551,11.5639179145681,14.5909335311176,12.8191413057686
"PABPC4",20.071016453245,19.8473927770129,20.1904613101472,19.989309118938,19.777040956555,20.0599820799258
"IFIT5",16.0724263650643,15.8387832524754,16.0115242914089,16.5631150706589,16.5271582351847,16.3770491673142
"MTA1",17.2899061319796,17.4118552023701,17.3603231206923,17.4667717605454,17.4533210393461,17.4867195573548
"EIF3I",17.0377438354561,17.1808499162703,16.9658428929576,16.3791508972187,16.5299759457037,16.4971460931986
"PPIL2",16.1978263916988,16.2331504100192,16.2340124251792,16.3032896960337,15.9514678409106,16.0832347714579
"CTBP1",16.4768714851743,17.0789844789164,16.3512922865476,16.7912226137333,16.426071266205,16.624561592852
"MRPL49",14.4753622615759,14.9304081020206,14.1696983101936,14.6354858513096,15.0290460385885,14.2901249277866
"DYNC1I2",16.4870453468952,16.6646807424719,15.8053924746845,16.2928911850085,16.4887139822278,16.3409393008007
"ORC1",16.8474555106101,17.2515499059253,16.3494564400983,12.3907796438687,16.8487120548039,11.2808486881487
"ILK",14.2823356916846,15.3724661830304,14.4091022418978,15.0760318371501,14.5851619611245,15.1847568176674
"IKZF1",15.8482741067833,15.8740737843343,15.6353270162632,15.809857214388,15.5549548147831,15.5041079525123
"NNT",15.5538003518433,16.1915809247206,15.080708247313,15.3904110536011,15.6704864126737,15.8571879896741
"XRCC4",14.7728488351231,15.2537636650427,14.6424416553995,14.951593759239,15.1502533550418,14.7036020074212
"PPIG",17.6300994361163,17.4945240539727,17.6870999297606,17.5303521527137,17.5193949952412,17.4590072906765
"TCOF1",19.1999459486698,18.8159028466735,18.939293220251,18.8979360114828,18.7765922578329,18.7908194685057
"SF3B2",21.4744013535554,21.2819669176879,21.4443516902415,21.5097412796684,21.4774999812475,21.5416691318464
"GOLGA4",15.1833833840318,15.1724185412342,13.9119229756733,15.0520235412461,14.3469239343208,13.7028285890098
"PDAP1",13.8059789701562,15.1655914317656,14.5213375778424,15.7834776800041,12.6664806019019,12.740817522565
"FKBP5",14.7596947813153,15.6741144585196,14.5924003888846,15.4219738719447,15.1887279162896,14.8414629230972
"MYO9B",19.1019886443983,18.8047737630788,19.0165392695223,19.0639677373545,19.1527997722463,19.1027123575356
"ROCK1",15.5170292716454,15.7383028836335,15.244477191649,15.534835282654,15.6584494386198,15.2460902372851
"NFATC2",16.6914156400437,16.7113191890209,16.7024009974949,16.7463415054398,16.6605234039544,16.751117735788
"TOP3A",16.525453058829,17.5919394540919,17.1300048882773,17.3398454805407,17.5094597204801,16.6342251198923
"BIRC2",16.3026042981199,16.6748127187227,16.1313240486863,17.0155680474845,16.7822933719486,16.8480545081276
"PICALM",15.3275700461344,16.2038708316497,15.1402244210802,15.2025399699967,15.432842974145,15.1457622244113
"MTM1",13.7081903502564,13.4023006229921,13.3617069593694,13.2532970645102,13.6787617620636,13.473183033077
"SQSTM1",14.4115186013331,15.0394580135723,13.7184878756018,14.2595957211622,13.1730716706702,13.9890613748235
"MED21",17.9341913117725,17.8976574156169,18.0119335985176,17.831256022072,18.28391960257,18.0138149823866
"MTX1",15.4995438410095,15.3317825993736,13.7992075418444,14.3736592213681,11.5401946875719,12.5937806014447
"PRP4K",21.3936396351794,21.2554924347365,21.4123337389896,21.3391737768052,21.2133956993682,21.2797103214543
"HDAC1",18.3586102965985,18.4213869882033,18.377834328911,18.2807842246633,18.3526581580231,18.3869982408494
"CAMK2G",15.1786205051905,15.4483234778583,15.3969621999186,15.4446697841905,15.3143832101141,15.381379029978
"CAMK2D",19.9857384207653,20.1067424738573,20.0479152256694,19.9259864564371,20.1331050766568,19.9113419519185
"DCTN2",16.205765572536,16.7368293224366,15.4665614854263,15.8367707088246,15.97716497205,16.3339863730712
"LAPTM5",15.5387239616028,16.5000527677203,15.8831752219943,15.1201396041677,15.5166052418997,15.7489702904498
"SNW1",18.4548640211937,18.4352219532319,18.3217158664456,18.197893853527,18.2506128719793,18.2174366368789
"DGKZ",15.8552527164224,15.91055279343,15.8558989149778,16.003247117854,15.9598568495472,16.1323191806307
"IQGAP2",18.6329947712844,18.8096979890197,18.6489418731438,18.5298624195116,18.6717715140841,18.6488465435457
"STIM1",14.5318066517131,15.439984921624,14.3776614377087,14.2531428027445,14.4312172778845,14.8676183760199
"TRA2A",19.4576739488401,18.9474922617133,18.974856289279,19.2107046334374,18.8701087198933,18.6522088232364
"SNX1",14.8221946236676,16.1204887959903,14.8551357478325,15.0651727056358,15.2071542956944,15.0660793492792
"KRR1",17.7016193098149,17.457071412937,17.5223246723852,18.4866849948423,18.5465891824083,18.2735420237143
"PWP1",19.097217118028,18.8138508509169,18.8965437059329,18.8146809356443,18.7221634700538,18.8416030434768
"MTMR1",17.000400155008,16.6166377172587,16.5674286599661,16.3352921221861,16.5750286353042,16.5956753315429
"MTMR2",16.1357368373091,16.3024829232384,16.175399651949,15.9500776380071,16.0436471332268,15.9288968341267
"CUL1",15.9342332000567,16.090585726327,16.0221423743155,16.0465813506333,16.1482827268694,16.002566283947
"CUL2",13.1531708831462,13.58877880598,12.8003908234211,12.9171766235792,13.31753853316,13.0640982237439
"CUL3",15.2779251953935,16.1143560434406,15.2233383011659,15.5935533585001,15.2031414955899,15.3491859077085
"CUL4A",15.1327474406278,15.3769374568831,15.0511305831773,15.5485088732396,15.1671133835205,15.1745728046259
"DYRK1A",16.3987697403635,16.0185529403545,16.344977905621,16.3833622395254,16.3040919170064,16.0570780128004
"GFUS",15.3411348179002,16.301375334202,14.4531197451215,15.1497826387654,15.337622459448,14.9102998154431
"AAMP",15.9156589580344,16.2337978308083,16.0127696477642,15.8741355185603,15.7200354714396,16.1854510588628
"MOGS",16.2733393133617,16.2566126573541,16.1248672708644,16.5665660517023,16.6276094740814,16.2873899011695
"RUNX3",16.5507267077375,16.7895289327702,16.6126149842411,16.3913395958154,16.41319139882,16.5959924263767
"THOC5",18.396651436575,18.3504339668719,18.4427916686923,18.0070590314223,18.0387700579698,18.1604024761329
"SPTAN1",18.2667982508344,18.484643081021,17.9890096914132,18.094289221575,18.1486757731521,18.0401973981768
"GNL2",17.7512882802264,17.5102900722522,17.7518467898291,17.6180178555517,17.5379039061393,17.5851961213824
"PKP1",15.3888400059558,14.8162571945937,15.7949047036117,16.1550106928218,16.2239040386788,15.8563541799888
"DDX39B",18.4397911223323,19.2228208402092,18.221096737599,18.5962938713065,18.7119320911948,18.6198497809689
"BLMH",17.2811423771521,17.2281268575653,17.0683838420899,17.6028269362091,17.3079695624506,17.2691094162471
"EXOSC2",17.4067470272129,17.4177944282357,17.1688087156769,16.8689386359441,17.1522812767663,17.0957078190476
"SNTB1",16.4457760637993,16.7259755517648,15.9601804246622,15.7755771037415,16.0565289162264,15.8956495925146
"TUBB2A",17.3316307682969,17.625091442374,16.4825873879266,12.3117777454155,17.1967437881332,12.5864799525841
"GTF2H2",17.3290239722864,17.1613320902787,17.389029978987,17.569606956329,17.5603701551039,17.4295938991776
"GTF2H3",18.2307789912852,18.365006786397,18.3769458057994,18.3654241781944,18.4425173271131,18.2976952045197
"BYSL",16.0924852475453,16.1927200879454,16.2239401155844,15.9845693250547,15.9236409515203,16.000211977121
"C1D",12.9499200671749,14.7212773064443,14.5266865328093,11.5127215501778,13.0053254185929,8.70686243317754
"PDE7A",14.3619019777283,15.9122559135623,13.9618702684101,15.2425778335394,16.0594469213224,14.9356116780466
"CBFB",16.9158801955787,17.5989885665845,17.5275335129531,16.8216438296636,17.3898992487437,17.984421574193
"CDK13",16.9054883704345,16.894432104348,16.7539653030178,17.1334725780725,16.9273763603913,17.122945047294
"IL16",14.843811893308,15.6882676049757,14.6226128029455,14.772320502652,14.9703502147083,15.0828245642088
"CKAP5",16.983221984812,17.0687153098235,16.7229667843876,17.0621698082618,17.1003720134054,17.0070443541065
"CIRBP",16.4676862600413,16.626753676639,16.7573087460922,17.6280237573327,17.5568543974819,17.6846367957184
"RAB33A",13.3853327491673,14.6008234186849,13.769524746972,12.0532415819792,14.3038624966777,10.0641269490569
"HNRNPD",21.1399402413065,21.0282006980791,21.3596294679801,22.0421740234548,22.0391590283299,22.0554361927284
"BOP1",19.5527711487304,19.7417646971902,19.5569962921987,19.3122920342875,19.4025551571935,19.348291594108
"SEPTIN6",16.2721593672561,17.4496595416466,15.9044800993997,16.200931354886,16.6065738565745,16.2617738599486
"TRIM14",15.5033124876851,15.0598716850639,14.6432004598625,14.9116171572888,15.5297261030945,15.2095118140039
"KEAP1",18.1194605930519,18.2048470676744,18.1684179829114,17.6240943244016,17.8219721770196,17.7334718529956
"DHX34",14.6738221106711,14.0357394505993,14.5101045947866,14.7189865901011,14.6696822906297,14.989171389995
"MORC3",13.5279454882094,13.8806901163149,13.2809755828819,13.6235798122316,13.6069088881479,13.687354248452
"SAFB2",18.0532631970213,17.7630839566757,18.170038001084,18.098844891915,17.970444207338,18.0767258432654
"EIF3A",18.3565704360961,18.2479557834937,18.3746164501665,17.7480756782829,17.7373715371809,17.6835760501843
"ARHGEF7",12.2317924007347,14.1426623241875,12.5525481441192,14.0709868048839,13.0613720365383,14.0250482660077
"EFR3A",16.3355440585718,16.422431111094,15.986445423557,15.9897820877989,15.926304798456,15.7797585917297
"UBAP2L",15.3732949281623,16.2543521479696,15.0044114141068,15.3807629252911,15.3595472847447,15.4965142797889
"SCRIB",15.3892861507895,15.3775268310069,15.1236615087943,14.8815163636847,15.336026244007,15.1785633204156
"MLEC",16.2707414452457,16.5208446977595,16.2870112397495,16.3071855081799,16.2645204875286,16.1548093096929
"TTLL12",16.4569378249175,17.519941874897,15.8195011434966,16.4872532074149,16.685017895443,16.325472640039
"WRN",15.8698526145392,15.6609974564954,15.8909243081698,15.8913938856121,15.950771164402,16.1056347862069
"DCTN1",14.6550814880522,14.7556419958965,14.1754004706837,14.4380365916794,14.8381475153007,14.526980566608
"DYNC1H1",16.8970585123272,17.2055555928467,16.5254622351236,16.6372274110815,16.8972133587144,16.6313294129925
"NPAT",15.2217041693491,15.120770850163,15.3168389125419,15.2402263647148,15.1080894755005,14.9842870276401
"EIF2B1",17.7965974752324,17.9012239948971,17.7386586047444,17.6590113942637,17.7437753100105,17.5234944966031
"EIF4A2",16.3927115204237,17.1520568280796,16.6043874474544,16.588954674446,16.1447173847881,16.2700537497422
"ELOA",19.1654171265934,18.9223066353465,19.1308492959134,19.0486651350953,18.9992361948754,19.0437163627145
"MAP7",16.5132327873453,16.4882923748875,16.4959622696434,16.7590205581497,16.8370276708268,16.68279958948
"RCN2",17.8401072813201,17.8572932725909,17.7037384173584,17.6232577330025,17.5651624869746,17.4493161696423
"TRIM25",17.4868538719849,17.5328065448985,17.5116355381204,17.9906764353722,17.9626819749404,18.0089339801817
"FKBP8",16.3470253414136,16.6959445530405,16.5124000537572,16.4201434648218,16.5980773689848,15.910151451327
"FAM50A",16.4139974136564,17.1014872100703,16.2783324777138,16.646620583615,16.0823079087324,16.718491269557
"FRG1",18.3730282516789,18.1729986153936,18.3451562830655,18.9055040594016,18.8033474764264,18.5959895135581
"GNA13",14.6417705521646,15.1254271934573,15.0922042165648,14.8654462109261,14.8191222881718,14.5377344406391
"CAPRIN1",19.2409466501169,19.1463895309125,19.3427568049737,19.6528113694653,19.615670223689,19.6705912489321
"SLBP",17.8656166898492,17.4822948001193,18.1052645237442,18.4222877876681,18.4134525724824,18.4225233397864
"RBM39",21.8781563878613,21.7189581953598,21.7205113949718,22.0018369805641,21.7746274257399,21.7438124471794
"HLTF",17.7996571479785,17.7595028098754,17.7710279788231,17.733109685541,17.8200318327349,17.9324891766329
"HNF4G",13.7384715718188,14.4076702125867,14.5704475138861,14.5398857927515,14.649857530687,14.1981940827761
"PDIA5",17.7097214894278,17.3605234871863,17.6054978207499,18.4158557120112,18.4840753738439,18.4618882648633
"PRPSAP1",14.1729879443079,14.6435261919009,14.1666322118489,15.1044032934739,13.6415880239938,14.3218846302268
"DHX8",19.2023115827958,19.204706653218,19.2687629956494,19.0193064808348,19.0773829517883,19.1273780081277
"MCM6",16.6384059329555,17.4173244583127,16.4321256431803,16.9417391829243,16.9437308311338,16.7806562538323
"HSP90AA2P",12.4316887866675,11.5070434208139,11.6464832152128,14.0351981586415,13.5364694319004,13.5117666112803
"ITPR2",16.4968821692472,16.4168530985261,16.5704785851842,16.4681681971252,16.4787413428308,16.2090093091161
"DSC3",16.1517306912385,17.205367444175,16.0717985695363,16.2100649572561,16.051246970929,15.8851521146401
"NBR1",14.8536544937419,14.638475510629,14.5280204800911,14.7389239134731,14.7271155724525,14.7699638467143
"ITPR1",16.6676051381546,16.3448574439601,16.4167029696728,16.0743366750912,16.0998985177326,16.1363515431654
"RASA3",15.1429713780314,15.0623282555342,15.248190913232,15.3305897704194,15.4967070356094,15.3713129679488
"TRIP12",17.0906367903297,16.9512372391359,16.964298896887,17.1430907946538,17.1890422243603,17.1086151124157
"PUM1",14.6227799632391,15.395184330549,13.8933454292334,14.1727739201407,14.5173324780297,14.2921458152025
"CLINT1",16.9971870905339,17.0817519003587,16.9444003721262,16.1073403059796,16.0347742498522,15.8807879357653
"KANK1",14.1547791937268,14.3503671959004,14.0894409635346,14.9349430224855,13.9373545081073,13.8140641921729
"MELK",15.4016294000576,15.4023967958136,15.7890302950145,15.7839100957241,15.6597046825103,15.7801750748786
"SMC1A",16.4101044826344,16.4956562867028,16.3978233463946,16.6189562553745,16.5892579591271,16.649538698218
"RRP1B",19.8586649301557,19.651014541079,19.7347878342004,19.8214733995715,19.7157378249275,19.8481995108217
"GSE1",15.6688837934663,15.8346986752401,15.1560434047906,15.6421632142256,15.4461623875493,15.5411917731991
"PDCD11",18.5691943946244,18.3208362386456,18.4696347430057,18.2626293871719,18.4097033425853,18.3932617354155
"GINS1",8.86253420009641,10.9579920445671,15.3807999179285,14.4707142195185,14.5119710795415,14.795976012814
"BMS1",17.6940751648643,17.6295368460841,17.7326150178797,17.3404722118213,17.4591480532939,17.4379222251528
"USP10",18.4058507999765,18.374957739347,18.3668153666865,18.2530532616648,18.3380316607502,18.2887285355119
"GANAB",16.8855237943488,18.0403694618037,16.3655376379833,17.0156597278752,17.1361298104894,16.8917280587263
"RFTN1",15.7557847330416,16.0409130801196,15.6757322557142,15.6595504428443,15.4100571005652,15.4808540243007
"PPP2R5D",14.2917710256902,14.95802248195,14.5195485386425,13.9727150882546,14.3025056282573,14.2924995925191
"LBR",17.6416458637669,17.6251249127926,17.60873201194,18.0722323807022,18.0662790615948,17.9457313568012
"PTPRCAP",14.1682437740442,14.9095954597284,13.2546608868208,14.1078356145581,14.4256333719529,13.6929783091294
"STAT4",14.8046563029545,14.9637905006703,14.7649883904125,14.8664161375661,15.0773847565333,14.9046689577026
"CBX2",17.5715489799746,17.4158566195644,17.5277005007943,18.0227085054609,17.9107344768676,17.6935746185972
"CASP8",13.0895019577282,14.6632852382765,13.0290571712475,12.6536337591834,13.946304020918,13.5812289190613
"NAA30",14.6460077506068,15.0933245455248,13.9583927595321,15.064691407395,14.8245149878926,14.5798621488341
"KIF22",18.1526862063824,17.9867839962676,18.1888514267678,18.2164049869084,18.3186235671553,18.2899337713653
"MEF2D",13.955592699831,14.1842194585783,13.2327040435186,14.9839416503573,13.8534085910693,13.6749163034499
"CHD4",18.9742424886811,18.7597347093099,18.9348689093702,18.8651275208008,19.007148954105,19.141697301256
"LASP1",14.5995253912226,15.8121152945732,14.0166423891071,14.952221069865,14.6543059698101,14.3736741731308
"DRAP1",15.1803635528698,16.1549377354657,14.9728549355056,15.6223624551927,15.4188934924415,16.9958687082298
"NFIX",14.7700387203839,14.0422942972285,14.8453787572347,14.6896602914857,14.7855691970823,13.5646954000683
"ZNF638",16.8347265704421,16.5440100155646,16.8728074818957,16.9289904216409,16.8942876658807,17.0545973232128
"KPNB1",17.3993149795564,18.075621728078,16.952607830851,17.4380252496809,17.3212188127021,17.2651285969427
"NOLC1",16.048422588167,16.2487449894217,16.1178550141228,16.1762169857341,16.1509130436988,15.9690231934719
"NUMA1",17.7544674507226,17.7512910919482,17.7389747349995,17.8189324987471,17.7836915767724,17.7308803213874
"SHPRH",17.4541402207812,17.7539435687034,17.9053755458708,18.4813370866967,18.022841553051,17.83638881695
"GAPVD1",14.9216009017337,15.5106068744361,14.8374005232542,15.0414050493113,14.9519086094064,15.0501221762095
"ARHGAP19",14.7534046102234,15.0629578666502,14.3004553815783,13.5491418565749,13.7852260330943,14.0734804854155
"ATXN7L3",14.5156833319451,13.7438627813064,14.6074576421521,14.5468875284735,14.5823632391021,14.8639519005385
"NCAPH",16.2313357620945,16.5336514006446,15.97109136111,16.1630739217352,16.1939814244431,16.2234672367435
"EMC2",14.6312793301516,15.2940259884222,14.7755713566994,11.8040035235674,12.5780610521012,14.4788615542341
"WTAP",16.5569200755587,16.5456622546315,16.6688946075551,16.3530902967753,16.2745631377579,16.4269750822109
"PSMD6",15.6799179547772,16.5988311562536,15.1660042785726,16.0531012578266,16.613431580274,16.1233266654342
"MORF4L2",15.4236751678595,15.6570430885291,15.5233866621259,15.9296372281869,16.1738838063006,15.8228268497581
"ABRAXAS2",12.6789981676731,13.599811863944,13.4283509492532,14.2995217847487,13.2203763625812,13.7986053351128
"SEPTIN2",16.492852664751,17.3171186177371,15.9262874227303,16.6738336743552,16.6952660877834,16.4081320068706
"SART3",20.1721477806294,19.998249875337,20.2650008904943,20.3883995253381,20.4701109045963,20.5436133861555
"NCAPD2",18.2298852893324,18.7788052638742,18.4079678854024,18.7109872568951,18.7015617812237,18.3174726776979
"SUZ12",15.9785346244016,16.0698560765835,15.950605012724,16.3362145114257,16.3446442281638,16.4911906915305
"EXOSC7",16.9340715501913,16.7568268024875,16.9984090678424,16.3776212129028,16.5600642446033,16.5894536518262
"ACAP1",17.5457727196843,17.550210859899,17.4439012984824,17.3128180034817,17.1107812916485,17.4701747490831
"EFTUD2",20.5161144557491,20.5458915073044,20.5299638860663,20.2210287703384,20.3598073511992,20.3783079814234
"LARS2",13.7830913424414,14.4498803849938,14.0486123808302,14.0523086446363,14.3045667257933,14.207724965364
"R3HDM1",15.8114505343641,15.7720427799211,15.9835064056383,16.0655974699792,16.1168704569696,16.2832135413333
"KARS1",19.496307788422,19.156627510715,19.3719814227468,20.7209677260261,20.9624602872954,20.9561399534391
"MLC1",15.8234372034859,15.7242681015631,15.4906248113244,15.6061527305413,15.9392237305717,15.5852998884767
"RRS1",17.7745858778291,17.9531957710071,18.0380609769155,17.8043227676648,18.0187448798605,17.7326389306075
"IQCB1",15.4278483858563,15.4513561469183,15.2606049018901,15.5806680072152,15.4452290932,15.4793937129333
"ARHGEF6",15.8118490410077,16.1474150243723,15.7429997200881,15.8412224533598,15.6376240848066,15.7274794868989
"POLD3",18.0445180316019,17.8588749330123,17.9842910557624,18.0961993729343,17.9071393592181,18.0069264920371
"EIF4H",16.0021216681568,17.7841887904184,15.5286395027472,16.5701142262013,16.6787107136078,16.3393181824181
"KIF14",18.5871922401894,18.4734741274918,18.5280830034247,18.6181408092746,18.6648802142109,18.6778706025746
"WDR43",14.8617753668036,15.1721486549402,14.8830102670847,15.1170116529099,14.6911889911891,14.7942858879689
"ZNF146",15.3419725475846,15.049930804541,14.7254186643537,15.8995066608547,15.757420013111,15.2481308230176
"PDIA6",16.7358211502914,17.9722378365298,16.1358787928134,16.9413479263375,16.9271303675515,16.6126171438249
"PAFAH1B3",14.5701504052803,15.6671768378533,14.0363736867418,15.0325677396117,15.0720915608192,14.5266461909266
"PDK3",14.8902725432296,15.1889568513504,14.9325983552182,15.1900861240022,14.4103542896316,14.3011179666804
"EBP",14.9025298623648,15.2306751532495,14.8148940916256,15.3216221942037,15.3740843007221,15.33755430892
"PLCB4",16.2359104496042,16.2780332221891,16.3143686932815,16.0184105854799,16.171344143073,16.1541193321787
"PLEC",17.3381304034814,17.096255592812,17.0902618309592,16.9525757544958,17.265699920251,17.1624634184332
"PCM1",16.3541398530973,16.2471051223648,16.3031475040753,16.0350563795325,16.2036979463904,16.0615528261177
"PPA1",16.4884455297262,17.7271893786592,16.6138647563201,16.6096608740005,17.0344108164626,16.3375293962415
"NECTIN1",15.254424160964,15.6520095810092,15.8470924438031,11.660773062659,10.8448622209994,16.7085307919726
"NONO",19.2296621293292,19.2723753209753,19.3980520260663,20.7125720033544,20.6819198682044,20.7439336293001
"PTPA",12.2439031814903,14.4893268582947,14.0312537510144,12.9313802450388,13.3464504338091,11.9342948071794
"PWP2",14.2544818477417,14.2896256387887,14.2823535029803,13.8618692201709,14.2636660630002,14.0478321315174
"RASA2",18.2649665633082,18.3482339237152,18.3930966258967,18.4088892040799,18.3625711250388,18.493201783212
"RNPS1",19.6246688561572,19.284614474995,19.3384899431911,19.2164993420036,19.1546364260023,18.9540969751139
"RBBP5",16.1891962151485,16.7160158115543,16.4846960991533,16.1561269349421,16.7196521224513,16.5358029842452
"RALBP1",19.6993967347687,19.4607837115751,19.6537277655117,19.2267209847653,19.0724456259843,19.191972709899
"LRRC41",14.9905912521689,14.8995184617334,14.5806256454621,15.2887048647466,15.2262038796217,15.1555785663915
"TTF1",15.8319066750458,15.69416469507,15.5844879817206,15.4327425144808,15.0187735083314,15.5635380136309
"TMED2",18.0566183478183,17.9309485389021,17.9752672295109,17.6108672533716,17.5493073549339,17.6411852966852
"PCBP1",18.8884560343045,19.2148963148328,18.7520965880038,18.9711849742137,18.8266739778309,18.8896860593707
"PCBP2",17.9971481047143,18.5333728537139,17.8885110916662,18.2565255887826,17.9310299973125,18.088299950709
"ELOC",18.3043307314514,18.4415152030675,18.5940525711239,18.5766530706025,18.6096913285407,18.4949243183244
"ELOB",16.7526828098607,16.9096930731194,17.0756149389409,16.8929753800646,17.011758055036,16.9199051540875
"TOMM20",17.1727218543513,16.9794265909543,16.710855659663,17.0718182577346,17.1018177239531,16.9691059825244
"SF3B3",20.5950820663578,20.6314572947088,20.6701162783758,20.7079917262655,20.8868797358783,20.7662175784339
"PUM3",16.1562310445145,16.1727136517675,16.310773052484,16.2965387832405,16.4037580177986,16.2484214644268
"RSU1",14.131199272238,13.8364586202324,12.1171092963796,14.7717047641156,13.7501008516363,13.4625011223261
"SAFB",18.1618698252789,17.8636273815417,18.2770075492953,18.2181683878019,18.134154545878,18.1779768025123
"SF3B4",18.5080709713318,18.2189201481946,18.4869120711081,18.8867399088035,18.3311423253528,18.3866919072059
"SF3A2",17.9118537579959,17.8281894906572,17.5968761951954,18.0800431242539,17.9141236550249,17.8509319025212
"PPP1R7",12.5801577744387,14.2693777259927,12.5679852590769,14.0674773855029,13.6581817982817,14.3135898812635
"SEC23A",15.6668542118931,16.2273141596712,15.4790212414087,15.7841062103558,15.8115894359709,15.8826761696454
"SEC23B",15.6204701443765,15.2629331388949,15.168525538009,15.4291855209045,15.2900064595219,15.3847040665077
"CYTH1",15.4849438269058,15.0584287958497,15.3383817925174,16.167483026446,15.0772750489698,15.5325224540287
"SF3A1",19.2355256500789,19.1909725819655,19.1471124874028,18.8414739307667,18.831860483414,18.8954150529218
"SKIC2",15.0710856338773,15.4356392387534,14.8492186919242,14.7139434754481,14.9848311936581,14.8080254945979
"CDSN",16.472209300029,16.0740768461664,16.6019307791973,16.5760502683805,16.8464128796423,15.6236003290787
"SURF2",15.6246428638314,15.8843613391657,15.6749845560943,15.5648541682476,15.4952283950021,15.2912494236491
"MED22",16.6587432027892,16.618222449921,16.8485917063108,16.4696338686598,16.5463047939075,16.6442307064947
"TAF5",16.7908446942289,16.7738427354229,16.8642357267696,16.9131756440605,16.8238663892696,16.991621377794
"TAF13",14.1490161413696,13.8997631430029,14.8181768618421,14.0769300563356,14.627778435664,14.8787877389439
"TAF11",15.3591204399735,14.8403344863186,15.4781056829394,15.4328038348479,14.9121257891503,15.2210164702592
"TAF7",17.6945164351128,17.9536065046037,17.786383482511,17.5150343538278,17.5815922935462,17.7839458943864
"TERF2",16.5621361950894,16.6520838010092,16.6630814725005,16.7614484648105,16.8299675810744,16.9306101168493
"MAPRE2",15.4058971240925,15.6524191863272,15.0950809865351,15.363446357874,15.5739112195963,15.5886751131597
"TCEA2",15.8943651926217,16.4277290846334,15.0884509991459,15.6752922872591,15.2163290531011,15.9414257505511
"TAF1C",17.0020946307458,17.147158309332,16.9959566157998,16.750722816639,17.0898538860649,17.0176716358215
"TAF1A",16.6528742354443,16.0794645749545,15.293070541106,15.9601536306821,16.1093305611729,17.441982140041
"TSN",15.3628297696871,16.368794091983,15.3845068787658,15.7564625025995,16.19894529363,16.0808437536475
"TARBP2",15.7817522002383,16.5383386239072,16.5189483088014,16.5171351980822,16.4303104313633,16.6912405271089
"SF1",17.7869100081977,17.8657339956783,17.7689197933516,17.9769797221578,17.8367859922574,18.0427072783462
"TRIP13",13.982831137619,14.5638824142193,13.6484746557821,14.0205861467508,14.9241143177907,13.9991680796031
"MED1",18.5891725775842,18.3128462707238,18.4788356488126,18.3663260566458,18.3589481836542,18.3469633799135
"TRIP4",15.0130605635075,15.5119481701631,15.1018041848345,14.4866815071246,15.4510001666676,14.9214161997969
"JMJD1C",15.4321401969163,15.252736013396,14.9059764113166,15.2728714044988,15.1828241802099,14.9149834835576
"MAPRE1",14.4022704406602,16.3901155394812,13.8099794941711,14.988446510608,15.3458704297744,14.9717695411102
"ZRSR2",14.9509087819995,14.1563272453534,15.3398057180907,15.0113711071045,14.6122253136216,15.0479285134754
"ELAVL1",20.0465346714375,19.9035469400577,20.1390602834908,20.0773452654839,20.0501708284089,20.1636895958305
"ELF2",14.2607607932019,14.3238493048634,14.5010080188757,14.558981406554,14.1402136346377,14.6414576890377
"NSDHL",13.6659442764923,14.5412397279562,13.7317549560866,12.814922069975,12.1460733827677,13.3900755596364
"SLC1A5",15.6945653359014,16.2537390166214,15.091824190491,15.2336452891623,15.3544689312455,15.1801585085605
"MLF2",14.9820343251939,14.378725445873,14.3761106664385,14.6339452868457,14.3781436414073,14.4671618353006
"ZKSCAN8",14.7895444957079,14.2627171523939,14.0257591857892,14.71362961091,14.5566694981632,14.8254603954361
"TOMM34",14.1427047582104,14.9628561156412,13.8211648926337,14.5445437061017,13.8975806918793,14.4331015929771
"SMAD2",16.1820264937682,16.1339073973815,15.1429549499964,16.1043991161622,15.8490998643737,16.1932608370278
"UBE2V2",17.393011717046,18.4178351303323,16.7917934718393,17.3629826319959,17.3627697672323,17.1852521574923
"NEDD8",15.0997076995121,15.6381656379083,15.3190054048358,15.0434901024983,15.339362099391,15.2596469140979
"VPS72",11.8049624104905,15.5569840598002,12.6070882187822,14.5997901916277,14.4118074350661,15.2548674456098
"RAB11B",17.4310173006538,17.9952504223328,16.9616117985593,17.1162295199509,17.4775627881309,17.1984828349631
"EZH2",14.9790000592888,14.6944390746247,14.5712219028437,14.7608245078848,15.3855395642033,15.0094478219151
"ZYX",14.6551512726378,15.9835572400655,13.9046786469014,14.3776622510041,14.7234044401204,14.5735915115489
"SEPTIN7",16.4126548526981,17.3328694390982,15.9409872252442,16.7638704514995,16.6349638747475,16.381411477716
"ADRM1",14.2106084908288,15.1538330385466,13.9068767885001,14.6215983886152,14.5922555457901,14.2665213537766
"CCDC6",15.0779771333664,15.6571845306703,14.4169040503966,14.6611320799583,14.7638474527742,14.3586746870738
"PDCD2",16.901367552049,16.6102677661154,16.8506426877328,16.9671444428441,16.7704893003559,16.8306354017986
"PSMD5",15.3267465165441,16.174251016482,14.7142281279336,15.3325832264729,15.5032220669021,15.1472015058527
"PKN1",15.1696494604532,15.9837326863528,14.6929382195785,15.4455202568694,15.4118178061329,14.9872209704362
"PKN2",15.4320609653849,15.291179550626,14.6883761569274,14.8701595418691,15.7415423003636,15.3326293767233
"TAF12",15.8750542055626,16.0753483617168,15.8712420055784,16.1290060444367,16.1156959839315,16.0769683743735
"DDB1",18.0486749255148,18.7662342911853,17.950028299266,17.8751964299225,18.0963837782965,17.8659074603498
"SNAPC1",14.7548152299311,14.3985119070331,14.3604680526687,14.8172824377085,14.8231443395811,14.7563341679111
"MAPK14",15.3461968622612,16.6881235212706,15.8433810679386,16.2576813759286,16.1412942351773,15.9914912212535
"MRPL23",13.2244408392318,14.0002240828699,13.1210952353921,14.3703468513585,11.4187359359454,12.518305466495
"CDC37",17.3581486801397,18.2069184844202,17.0630092857524,17.6493067068915,17.6201607479295,17.4583925944433
"DPYSL2",15.3198147394855,16.2780513771591,15.1082052382549,15.6880370313466,15.4520167028991,15.3017578169231
"SNRNP35",14.7592419873721,14.34039981427,14.7898062641212,14.7715608080987,14.6818249914261,14.6027701862012
"RBBP7",17.6595026123774,17.8486464114159,17.3535859678866,17.3425381135198,17.3929910129456,17.5400417431691
"MAP3K11",17.179498318184,17.6303511043867,17.2990169345152,16.9183318395853,16.8804728741165,17.1334407691166
"TAF9",16.8495651471601,17.0499834768088,16.9622285548175,16.646889913183,16.9254035794906,16.8469396132212
"ECM1",14.0760993928393,13.5544043063254,13.9685666325589,15.2105519893143,13.8828339197278,14.8371268446858
"SRSF7",22.1928240577838,21.8685584594291,21.8454195285573,21.9746921380444,21.657089520828,21.6437651379103
"CPSF6",20.1886873554212,20.1782899108566,20.3034162208201,20.3307333180068,20.2733111720721,20.4146765657389
"SMN1",19.8850132166621,19.8207873339473,19.7712890848559,19.8418986017414,20.1337184466691,20.0817725972348
"MAPKAPK3",17.1459613925688,17.5657675494708,17.1318804668957,16.8521434744174,17.2230793392781,16.9132380654181
"FSCN1",15.6161100817608,16.9024727465492,15.2159261533717,16.1621351993273,16.1687667096371,15.8478484282031
"IFI16",24.3714772923411,23.9830577003654,24.2335737469475,24.4563339836695,24.2664166903883,24.3586093523094
"ZSCAN26",14.7270551948379,14.7533820311039,14.52926765609,15.0969226504968,15.0266838002961,14.942067900846
"CYP1B1",14.5613235108352,14.6105084271716,14.820951770228,14.6639754203331,15.1175405524484,15.0476002432817
"DECR1",15.7358410443721,16.938578877091,15.3277727154761,16.0596465399495,16.0889016693016,15.8318061027757
"CLPP",14.4934804660931,15.2422340507849,14.3363772637708,14.1631963256081,14.6448408875026,14.618507270401
"UBE2S",16.3651230563955,16.3965522711569,16.2232422802315,16.4472917418056,16.441436922444,16.5122765854787
"NDUFA9",15.440735854873,15.7963905029397,15.1519095010279,15.4685524536365,15.1376293970512,15.4297614214708
"PCK2",12.6325377138229,15.5157563772226,12.6424980444708,14.352940553893,16.6502159514041,14.4316614782124
"HADH",15.4775239738788,16.7691721426601,14.6910456080289,15.8658736871087,15.913114576059,15.5234290249908
"UGP2",15.1304038501476,15.6694757213639,14.8308376184394,14.9746088959826,15.3443943962347,14.9282838905007
"PFKFB3",14.1547048403898,14.4605689064079,13.6971929130457,14.3445237386373,14.2172943417411,14.064448403381
"PFKFB4",13.6317363872268,13.7883424204773,13.5310818021085,13.7217735850035,13.9795419317191,13.544463772271
"TXNRD1",14.1787476262161,15.1624283083587,13.4650104509418,15.7834776800041,14.3171447688498,14.3891384373261
"IMMT",17.0078187619403,17.1695271331331,16.8414728250894,16.7979485166222,16.7100514251869,16.7617903200135
"GEN1",14.7640937560234,14.0568116916127,14.3394160715893,14.1966225650704,14.4833954757054,14.5890619179274
"KNOP1",18.165665020088,18.0649491229031,18.1065950408703,18.0299923314629,17.8725119667576,17.9356397603695
"HNRNPUL2",19.3901694811188,19.3854764333161,19.3657465925277,19.4096324977173,19.4163691309372,19.3910496269619
"INF2",15.0848453348044,15.4521641672037,14.8619743558251,14.1932678454076,15.3063450226934,14.672747746518
"PDS5A",15.6962888219432,16.2826929978111,15.5083919134264,15.9500965526428,15.9748740978088,15.7725560082006
"MTHFSD",14.6167310069862,14.7854951276845,14.8819750369626,14.9622192671178,15.1682831114733,14.9171579718233
"AAK1",18.1005218032506,18.1835758752781,18.0537122140083,17.2527331495767,17.4071557133231,17.3104255102452
"WASHC4",14.0623518682751,14.1262814740758,13.7894942148425,14.5916139730285,14.5808234967304,14.6931243868988
"ERCC6L",16.6081397241025,16.5564698311719,16.5374981018949,16.824258497679,16.1823598220482,15.8655579971119
"TSR1",17.9390670479365,17.9336160888884,17.785283615958,17.9947023553652,18.2004300667627,18.2278550692498
"TRIM71",16.8958649282916,16.841805472876,16.9219125123081,17.1141455483161,17.1728284836965,17.2605503065488
"PWWP3A",15.131521803682,14.8403461911162,15.4592935416062,15.1101637374697,15.2884705690019,15.0111962378454
"SMU1",16.608016962171,16.5752563348198,16.6135621553485,16.4622372706297,16.2001778244293,16.1909600952624
"ZNF800",16.3167681824338,15.8055953888254,15.7675210930826,15.2781256286085,15.7542087310747,15.7200307137835
"ASTE1",15.5352148579888,15.8179836014921,15.5015680225479,15.2040598444493,15.6255570325138,15.7788658877294
"CWF19L2",18.2348288424308,18.0484770822966,18.1612313995223,18.1575318300078,18.183811268987,18.1577435390755
"EIF2S3B",14.7986518736033,14.461003714349,14.6343261006483,15.3426375899085,15.1597598041957,15.5414133804266
"LRRFIP1",17.0124591187391,17.2047863289372,16.7545288449675,16.8591096023489,16.876613346836,16.645667775675
"RMP24",16.2782659515967,15.825217541497,16.3691600005465,16.2272836957483,16.0530939375122,15.9923978879633
"P3H1",13.1010362678427,13.9067097777703,14.0539064565906,14.5911216843755,13.4613026807352,13.7751069368212
"TRMT5",14.5025279584934,14.9993641019314,14.1668461687135,15.0359039407781,15.1377335293956,15.5445475698605
"EML3",16.9046103978098,17.0492042541769,16.8825179161212,17.1688976195319,17.211927258038,17.2643273193022
"POLR1F",18.3249420649511,17.854697238084,17.9328984672504,18.5037549040413,18.2333295864344,18.2016858797495
"MAP7D1",18.0147282802359,17.9081886483464,17.6786129298678,18.0934693019874,18.0457376949209,18.0695974531718
"UAP1L1",13.8281466020694,15.6761072966637,15.6678094300294,15.9289239374363,15.9684601648875,15.7948108069177
"LSM12",17.6233969247035,17.3187720961089,18.0455602448304,17.2265042023071,17.1001847285548,17.2880855384591
"GON4L",16.4131621378126,15.5482562885872,16.0090963267856,16.6202381569671,16.6694898112665,16.0498481241277
"CCDC88A",15.8420374701857,15.7040981684643,15.8198337076431,15.9355911914171,16.2286720654046,17.0339907444908
"RABL6",20.4342412422125,20.304221513737,20.4126453021885,20.2336021241379,20.2311830864803,20.3366930911209
"TIMM50",16.2358269643505,16.3978778151246,16.2230987649181,16.4915083487101,16.3147473223874,16.2444571226174
"PARP14",15.5838317234998,15.7574171742417,15.2919345181005,15.6356692947964,15.7424253923541,15.6588433046224
"GLYR1",16.5768309251663,16.3864903430827,16.4893756431717,16.5298349742887,16.6607169761229,16.7460357139642
"TTC31",15.4591022549052,16.1418738373325,15.6981158204863,15.8442946770111,15.2089453171511,15.854515845857
"C2CD3",17.2881288976106,17.3922536862384,17.0381275492647,18.0802110215428,16.8203483956614,18.0928928619838
"VPS26B",14.5139044065385,14.7150492956414,14.3110368009971,14.8718896481542,14.7438167195358,14.8877865565896
"LARP7",18.492072473866,18.3509711129722,18.3758511772074,18.4904542988472,18.5379357469341,18.5003438525525
"NADK2",15.1791909451015,15.6000516902552,15.1011102374494,15.413640720458,15.0219387989034,15.1694740887833
"TBC1D10B",18.6975888620951,18.5473946392499,18.6421620716909,18.5955468424123,18.6068369039772,18.625693149105
"TPRN",14.1244751553212,14.1478838114629,14.2005011043462,14.1077949207519,13.7557951946755,13.7572537345083
"ARID4B",14.7934133080554,14.864129836654,13.5235741028475,13.9196517161737,12.6038946472753,12.9719118607155
"ZNG1F",14.5073883295776,14.1941440866898,14.3922093373633,13.8636515170322,14.5318441697332,14.7563814476968
"BCL7A",15.4497144091111,15.6490901479907,15.5416738804387,14.6541719667971,15.8088320323967,16.1049544491871
"SYTL3",14.884821350255,14.3646462941151,14.774133447704,15.1631260223081,15.3158588096789,14.9905799959552
"PABPC1L",15.4121156253886,15.7146180316088,15.7579005349325,15.4966969256963,15.5271598238678,15.0689729161851
"TIGD2",15.1931330629048,15.3214817625185,15.1264938359277,15.2984560609764,15.0976550703892,15.383362172018
"PAN2",15.5063650782207,15.0900751936812,14.9008669022992,15.4746647545282,15.5464673623178,14.7516625702801
"FAM98B",15.9492565494012,16.290631962853,15.8860931171073,15.9810011208305,15.8014764785797,16.0228664710237
"PDCD4",16.1932746997241,16.8581715459623,15.9534347678413,16.3833252787773,16.1633176969003,16.3009732733147
"FNDC3B",13.8241559485057,14.0683858155874,14.1847810657802,15.5860945040058,14.8877601921861,14.1622998093251
"CEP55",15.1133246290121,14.9765766529705,15.2168776951005,15.2799823056895,15.0668978722456,15.1860608340694
"NCBP3",16.1706957669843,16.0264155908097,16.0668619759518,15.9156240656831,15.9723632790524,15.9235216223731
"ORMDL2",14.5843172059352,15.14536607462,14.5328172265736,14.9768618499135,14.8419844174475,14.9935624782175
"PLEKHO1",19.2640597459167,19.3722751216334,19.2562708945626,19.318552077181,19.2644286258834,19.2456671298505
"HSD17B12",16.4712838493332,17.0279822145262,16.5181395282504,16.5059575896343,16.9363873087759,16.434881804088
"USP39",17.8058029967538,17.8269100963604,17.778000232703,17.8012912380151,18.0475386869664,17.8957866657367
"AGK",16.2432832490516,16.1334522083802,16.1458340554583,16.0756642377952,15.7883255444423,16.079653943903
"PYCR3",15.74843518313,15.7212355299797,16.0971131582498,15.6793460776875,15.6532099410004,15.9405127340531
"UNC50",14.4425750018907,14.7712302377386,14.7437404725053,14.7839069760843,14.8474121999443,15.0753732248416
"CDCA8",16.6257829590477,16.6773895367434,16.1839348135098,16.0479780435456,16.7734619736269,16.5603981451389
"ARHGAP15",14.5437428395225,14.702702503552,14.7535658876088,14.8273698487981,14.6844635701528,14.9902300345749
"ASPRV1",16.8096660890887,14.9280893983997,15.0467618293145,14.8395749097282,15.0883327706655,15.0573774992726
"COBLL1",14.9308111518463,14.6438578794264,14.7112507514984,14.4466076966395,14.3251308705554,14.2212628862456
"TAF1B",16.0214800527372,15.7579332878145,15.9414245125496,16.1647044654716,15.8412887794373,15.9988687748141
"INO80D",17.6202506881044,17.4638132250048,17.4731140167892,17.3408043350961,17.2954147090181,17.4749637228888
"SGO2",16.937284154755,16.8845975632847,16.9323318415958,16.5586773535897,16.5730420919159,16.7804099426573
"ACTBL2",18.9890235551707,18.9887104790641,19.4687998193058,19.00891686064,18.9602447598645,18.767715504563
"ESCO2",15.5038612895081,15.5050994568235,15.1161721435735,15.0576626465522,15.3675188405055,15.4863269727667
"PAN3",16.2873583348152,15.9339774736369,16.3865976117064,16.2804126613049,15.9086209324667,16.4610948212278
"ODF2",16.4031283921084,16.4315397170712,16.2426575800277,16.1811865453179,16.193964296983,16.4082885373819
"FAM133B",17.8466141456639,17.8943003504217,18.0923940888285,17.4237722402696,17.3890568758016,17.2328851862063
"ZNF326",16.6873067841364,16.6952105486523,16.6308890678519,16.1238239515631,16.0267701094887,16.1698146348073
"NOM1",17.8571525533908,17.7653001510479,17.7545964995737,17.9687709510813,17.9787425739948,17.9834450145006
"FLG2",16.0838345555594,15.4836366256302,16.160155055718,16.5663224813982,16.3967534377349,16.1071968427306
"DNAJC21",18.4701230221554,18.3973725637893,18.3546977435464,19.0211316399794,18.9261285988985,18.8766211101348
"ESCO1",14.7305064376181,14.6963935931723,14.6197842702609,13.8685477800691,13.646615746331,13.9202799930091
"PPP6R3",15.3262992145303,15.8232481799499,15.2859341362634,14.8518007604817,15.275902602949,15.2081516571043
"DDX60L",18.4433756096932,18.4330825161225,18.5015743510517,18.2377547344894,18.3221129987839,18.2108789635551
"RABL3",15.864954596887,16.3655808665494,14.9073143402592,12.9440020014994,12.5751387214946,16.2075847020622
"FAM76B",19.301676145533,19.1185596612989,19.3690368794191,19.4771181008169,19.5876931091099,19.3700744768544
"NHSL2",12.9731390821066,14.1199705067888,14.0982220329809,14.3914831235204,14.0555856204446,14.5134781001393
"RPS26P11",14.85498571431,14.3152163023444,14.6604707868282,14.1748377733934,10.8464125319322,9.50373213862838
"GCSAML",15.656782643482,15.4433988005284,15.726652169385,15.2613058761077,15.3665406170976,15.6816820469687
"PITRM1",13.3272656202631,15.2246193766963,14.0768830646544,12.8404937529611,13.9309667130127,12.6684806399726
"DOCK11",16.9214671544172,16.8852940144426,16.8092767023738,16.7429676523791,16.9282995995795,17.0320669340131
"PRRC2B",15.0737198344152,15.2060544928061,15.1609330262135,14.7143402987581,14.7445345586358,14.5756980669041
"AMER1",12.2464051740629,13.4081426241442,13.3985015526598,14.1574813921911,13.9353791722453,13.1377297276167
"RRP12",18.4392106397845,18.3880637987253,18.4219876247471,18.4898710823766,18.4816295676554,18.3864061392033
"CEP78",17.4391073751316,17.26969112618,17.2888156193203,17.0549566609955,17.299160607615,17.2708592253219
"PCID2",15.3300200605106,15.4816685869121,15.2078724196599,15.0428736899337,14.83277991944,14.9995866540991
"SAMD9",15.3454275980603,15.0453887458788,15.1608310276508,14.7186393618696,14.9453915724865,15.3695252029074
"SAMD4B",17.9394078663114,20.5174292047169,22.4300137407449,23.4993257329921,19.1526725422322,18.2868898307372
"BRMS1L",15.5080553372012,15.8580389767389,14.197374567752,12.8266498161604,14.3491241080624,11.7930165484156
"DNTTIP2",14.5725109373117,14.8572460031643,14.4463807619172,14.099322000792,12.6113624071348,9.00002427155455
"COX20",9.99737991974876,14.6014782899832,13.4107887977336,14.2763367217836,11.1573990465969,12.2033132367041
"EXOSC6",16.6208080346014,16.5574295963435,16.9511877123235,16.5183422654058,16.3467076307589,16.3863740562323
"TTC39A",14.9788314084303,15.3972864687645,15.3372741471656,15.5656862099197,15.4721494097475,15.4587576634856
"HP1BP3",21.101060825598,21.0851972049652,21.0138600205411,21.108017412682,21.1296655028262,21.0905127321584
"ZMYM1",16.8298273291621,16.4498420920003,16.3462862165126,16.781114803452,16.5482681812285,16.3540405638665
"CEP170",16.5906263738123,16.5256043073033,16.479023705286,16.5482252769347,16.590974979337,16.587828341373
"LDLRAP1",15.3369761542528,15.4296929112897,15.3948101630035,15.344648562132,15.7314000984537,15.1497960922012
"NOL9",16.9065645669877,16.8557742867351,16.9793031568552,16.7677300504278,16.7558145876736,16.7857936885283
"CEP85L",14.2587414284463,14.4185738797685,13.6390268655807,12.9245090134342,11.9661846639552,13.9985407172562
"ZNF362",13.9230325273953,13.9051492002429,14.0133362836918,14.1125898611329,14.2722524423057,14.0351385370115
"FKBP15",14.0254006982904,14.6509944375694,13.7809311448569,14.7623701511699,14.3251134390554,14.6016570579646
"ZC3H13",17.2676348223877,16.8267710362221,17.3738524269836,17.2590922271816,17.240563284861,17.2848397305409
"SPOUT1",17.620149361791,17.6525433532452,17.6940408071932,17.7918765031143,17.7860623172466,17.7827712987267
"OTUD3",18.464119732495,18.6517593580679,18.4299658540315,17.3103592937764,18.7427395209616,15.9655411475188
"GPATCH4",19.5232240528324,19.2865306891642,19.184933197894,19.6127328208049,19.1939815206642,19.2846467791439
"IBA57",14.2387194734618,15.1648497062826,14.4436251040844,14.7144762338145,14.547481038215,14.6485575117559
"STXBP5",12.4619213967907,14.5093001259843,13.2958666315225,12.2224030877508,11.9337872278459,13.1377297276167
"CAMSAP1",13.317961999578,13.4132189399944,13.311924384566,13.2901178703753,13.533590783434,13.4333406581655
"UBAP2",15.5545749126726,15.6794317156287,15.3495915490594,15.562521788138,15.8528228074236,15.8759023033453
"PHF19",15.6364614925354,15.4834738270852,15.3914931256205,15.5984497683278,15.7861980170167,15.7011651099119
"KPRP",16.5293186018408,15.9272248337628,16.5312352340141,17.0568029086305,17.2020780882643,16.3435578118384
"EEIG2",16.7547787010716,16.7585920148114,16.888146996274,16.9125992878643,16.7900372522321,17.0187278763442
"RBM26",16.9133589260623,16.8571729694627,16.9143155185715,17.4493177819084,17.5274747151937,17.5295237394263
"ATAD3B",15.2050232910405,15.3987638962064,15.1229012598591,14.8602217082763,14.8455897718324,14.996310576103
"EEIG1",18.4323769844995,18.3925913739747,17.5175548097601,16.6943012533744,18.57706962909,18.3254757846732
"DCAF8",13.584791500247,11.5180974094522,13.0506285507567,14.8650285672276,14.2686519380114,15.0189555873198
"RNASEH2B",14.4023310711948,15.0655956188755,13.7465385174187,15.0768320860926,14.278980787888,14.7818397293712
"RC3H1",15.8353386479473,15.9071163982202,16.091110545017,16.5485379221549,16.7264734986541,16.8373533367495
"H3-7",17.6508425166367,17.5924264503373,17.6068987701079,17.3705022397538,17.5415667459749,17.5470299171439
"THEMIS2",14.7863462126259,14.4427413152303,14.8361620254343,14.3345027041878,14.8275270489529,14.5292497788911
"AHDC1",16.4248771580844,16.2883508832623,16.374655757076,16.3131477830472,16.3448838597234,16.319420219981
"LIN9",14.4562296095573,14.5326937281916,15.7648355747315,15.6129773171663,15.9398519664256,14.4611534955239
"RIF1",15.1270143028513,15.378460143959,15.1645434580959,15.640035375424,15.835253589647,15.4400330834115
"GKAP1",14.5801431873315,14.7391158466901,15.0873619783574,15.7395680918914,14.7973537045664,14.5036962414804
"CEP350",15.5771650848465,15.2314248329878,15.4985547425648,15.4816640780742,15.3883111103311,15.4728811893309
"CDC42BPA",18.1452445769718,17.8773387201094,18.1464826611557,17.1208259181974,17.2109236601922,17.2478425145792
"RNF220",15.1216773830591,15.7671011990331,15.1554892961861,15.3821865251122,14.9371540150021,15.1432330848944
"GFI1B",16.286843074274,16.3827841595388,16.1002245696927,16.4488314407609,16.8461805440762,16.3359061836689
"PRPF38B",18.6133344506529,18.3898716115908,18.6269568934285,18.7392121993556,18.5976869444461,18.3541311128192
"RNF20",15.3850313717075,15.9041367984725,15.3202440268465,15.7351804935603,12.15324073926,11.3803851455866
"ZNF318",14.5452401021893,14.3084681614951,13.9967930812529,14.6853786758566,14.3353320092294,14.3845102514524
"SFMBT2",14.9503591442056,15.2109685266153,14.8866915525068,15.2808593774722,15.2529672434272,15.3035513853771
"CDKAL1",17.0391868126966,16.8378392961619,16.5305035742967,17.1196064385769,16.4420160887797,16.9094755725416
"ZNF691",15.2723560464033,15.0837124167725,16.5355253840213,15.6332200329112,15.4094082735681,16.6825871501889
"FOCAD",15.5822047100024,15.8303845533788,16.4825873879266,15.319301945419,12.3164555600865,12.8386062374999
"TAF3",16.8334735934075,16.6141690484082,16.5857081348464,16.5862425476072,16.6015807490956,16.4109850751073
"RSBN1",18.3888866609423,18.3805221118222,18.5976317739609,18.2324781713821,18.1613175235269,18.4120477528257
"ECPAS",14.2529450014334,15.2529399766166,13.6614658140078,14.4421789992012,14.6630973488595,14.1202281556445
"TUT7",16.5893734758965,16.2618238740419,16.3548591127325,16.628633212712,16.7533963173849,16.700832796818
"SLX4IP",16.2018099606561,16.2383560341096,16.1851075234503,16.1180068539372,16.0471843356351,16.3292944393882
"NAA35",14.8087176733543,15.4149372230293,14.9536483330727,14.9867672450303,14.8842141237162,15.0804737142626
"ZMYM4",15.7576845503715,16.2379247066003,16.7318325019456,16.6561552126558,16.1033636298805,16.5432670428029
"OBI1",13.8242834624753,14.7081893211844,14.2150613015074,14.86536375521,13.6258532194814,14.2994538585592
"MICOS13",15.0332670481681,14.9444327909113,14.8121683789116,15.028197891682,14.3170188150805,14.4223739476981
"RNF213",16.1721243889539,15.9063460069535,16.0117952833922,15.7822539482388,16.0444086350381,15.9173777208212
"WASHC2A",14.1034123994219,14.4149117951227,12.7340028313478,13.7364463277569,13.2935067854692,13.6221845486177
"STEAP3",14.4878531571645,15.4471994845568,14.4049258673209,14.8929618659026,14.8977017369886,14.6310922289274
"FAM91A1",17.1546043386457,17.4241981164826,17.2098498923401,17.0665409081967,17.1880432505348,17.3200193828638
"ICE2",17.46557971639,17.0112043199546,17.3830103989432,17.6201633975212,17.4481911748987,17.6010932055449
"LARP1B",13.1844304743404,12.5708183334382,13.2401072311975,13.0638947133136,11.9437904637449,13.0104609688767
"MAP1S",15.0611749775174,15.2276061669864,15.0876592425898,15.3622227824473,15.2044883091686,15.1789602216023
"E4F1",12.3146868121264,13.6794031727316,13.1455641034099,13.6263778747029,13.0773743661784,13.7901312818883
"PPP2R2D",14.3252412183095,14.4972231399043,14.8225300031384,14.8394166919673,14.1581339180033,14.881471386929
"ARL6IP4",20.4109459798903,20.2499608482591,20.3808210090557,20.3498191928593,20.3500003407354,20.2069432783609
"ARID2",18.8775957765895,18.6177687605716,18.7476533763326,18.241410641496,18.3738170056258,18.3631796344425
"UTP25",14.3755615397765,14.4721374123492,15.3147201366242,14.2272085862668,15.0308222072851,15.0416581678256
"TNS3",15.3576509665849,15.6649474299047,15.5251322188783,15.6988273546504,15.4789247362383,15.6684925763408
"HAUS3",13.8904000252389,15.1930244575563,14.8078489524619,14.3891682232791,14.5056881406661,14.0966855097653
"SPTY2D1",16.5374457757755,16.1843897537239,16.4442002539161,16.9973171091736,16.8799377297967,17.0389631300112
"MBLAC2",15.0061448974049,14.1560392163019,14.5733851782353,15.3712968003954,12.3555228403491,12.2212846713868
"MSL1",17.2041022685908,17.1862525814807,17.3281629938877,17.0103754495907,17.1475737215846,17.0241158262887
"CDCA2",15.9433584421443,15.6762097139285,15.8018701478911,15.3516767033993,15.7430235533789,15.8933747730812
"CWF19L1",16.6674255170043,17.0175278890792,16.5621939916361,16.8267165502821,17.2053684942864,13.2103934308228
"VIRMA",16.9575885198649,16.5589734571006,16.80727894107,16.7079019011414,16.5884177517964,16.7221331110363
"SPECC1L",17.2595813595993,17.2709511801534,17.2537620956801,17.0709146277792,17.1523077209802,16.9612907377645
"BICRAL",17.2182026876528,17.1390130791033,17.0852021982655,16.7509610368537,16.7589596799685,16.9253257555131
"ZNF787",16.2325149151567,15.9174473033575,16.5052286590731,17.1538801315206,17.1292819099659,17.2824182661838
"ATL3",15.9197867489671,16.7275969071077,15.327237897335,15.9754856370012,15.6085010745953,15.6369536525155
"RPL7L1",18.2298923285186,18.1559141487473,18.0968885844994,18.428714782926,18.4574506200458,18.2812723988852
"H2BC20P",20.996236586795,20.7600917011096,20.2432075777074,20.952143663694,20.4291859418967,20.258824209956
"MCTP2",18.7976344244108,18.8648774799777,18.8206810853072,18.6331616272405,18.7438209918794,18.7128878910192
"IQSEC1",15.2896167779458,15.3201422889682,15.3713793040767,15.2891543537234,15.2041951387082,15.4497001605342
"CARMIL2",19.3434900191913,19.4585596895937,19.3044137144501,19.3319176246487,19.3607708846928,19.349404885438
"CIAPIN1",14.6550608539825,15.6441884503903,15.4741013406263,14.8433202611512,14.9087908644792,16.7085307919726
"RALGAPA1",15.4643142802926,15.0266890732141,15.0035916963783,15.1616524475377,15.0824034286793,14.3280766485795
"THOC7",17.6959743810627,17.650170204878,17.8342273375868,17.4116736726288,17.5636287238889,17.4254795809036
"SIGIRR",14.1402743712861,14.3801549469496,14.086212538524,14.2759988184405,12.1297941819202,12.5917518572332
"TWF2",16.1902467756591,15.9797561769149,15.8870887369072,16.1497338243609,15.6720653415525,15.4855101626421
"NCAPH2",17.1069196852861,16.6799538183885,15.8351445635812,16.8033462465322,16.3833448562778,15.7667457727601
"SNRNP48",16.0629751470447,15.9278516502192,15.9972438855286,15.9216694209291,16.1290960260755,15.9286084714887
"MRM1",15.4573917813321,15.2251878513516,15.7099754450379,16.2429420340427,16.3490335813186,16.2289714052082
"PPP4R3A",14.1724068807093,15.382843791187,14.7444675999577,15.2302743398565,14.9091663043268,14.6346852058352
"TYW3",13.9671202327084,13.4755453567227,14.3366924635793,14.9845139202548,14.8713014061798,14.1417564749242
"SDE2",16.1533112721765,17.0732118763476,15.9024828509138,16.0159165543844,16.8255713730833,15.9500960610114
"RCSD1",13.8377838225326,14.9758601008491,13.3860009487814,13.9906619781794,14.1650891371033,13.9041156247116
"PYHIN1",14.3773405569109,15.086905806084,14.7107865276415,15.5784956430852,11.7742264983586,11.8768528005118
"NIPBL",15.5441355383022,15.3985339515804,15.4603425253602,15.3001172880385,15.4712430396429,15.6914815489826
"PRR5L",13.9976915503187,13.6707642259335,13.4958928671628,14.4863099047405,14.4148049269691,14.2873924985988
"HMBOX1",15.1581014447145,15.1161959068102,15.1270347031692,14.8777202891739,14.4498569193743,14.6354606270688
"REEP3",14.1180477517764,14.5328454063395,15.1184223082188,15.4632180107115,15.065944299658,15.2371666314422
"RMP64",17.5769560744052,17.4671542393103,17.5247773702583,17.1920878015711,17.2364925249541,17.1468120741989
"TAPT1",14.1055798718191,14.5071407088979,13.6866102790101,16.6943012533744,14.3264657225824,13.9773516628759
"PPP1R18",15.6771361536732,16.1901441273725,17.4923748361692,16.5824326029698,17.0541661269136,17.0849329244733
"ZCCHC8",17.357790635726,17.3391623568563,17.3464772013267,17.2527446972006,17.1730145779408,17.1719711247769
"RPUSD3",14.2813263152932,14.6959352172185,14.0563637442533,13.1885763572027,15.1393265133036,11.2019863390475
"MIS18BP1",16.8357819951366,17.1564943469617,17.9696740872813,18.4761365681348,17.8340180380046,18.352399536831
"DHX57",15.6952974389168,15.5149688822807,15.999135193698,16.1856317770738,16.1064351450456,16.1015770779506
"MRPL54",17.9975802535385,18.7736522383202,18.3788588065101,19.1614067425736,19.5451618890651,19.4894187656849
"ERAP2",16.3230992807619,16.3120180502073,16.3505406524243,16.5587743478565,16.2736092414969,16.2145973410269
"CDC73",15.6991380015542,15.7258706709157,15.3626609689704,15.4920109763862,15.192126185902,15.6377436457535
"MRPL14",16.346947992972,16.226795433018,16.2414812165715,16.4102640129164,16.3437131633949,16.3653701107823
"SLC27A4",13.913265020323,14.5482084159507,13.816061508106,15.5383071709583,15.2484700904561,13.6031503259515
"ARMCX5",13.23288975686,13.817746470982,13.3017948202384,13.7280181691743,13.612270129227,13.7354246345682
"CC2D1A",16.8608855884835,16.9093935325572,16.9137660841222,16.8970549660321,16.6518087840235,17.1388706319381
"DUS1L",15.2106445973717,15.0283730004055,15.1695672576372,15.4296865700111,15.4743546008631,15.5114961758699
"TAF2",17.6172920394191,17.6403386467752,17.5863195987598,17.5474677684174,17.7690045390709,17.7768560526679
"MED27",17.6098870820759,17.3514152317132,17.5873044792458,17.3653465966359,17.3273011504523,17.4625013140381
"ZFP1",15.1102951713558,14.7151482077231,14.9331487127646,15.6773730735645,15.3449208132474,14.9518172935433
"EDC4",16.4686800391688,16.5033551801044,16.538793970619,16.2988802260281,16.137852500004,16.2712696926478
"CEP85",13.3108006321791,13.8482794379756,13.3384645329754,16.9910835591171,16.6234540980193,14.0123969612618
"PRPF8",20.0089018193414,19.7722813854706,19.9611690212196,19.7527520535107,19.8549448351376,19.8308471728396
"SFXN4",14.7715990808601,14.825392567419,14.7526158493968,14.4682008191482,14.7845701313821,14.6475808569597
"PLBD1",14.847122058363,14.6299435063439,14.8566201509328,14.698646614922,14.788991768439,15.0915243123102
"NFRKB",18.8651749254669,18.8785887927188,18.8391909912092,18.715284026456,18.7478059777358,18.8050139654377
"RPL22L1",14.9872284772743,15.0573431424134,14.0926569778112,14.9655936108959,15.4561618717834,15.0845876824209
"ALKBH5",16.2110323528315,16.4984924144417,16.1450163232191,16.398181031353,16.2583280799959,16.3313426301445
"RSBN1L",19.9265402478676,19.806227942563,19.8924968660608,19.7906222282246,19.6795213344833,19.8012523932163
"CTR9",16.0058520355295,15.8552510128281,16.0204060749308,15.7141274351147,15.991500056681,15.880384492413
"SKIC3",14.2912263249088,14.1947680869658,14.3131172182561,13.9206794347797,14.1127514379401,14.198260548865
"KCTD18",15.1541681962518,15.2460404914934,15.2144577063762,15.8702298459542,15.6015458139548,15.9427651041866
"DARS2",14.7618697474213,15.7182735850594,15.1011102374494,14.7052363477741,14.8717862431296,14.7910188764661
"INO80C",18.1469239660432,18.3961227543658,18.2402364287353,18.0483674533396,18.3294250550011,18.1847031682379
"TTC33",14.9005957112806,14.1492364979841,15.0289148566019,15.537797765081,15.3706840016506,15.4540335196757
"TRIM65",13.2190131379541,13.9734668825638,12.5070441147783,13.2961714441252,13.5341396823321,12.4682577229212
"MIDEAS",19.2104126094501,19.1143475530481,19.2332599223667,19.1340514888978,19.1971000416153,19.2585375109382
"DCLRE1A",12.7457970990998,14.6970880508907,13.2126412249916,14.5899732827935,14.2195539541811,14.5912027186854
"ZC3H14",18.8811430045648,18.7807893238244,18.9079519150329,18.3995385832285,18.2612287885523,18.4553439180672
"CCDC137",17.7763949905261,17.6216133545649,17.9100134634568,18.0327974729623,17.9923406473642,17.821681568814
"LARP1",19.4673922120826,19.4858618482009,19.548774129831,19.227907795675,19.0351286489276,19.197849711009
"ATAD2",16.7786476299272,17.0797026883225,16.1486994041546,16.2847971759302,16.928461989966,16.463196581419
"RICTOR",15.542656653847,15.4243445803129,15.6266617456743,15.5866033255943,15.5582383318855,15.6853647676584
"WDR74",17.9093982792835,17.8677675720807,18.0568916883628,17.9659542985089,18.0005961200376,18.1129294141263
"AGTRAP",15.2716525077935,16.0361425899828,14.0388501613602,14.9052723060381,15.4908321411332,14.353475337623
"NHS",17.9976507590334,18.2595216867857,18.3600163868799,17.9342699953073,17.7666368918756,18.0905742521829
"MTHFD1L",16.1589536954119,16.5198673370299,15.9562366095078,16.2015493257805,16.1953495209218,16.1331219384103
"ANKRD12",16.2886495383371,16.0146374122952,16.1408828805241,15.9998259485621,16.2360801718576,16.215071846054
"ANKRD11",18.5562516851009,18.1229503033141,18.3896029828054,18.3257650968327,18.2895656829583,18.3150690524742
"FIP1L1",19.4468249619093,19.3334943158624,19.3887126217531,19.6260824159,19.3924639642097,19.4448308911702
"LCLAT1",14.4034545402309,11.8182075615111,12.1838626589165,14.7323054546969,16.0224418099419,14.3616645951355
"SBSN",13.5315649538072,13.3810127931361,14.4097586571653,14.2162794831746,14.5005206226127,14.6305042172525
"PRSS57",17.3467232106844,17.3743698024581,17.4294714730245,17.4508975814219,17.7653452859283,17.679830696674
"ABRAXAS1",14.1738081283152,14.7999715840934,14.5164833641406,14.6959031461032,14.8057205490649,14.7511787365135
"CWC27",16.1497570411739,16.1494817887596,15.9273159368598,16.094654837969,15.6788849475307,15.8259277009403
"WDR82",16.9039161996911,16.831362793816,17.0080978935995,17.2200325019974,17.3094244829628,17.2865958426523
"ZNF562",14.2851462131502,14.4100075962377,14.3838031639099,14.6586936582481,14.4771795801145,14.3539591467653
"RANBP10",14.6584889360537,15.1783873560366,14.8484841604179,14.4751828805314,14.9335145483755,14.8234683027877
"PACS1",14.864349299671,14.869771374024,15.0142951352566,15.2618497249933,15.1135779736486,15.2828893319053
"BCOR",15.4921971981695,15.7259995082495,15.7184972363524,15.4771895747006,15.0498214083944,17.3202715318693
"MPRIP",17.6294398697885,17.602695675777,17.6528118595225,17.5029728601335,17.4408263531839,17.318877195595
"RAB11FIP1",18.6027345260503,18.5191289661912,18.5350401387282,18.463450415055,18.3572353150696,18.4020795294462
"DNAJC14",15.7321930023163,16.4155323684706,16.5451222491041,16.5751038495668,14.6143805095042,15.956123531901
"GIGYF2",16.5455907683012,16.820454353834,16.3410800757832,16.4554272434364,16.4309191632159,16.4261702909945
"CD109",16.9813142462688,17.0925303602043,16.9047030577498,16.7013405793433,16.6852493627715,16.6110348864517
"PPP1R21",14.5013412976381,14.6693798288626,14.2047257213528,14.3516906426245,14.557237335327,14.255245046378
"SYNE3",15.1738820500231,15.5031545970679,15.2159260396494,15.7496744943569,15.3370304249146,15.2499904205732
"ZNF574",16.9511588493624,16.7050935168078,17.1208860452315,17.432781573899,17.2051040329979,17.4541971033866
"NFXL1",17.0659110715599,16.735980493516,16.89221265139,17.2973098337455,17.0914735069868,17.251061926978
"Unannotated_2301",17.9368731168482,18.0169181654091,17.8572168387352,17.0674308943515,17.3573568097296,17.228317699049
"UBR3",12.823409716121,12.4672636396567,11.9257235952633,16.6943012533744,13.0119049322416,12.8272708455919
"BARGIN",12.606430290758,14.7368405504809,14.1034362909926,12.1925303325186,13.6061369380928,11.530668725837
"CRACD",15.8385540796025,15.7404716038159,15.6367361373758,15.3764949375606,15.6507866288135,15.7295063026253
"UBN2",16.5327681997726,16.480683402122,16.3622741593841,16.1154773528893,16.1495724869568,16.1227291296104
"NKAPD1",19.5760871848916,19.2915306895017,19.1745330434099,19.5629081350165,19.3569653523689,19.3826948594064
"NCCRP1",15.5865209680208,14.2102828443197,15.5814000040155,15.7292670359976,15.5203082749962,15.6116539942846
"GTF2H5",16.4518003066645,16.5672831449192,16.7013564192834,16.3337228804522,14.6961195937675,16.3443222646037
"VPS13C",15.5502215187224,15.6813516670202,15.4042681076771,14.7034187555402,15.4174334146482,15.6459812747208
"USP34",19.4561362976898,19.8499516588446,19.4479049072155,20.0233902447005,19.929591010918,20.1652507608755
"USP51",14.7367319121827,15.4622657303221,14.8137552425104,14.839421711513,15.1283858841155,15.0278953732375
"UNC13D",15.3756417638505,16.5932878193271,15.5715581343415,16.3527777287892,16.0645914236931,16.184100491909
"CENPU",14.5573295496126,14.1653492968463,15.6392940125163,15.7035029493951,15.6261466071932,16.0112523748039
"MED13L",15.8396443747685,15.64498764168,15.8889722899416,15.7226045045091,15.6073901358013,15.7260905924961
"LARP4",15.8834270342876,15.8068252361987,15.9216591943901,15.9539220977366,15.7214358121059,15.9189066208691
"MED25",15.8244310791395,16.0284752668479,15.7855797711835,14.9680900318499,15.5394863616816,15.3746397967321
"TUBA1A",21.1465824724007,21.9210563978037,21.0764212519135,21.3050273596944,21.4211482397894,21.1434993704409
"RPS27L",17.1100779842841,17.3062870039043,17.6473003138399,17.3056337532151,17.3633111541155,17.0605461708525
"CBLL1",16.0849476606012,15.9270785011188,16.0165915538248,15.9110177824256,15.8884268399698,16.0768289552764
"SSH2",16.5563616043054,16.3368346296291,16.3700562940147,16.186286826318,16.0861762486417,16.2765938955687
"ASXL2",14.7722926116302,14.603705790698,15.0786453564939,11.5051710087039,16.6943537379436,11.1724876884339
"SUPT6H",13.3664463954345,14.2648472751386,13.5986967988373,14.0674773855029,13.4628028453537,12.4793007003924
"SND1",20.233313528416,20.1911428531698,20.8263864102224,21.1461817562087,21.1844346974404,21.3791961634467
"MARK2",17.4649622326699,17.5635149255447,17.4880537441967,17.7908167009657,17.6761709328897,17.8133013401834
"DDX46",18.9687238222565,18.9654985914873,19.0656789267085,18.848435739532,18.9697873329581,18.9951828916714
"RUFY3",13.6795345294272,14.0164635872223,13.7750424113165,13.4514027714421,13.9986705478648,13.8226340619879
"TRMT10C",18.8296261228083,18.8718453927695,18.9304547251339,19.1283718368131,19.1979775766579,19.0734431261414
"BZW1",15.1128914999648,16.4741418782761,15.027063854614,15.1166582980386,15.2182329843876,14.9468839834034
"LRRC8D",15.568336093058,15.5478342621693,15.6763550474462,15.7808712355315,16.1206113029613,15.9594016801166
"DHX30",19.4837728805024,19.3605579076406,19.5944771487874,19.9545439441891,19.9245820199507,19.9381939140987
"EIF3M",18.7794684914527,18.7875754194574,18.8341237103056,18.3469632933732,18.2412070903447,18.2040237256159
"MEPCE",15.9048039421356,15.7836439303871,15.6738429197162,15.867250984168,16.1865781647685,16.1087570056372
"PARS2",15.095565563642,15.1089303210121,14.8265845840067,14.6890698986727,15.4058939007266,15.0306115341776
"RSRC2",19.0284044171345,19.3164761321709,19.1010380945518,19.0228877592986,19.1695199888971,19.1758165617296
"CYFIP1",16.2996228409116,16.096934794676,16.2282172543642,16.8453321250194,16.6609337739678,16.7227975272399
"MCM10",14.2812327731616,14.2203125705027,14.0297337720599,14.3700630391511,14.4930302533498,14.4805853672716
"MAEA",16.4103671101235,16.4724310501596,16.3311116581985,16.3747937897041,16.3412244862135,16.1777918824788
"EPM2AIP1",15.2324234006224,15.7623741223461,15.1243097160161,14.9158691578429,15.6540298932249,15.3359612270979
"TAOK1",17.7512987424191,17.3838169986216,17.8216019791545,18.1789653163506,18.1656046208276,18.2869444811237
"RAB11FIP2",17.4058067674257,17.6194935404511,17.505766825587,17.4790190302332,17.340365978818,17.5776428736855
"VASH1",12.7492472252615,12.5370698516116,12.0216103380345,14.0271775557204,13.4621723628112,14.0782775884996
"KDM3B",14.2856330402729,14.5358305591189,13.8431566246707,14.6371138939266,14.5469849871255,14.3888202338739
"RASGRP2",15.3505321233953,15.6967749548766,15.5455331543771,15.1870285209107,15.5601591748712,15.3623989977163
"HS2ST1",17.2392144791651,16.8363486865472,17.0533797204662,17.2239280712005,17.1835105513192,17.0278113122824
"MICAL3",16.5083489519378,16.4155795417892,16.4330186638918,16.5110252557784,16.6248906749306,16.5276778245673
"PHF5A",15.2580899395856,16.1102725343575,14.6252495386696,16.3555235074523,16.1939817131064,15.5862913153799
"APTX",15.7162809754321,15.6418016202908,15.9619146155003,15.9475372470195,16.0097092332622,15.991728563229
"TRMT1L",16.1387605631277,16.3608626835783,16.1799555337871,16.6376090859292,16.5330415386955,16.7499331774841
"ZC3HAV1",18.4249316807754,18.4827028036393,18.4041267945736,18.8227163951009,18.8383086551353,18.8427965124265
"MRPL21",15.3118630251318,15.4062151385352,14.8308528658458,15.340134673298,15.4279331508261,15.2108699289601
"TICRR",12.5325531917864,12.3904375381317,14.9052103242324,14.2784575167301,13.7451398312676,14.2522205821747
"SETX",15.5245325328844,15.0385985214651,15.6914332115112,15.485371634425,15.2700082556278,15.4370701870892
"NEGR1",14.7281117308257,14.9956030985758,14.8093824877881,14.1877457910815,12.0673989916227,11.3557395480083
"KANSL1",14.0510246829866,14.6779172500239,15.6027093894631,15.6129773171663,16.0020528646434,16.3686120918097
"NUP54",13.4437215070344,14.0878233042245,13.5939182638131,13.7400398075705,13.6604709539582,13.7156127463108
"POGZ",15.6755861427598,15.6111357740153,15.818108041251,15.3811140804113,15.5134948476245,15.43543879919
"NUFIP2",18.4022947931207,18.4057437071492,18.5036040258288,18.5280226632247,18.5345160515285,18.5960094298382
"MAVS",13.9511530083853,14.3508476293678,13.6679443338342,13.1661611677934,12.3372802291657,13.4800515015683
"CLASP1",15.4261487630198,15.7045982383363,14.893268013601,15.4032420879186,15.4231166653815,15.499328944996
"DHX29",16.6452617099011,16.5921235974272,16.669647531276,16.1866204097632,16.0863527125818,16.087965517308
"TRMT11",14.2931030966441,14.873507075244,14.4882236382294,14.3162567794131,14.4813357778885,14.52754175972
"HAUS6",16.0336309848311,16.3386625748586,15.8762331758441,15.8260354886136,15.7772697009682,15.8600290994197
"HEATR3",13.0327364223379,14.1184865100165,13.6363145482544,13.7025862768291,13.9544080816027,13.3510311421393
"KIF21A",16.5905813485919,16.5113585762192,16.5453030527919,16.8191667060227,16.7943662373151,17.0742679690477
"HDGFL2",15.2872955608124,15.7065715611558,14.9634346566799,15.5048318333204,15.658032529706,15.2176033400754
"DCXR",14.2650787705609,15.6269538286387,14.9883059029783,15.3828348094543,14.7229999665972,15.2663094546702
"BRAP",16.1304151124055,16.3449928109689,14.168355592971,16.5303652607966,16.6706663446293,16.0196268647753
"EMSY",17.7876383539112,17.7959170039555,17.7562981727245,17.3828561831852,17.373144854345,17.5367470022957
"GOLGA7",15.0446336093984,15.4614160082371,15.0658092373938,15.3095117386579,15.2913811729444,15.2216726805724
"WAPL",15.6869389921291,14.3906087794465,14.9284817800087,15.7512584625611,15.9069300437617,15.4129608985837
"IRF2BP2",16.2090494930956,16.8181574845331,16.023544941172,15.8454853955011,15.9758186428189,15.9839183511907
"KCTD20",14.182368280367,10.9190699476427,11.0009043006312,15.4212923442926,14.1712291929318,15.0568367915997
"NET1",13.279539489139,13.3254654020839,13.2889348340714,14.20400775536,13.6424117574943,13.699757874964
"RBBP6",18.8798560264289,18.6388088570948,18.7914286116434,18.6601122206315,18.6298291585131,18.673397764236
"ARHGAP30",14.2248164280684,14.7546878445687,14.2956819196105,14.4581989609472,14.4275504580223,14.3357112125777
"TSEN54",16.0488399692166,16.2111860110426,15.920168645072,16.2094868737817,16.3915653199312,16.4560153611886
"HUWE1",18.2271022152233,18.57153775913,17.860968009645,18.0964229009148,18.1538496597718,17.9803584538509
"YTHDF3",14.9027076723852,15.5255214208211,14.5167322177243,15.1753327870433,15.365462352258,15.1560437209025
"CNTRL",15.145856728755,14.4014691453902,15.1737425557317,15.7118285364689,15.3011626332247,14.970160278327
"PXK",15.6241901610445,15.4674239600487,15.357253015777,15.4984380309546,15.6165292018577,15.7310186858181
"TAF8",17.371558862612,17.4914795377313,17.5663422539726,17.6292247626341,17.4260235044667,17.5819403678796
"MRPL55",15.3895306482155,15.4453288488369,16.053792913005,15.8893460292837,16.0630156076466,15.8993762783223
"CMC1",15.6756608686643,15.3135830794159,14.9042542366243,15.3818465449007,15.1589281220041,15.3081776022093
"CENPV",13.9280258577059,14.2091906042708,14.6597496636512,14.5496772663661,14.9285147666652,15.1039760802475
"TEDC1",14.4124964715221,14.8555781633798,14.4873619237354,15.1953669395568,14.6528305249353,15.1926357220559
"TRAPPC6B",13.3483047706478,13.802578057998,14.0153190437613,13.7489513232376,13.4993694350981,16.6321769041988
"PATL1",15.6372459523118,15.8094581570983,15.3354255981197,15.830279244454,15.8349224388159,15.8645426626014
"DPP9",14.3355904282177,15.144436389109,14.3753542396606,12.9790116938841,10.924371951889,14.0470835999514
"TADA2B",15.8205688333756,15.7928695071849,15.8263846753019,15.6174846264675,15.9923079484965,15.4974121520442
"TRPT1",15.8728753047791,15.961264642783,15.8881543706674,16.1851239044193,16.4075632049479,16.3111263663465
"SETD3",15.1609100673204,15.8484747221099,15.8931705263905,15.1941193027122,14.7538050749218,15.6505812301758
"NOP9",15.858551625168,16.1474516743457,15.8195264901176,15.8281802782118,16.2725599883961,16.0278349569455
"PABPN1",20.1387207723358,20.2009780843755,20.5204613836033,20.0491747871133,20.0358736908096,20.205857906202
"METTL3",14.1179629163634,14.74203758921,14.0505820448395,14.4323747332917,13.7592112931508,14.1664994682328
"LDB1",14.3429823188711,14.51199145685,13.960528633254,14.3909269916275,14.3122416385973,14.0244826195813
"PBRM1",19.5318531684314,19.3637231771712,19.5230757716128,19.0855776449443,19.1432559979326,19.1859589518431
"MTDH",24.1211580090435,23.8720133055271,23.9217502465311,24.2837109647992,24.0826754888973,24.2051484613473
"TLK2",15.3729818119581,15.29003937235,15.1941585566414,14.9130674640234,15.2883618068003,15.1017065353072
"ZNF598",15.1227392388372,14.9953347456351,15.0520203136586,14.9630293093321,15.3418476660288,15.1579047743322
"KTN1",16.5347094343655,16.7716025109165,16.4327589048873,16.8004391282914,16.793123177699,16.8232458160659
"LHFPL3",18.0782881183087,17.3125282987856,17.2723401891155,17.3378991224048,15.7275717274466,16.7273129789757
"SMG6",17.0851661942377,16.9557534772014,16.9910090215845,17.1161759010344,17.1487752590428,17.1426483653545
"CENATAC",15.8306104724084,16.1498411741865,15.9173137998354,16.0567469290898,16.3638678193193,16.448240386563
"N4BP2",14.6584089916806,14.7098984918817,14.7269046387665,14.9699575500588,14.6450315636655,14.711705685792
"FERMT3",18.8947087188335,19.8670608443498,18.6187825873887,18.8754457987939,19.1271237999907,18.9838305863479
"NAA40",18.020594621314,17.7028876045463,17.9540626876598,18.0756875288289,17.9963204966002,17.9816826634604
"AACS",14.1897559273305,14.8126267236766,13.3331302611422,14.5419265918842,14.8815849015491,14.4611693880145
"LUZP1",17.7488493047002,17.7309921333971,17.7176297049917,17.771117954004,17.7622345406236,17.7187212943996
"ALYREF",19.4842429043306,19.4675563975757,19.7701557349837,20.4348960328524,20.4424736908577,20.5248942271993
"MYPOP",12.5629188628725,12.5102694236073,12.7419444209124,12.9147037232767,13.1069050901219,13.2041252764774
"ZC3H18",18.112227713509,17.9289894966643,17.9618726643632,18.1420344419526,18.0776202616055,18.022936022392
"TAX1BP1",15.1988558057311,15.1631395091687,14.8232654735101,15.4435611340315,15.6285794212724,15.4370676830307
"CAND1",16.8232669664696,17.9085878865035,16.3644538351314,16.9990333814079,17.0210866791145,16.7956197675086
"HOOK3",14.0901690013189,15.1562258293371,12.926538996604,14.5038602027936,13.9678036356622,13.9204145482918
"NLRP13",13.4816798747104,13.2439559752789,14.6789401974301,13.7040170903959,14.0868970227983,14.018406325484
"THOC6",18.1168298548036,18.1631704046139,18.2725662756938,17.8119509890513,18.0901907978994,17.955321272878
"METTL16",12.6306966067399,12.3495552240505,14.2037867712888,14.800233389081,14.4050987056392,13.9634988695084
"LONP2",14.4568044811544,14.6391951881066,14.6462982500398,14.2143315682422,14.0962892001322,14.7719987693793
"SBF2",14.6568765286322,14.5108985181999,14.2760259437952,13.5560151339239,13.9883837093356,14.0905350740123
"CHD1L",17.2260449429803,16.9800361703732,17.1841128928016,17.2120678029639,17.1551726093827,17.152216303156
"RPS19BP1",17.397497827805,17.3778000640614,17.449457880951,17.2775818161816,17.2835405716685,17.3063207401825
"RALGAPB",15.0299637199221,14.8870380770998,14.8560644205999,14.0865395624994,13.8141196839033,14.0407139555306
"CHSY1",14.7720871432621,15.3786772251041,16.079447074259,15.5431537419316,15.9241186798912,15.5954584084373
"CARM1",16.6150530385446,16.7158226030557,16.4468723225735,16.4143351713458,16.3178459013254,16.0996621738565
"CIRSR",17.1810342020537,17.0475215401895,17.1526114480357,17.1870064570057,17.1339387948101,17.0521676711516
"GAS2L3",14.7681450306555,14.8251778322069,13.9952959195408,14.879064257002,14.9194386449354,15.0017389207106
"FBXO11",17.2160295421855,16.9688090804357,17.1339977759913,17.304842012654,17.2365735240506,17.2856451402202
"DDX42",16.433029686593,16.6059545893159,16.347123383993,16.6783532412963,16.6895530645765,16.5692419468555
"CEP57",14.3165066877546,13.4342997008736,14.4126854800531,14.9284767371013,14.2301879996281,14.6392387779684
"SPATS2",16.8617790008886,16.8089027293979,16.9016740659353,17.3414032848759,17.2157057996008,17.2626636094543
"VRK2",15.8402684852203,15.6298206226061,15.4574372492791,15.8979945948358,15.7320637891955,15.4752554717339
"COL23A1",12.2362284305198,14.980508596115,12.4429462916653,15.2087770199713,15.5482102224941,15.4964919974652
"NDUFA11",14.8282785381971,15.0282583359511,15.082709282834,14.7739199056639,14.7565888974598,14.7658334480074
"PTRH1",16.5368837190922,16.1890550655996,16.643894708091,16.7015005412095,16.3139881939597,16.3844694414146
"KIF18B",15.218546095382,14.318801358834,15.9728160380643,15.4687459592423,15.1648311297851,14.9309261023734
"NRROS",12.9865442617608,13.6453827225326,13.9831716730998,13.1633153694312,13.4187439051349,12.3791799227294
"GATAD2A",18.3916369317086,18.5368702907686,18.3513884003638,18.444261089222,18.4754396729354,18.577752908228
"CPNE8",14.6807623405224,15.0309760550725,14.9593973328347,15.0928523018172,15.2061386883015,15.1697241043812
"GPSM1",15.6605526224827,15.4151206209149,14.633956919268,12.9557711991389,15.1517150364009,12.1925886441507
"C2CD5",18.0178159118328,18.2480204781142,18.1124904139909,17.6460212837891,17.7451534113893,17.7622725035169
"MIB1",18.0046881886612,17.8881717954956,18.002041708493,18.2221222555214,18.0500420583601,17.9772254121594
"RASAL3",18.7648850641182,18.8716304118562,18.6334217733138,19.0604793064324,19.1164354975775,19.175111165232
"HRNR",19.0036008093522,18.5624496416994,18.9546830878399,19.7213800196375,19.4145787142121,18.6873339888171
"H2AC21",15.341245581786,14.7865393418852,14.312612566402,15.566401049764,15.8345627709882,13.6291290178952
"RIOX2",17.8330322547875,17.8429849680204,18.0381842551488,17.8105986197541,17.9016370661771,18.0119746429174
"RBM45",14.5918617677342,14.387081114008,14.6698089702124,15.3018178218208,15.063520511091,14.9767612723
"ARMC8",14.7400991170366,15.2580442138955,14.9991571103758,14.4831021871091,15.0338573449783,15.0690125793646
"TBC1D10C",18.1685509320645,17.7946395566027,17.6265989104552,18.4962517228455,18.6931657375112,18.7258375280468
"ERI1",16.739109595282,16.6711471133976,16.6720987759202,16.8287449928162,16.9877580771664,17.0227620293379
"VRK3",16.4396060945305,16.8005967373415,16.4739382855574,16.3521391446633,16.3688411440303,16.0803999281848
"FMNL3",14.6547967230076,15.4207089738919,14.606232904921,14.6547213280355,15.1269503584837,15.5584342564091
"MAP4K3",12.3936444658754,12.6662111764339,14.2617791478642,14.6244050347939,14.3845801991959,14.602815064553
"CCDC50",14.6305668968325,15.0138736557184,14.294688947931,14.7942901022954,14.7034131857028,14.7992271753534
"MCAT",13.4353117561577,14.6488689514815,13.9457065446362,13.5896564812117,13.4223305151441,13.1842912988453
"KSR1",14.5945575299781,12.9752249818098,14.2051903481942,10.8519889792252,11.3953301493452,14.2355747220513
"CEP97",13.8578765397589,13.5788799986623,14.3508032320642,14.3991463880967,14.8438477569085,13.9858087681525
"WDR75",14.9990812486175,14.9424678625771,14.9392468750362,14.6479248771528,14.4045895080927,14.4416630800928
"MAP7D3",18.7285523857434,18.6140987200067,18.6383061566752,18.7628181502878,18.6690147894102,18.8024544550305
"MGA",15.7244036163917,15.8689312832084,15.8178504343166,15.6878248152995,15.7878428878662,16.0449417715959
"ZC3H7A",15.8199567658803,15.6638827185514,15.8984613337623,15.4607784572002,15.6166440631039,15.6038353803863
"PHF6",18.6860668546744,18.1611889754084,18.3390303574377,18.8570134915959,18.6774316436346,18.5158299422737
"CHERP",20.6742146859206,20.4791116795313,20.6563740588361,20.4065138466099,20.522611317641,20.5209452088015
"ANKHD1",17.916426026436,17.9936589948623,17.7870855591147,18.0335128015187,17.844447714464,18.0727418349209
"SUGP1",18.5208558979628,18.6955461641266,18.4803914393225,18.1825187952282,18.7036197419831,18.6905011580965
"SUGP2",16.9854074135297,16.7436349031542,16.7204301151656,16.6360073274406,16.8632371048195,16.9202474689465
"CCAR1",17.4292453087432,17.426499494642,17.1973708698319,17.5906670853424,17.5209924413947,17.5711754974545
"DHX40",14.9005934943787,13.7825291749184,14.3819116213468,14.1510561902559,14.7773751237795,14.6960579505968
"DNAJC10",14.8196648408904,14.4909100896849,14.536854040054,15.0705507532416,14.9881821054353,14.5547333297758
"PHC2",14.5909233588761,14.4217102923101,14.6016802689873,14.9157634433261,14.9858746604842,15.2113938799913
"BACC1",17.878697685563,17.9381830859781,18.27093147604,17.6796815211893,17.4778588013839,17.5506778800215
"MRPL41",14.3833082626877,14.2010543421197,14.9057859851509,14.98147305236,15.0504625849272,14.7754956239201
"GPALPP1",16.4969721147121,15.8325793840653,15.8437565262043,15.6399838421959,15.2709035249287,15.9353729562295
"KLHL7",15.0780653078366,15.2806961110499,15.334357584399,15.31999310746,15.4023391661777,15.2130975348558
"PARP9",14.6536939866281,15.0014540696063,14.6065732782684,14.8479830133473,14.8545412177927,14.686020333162
"RBM12B",15.4951145689946,14.8594407324897,15.5829028896491,15.5323343114901,15.3387203680131,15.1315064103128
"RPAP2",15.7038499470928,15.6438120629195,15.3434727126884,15.6744995199778,15.2427520941889,15.6891125535312
"PNPLA6",17.7638689606124,17.8398568323632,17.9869626603279,17.82184179352,17.9787774806715,17.9561457260376
"SMC5",16.7493940273506,16.7255553169558,16.850715002969,16.5785065519647,16.7734033760618,16.7873887679062
"DDX60",17.2285108639307,17.3915671658565,17.455286438418,17.0647512890524,17.2332552873396,17.1960039210573
"DHX37",18.2622559170097,18.3180206455998,18.3089083371843,18.2699329644635,18.2978934472198,18.3136903110618
"AMOTL1",13.7125770812071,14.3985806448272,14.4129809377936,11.6197419783678,14.7226099473836,12.506920122564
"RAVER1",14.7271311585101,15.4504897450105,14.3761969659086,14.9940054065852,14.9939937348657,15.020158295656
"FTSJ3",20.4920922929012,20.3970029339472,20.4981177072397,20.3127416171291,20.2824054603869,20.2536003037006
"SLX4",16.408251214459,16.200126470036,16.3052619885708,16.1578093495473,16.3123646772199,16.2184786653257
"TMEM192",12.5498514567657,14.9741101271578,11.5249663163551,14.6478584512828,14.3601183757457,14.0294451209548
"CKAP2L",15.4339795075149,15.6571628378194,15.2770343468406,15.8352923316473,15.6340601032599,15.3831091322652
"SRRM1",21.4292571613838,21.3775285530658,21.4389585640178,21.5084459558776,21.408432474559,21.2969848014448
"SMAP1",14.9670141537423,16.352153113913,15.9019192537277,15.9167523297475,16.070106370667,15.0647983296657
"SUPV3L1",13.7703942496673,14.2410528714495,13.123336891735,12.2775079106738,13.4461215396653,11.5406317231498
"GSPT2",14.9621409859298,16.5528880485321,16.854279393024,16.9247257185103,15.9647450347564,16.1720598339727
"SYTL1",17.1594514682973,17.1910040634051,17.1102224869761,16.9905013329552,17.2390059546769,17.1908417795925
"C1orf174",15.6036421939148,15.9220538861989,15.86634375983,15.9187598845187,15.9900813550744,15.8586074957276
"PM20D2",15.3668748682409,16.5616289456524,16.0431247135005,15.8924571991505,16.3851520988055,16.3369295502633
"MICU2",16.8856543147727,16.5541857652269,16.663282347,17.1827014133255,17.0508120092042,17.1001553604138
"TRMT2A",15.3752628661044,15.5110118472097,15.5689393069018,15.6923695742369,15.8011527941629,15.6842185780539
"ALDH16A1",14.1536889799062,14.6600526227558,13.4431122711872,12.2718997746601,12.702071886511,13.9107629188227
"XRN1",18.0210897705578,17.7599078131841,17.9888872409227,18.2232504833693,18.2854303059134,18.3025465570784
"PELP1",18.1177762478974,18.1203644559647,18.2051882935262,17.731594880298,17.2236142032144,17.6799110842518
"ABI1",16.6250379023629,16.7604338226895,16.649300587317,17.1005593766047,16.8505380659268,17.0607747635983
"SELENOH",17.3781748577965,17.2819567332241,17.675233602598,17.6811076423934,17.918661729807,17.7102874414313
"ASPM",16.2931138045965,15.7594408336892,16.1768969647453,16.0218544551996,16.0301001317198,16.0983853913833
"RBIS",15.594605405211,15.9930930034717,16.1422135798013,16.1768885911295,16.6226507202356,16.348223980311
"RBFA",15.9217809319833,15.8880697769749,15.3666664526719,15.7316644673925,15.7056670774969,15.8749271399427
"SPART",16.1263001502653,16.3915760598268,16.1880178397823,16.5947988434603,16.0092095057538,15.8663740444497
"ZNF444",13.8308805879901,14.1083820191745,13.698420678764,14.3379159298468,13.4745632986737,14.2594323476486
"SPICE1",16.4321921453774,15.747156326619,17.4353053092883,15.6680788925238,15.8084036546152,15.2121644754807
"PUSL1",16.110059015319,16.0826483749628,16.0358816090081,16.4573999579726,16.2436799762591,16.4882606748265
"MIER1",14.1915776863035,14.1218642049729,12.9368468874915,11.0196605015453,12.7728329994224,13.6453879017255
"RPTOR",14.0995423539837,13.6256468651978,13.7243545041098,16.4907418433738,14.1033907607028,17.4154570759286
"TMEM123",15.1486312902151,16.1419649153148,15.3807999179285,14.9578212594559,14.5900365782707,14.6700003597486
"ORMDL3",14.0985269372562,14.6920142716605,14.0516917414368,14.8900162687416,14.7590282067652,14.8970964098569
"CCAR2",18.8225163728648,18.9132022377594,18.9118022169834,18.8984391022438,18.9334153060764,18.9492631904221
"NUP93",15.9950497757817,17.3941756142175,16.5101804888653,17.2029254916506,17.1989245811081,17.5343395908182
"ZNF687",15.0117720512638,15.0067494617667,14.8168809055498,14.903165167495,15.1392648313167,15.1340556514392
"REXO1",14.2818498508617,14.7269241108603,14.2950187704152,14.9863881351854,14.9063254763464,14.7643463708199
"CMTR1",14.8147814635912,15.3248557024024,14.9797863598003,14.8003192479392,15.1806285480211,15.2413910139353
"LRRC47",19.1811471601263,19.2675443018089,19.0876345385116,19.2529888847058,19.3072302763771,19.3891987902219
"INTS1",15.28286870451,15.646105124792,14.7574817896889,15.1862968867936,15.3716709902782,15.3620584667207
"ABHD12",15.1533884288576,15.1610835692164,15.0708754779436,15.244800859134,15.1166522068909,15.2162140315876
"CLASRP",17.6717959041105,17.5411727118751,17.8018218227226,17.7460325638435,17.6124567499407,17.6332665144709
"GPD1L",14.2748565454496,14.5651538573274,14.1378467718213,13.1260218923676,13.7457614964474,11.3646854415151
"ASCC3",15.7267671827815,15.675624043693,15.6041515558703,15.5871891044037,15.7767909372187,15.8853487635831
"FNBP4",18.1442905923237,17.9756197866497,18.1180302827058,17.9609767299882,17.9032209022885,18.0341073836985
"GUF1",15.4898048507531,15.2527098877626,15.2600919807131,15.2823440181307,15.2357026808905,15.4846378892297
"NIN",18.8405919146143,18.642946187809,18.8388593091929,18.6846794585843,18.6874299529909,18.3039613055994
"MINK1",12.1281568739268,14.667416840293,11.3259129794168,16.6943012533744,13.9960931687699,14.4044047664897
"FBXL6",15.9493962495158,15.4006993549339,16.3135774820381,16.3159300088088,12.1163359331802,11.0544520590317
"ZCCHC9",16.5549594599097,15.8001993323411,15.7261089044733,16.0720671646025,16.0534603319981,15.9150891384983
"MPND",15.2033327071497,15.3505272891055,15.4434920457784,15.0387517565711,15.8711492895414,14.9489858205471
"ZGPAT",16.4139625513054,16.4842656992488,16.3644833485434,16.4211927210681,16.3261149517792,16.35403599967
"SRBD1",17.4630292239822,17.3220843842546,17.5530227941892,17.5734145738072,17.5537821162285,17.653528075211
"NKAP",18.0207374660948,18.2035381357295,18.3933457915309,18.0866096975388,18.0830276872805,18.1011734493133
"MACO1",17.7892017156097,17.4696380019267,17.6809136974659,17.8051717684322,17.7287726428149,17.7291347717086
"SH2D3C",14.9548839989508,15.396891111143,14.7532027484494,13.0363261179684,14.7091968149271,14.7552412446851
"RPP25L",15.8735750815167,15.5799945459339,16.1894242264904,15.7603508332898,15.9974242471955,15.583120092287
"MRPL50",16.212611703474,14.967723180607,14.9375896841165,15.7204868962808,11.5518800894006,12.2127329347616
"ZC3H8",15.2758026716774,15.4773590609523,15.1281558737916,15.9242075432164,16.0061202588728,15.8786899034994
"RNF10",13.2833668323601,14.4971726077115,14.124438159311,14.6194241876078,14.0773418134817,14.7906637718145
"RFLNB",15.0236387147866,15.1499631980214,14.9082070645227,15.046222926524,14.4881096976512,14.8657348654696
"MSL3",15.7504091065621,15.9423326450265,15.6305983209147,15.3044042309204,16.1062061073672,14.9509939152117
"CPSF7",18.3304690291964,18.4824954681331,18.3908409476104,18.8160186382418,18.642686449398,18.7637626823219
"ARFGAP2",15.5235786357127,16.3219531023239,14.6539433776107,15.1629590579014,15.2052302166764,15.7370879487871
"OTUD6B",17.3280782969745,17.4487970068823,17.6431490395696,17.4874028610095,17.6180296888242,17.6217432627867
"METTL13",17.0168178615239,17.6823527312222,17.1413968060344,17.7569761570927,17.7972698985232,17.6604610096918
"ARFGAP1",14.5818368000891,15.4547722308609,14.4156372060756,15.0627401580971,14.6651686655335,14.904371477038
"EMC1",13.6701460157407,16.4442144921964,14.7744375631002,13.2110140192492,13.1133065574297,14.024996254838
"PAF1",15.5599633052868,15.5573344563724,15.0229630620188,14.9029261956106,15.4572381801385,15.4472282247595
"POM121L12",19.2826901476033,19.6225238606855,19.4744990232705,19.1213305178334,19.367717826321,19.200932360352
"UBR7",15.1176552752945,15.6469734928467,14.8391391134321,15.1095409437783,15.0220305089545,14.6383237930414
"CGAS",15.7923756835479,15.8879577945117,14.9840998522045,15.5046681818783,15.3924960042758,15.2488193565618
"DDX51",14.7094529496035,15.0495065493614,14.8981012886324,15.6583929241679,15.4846885477282,15.5573218304078
"PDCD7",17.406093785637,17.4735802724324,17.3317120209009,17.2180944392802,17.2852416335166,17.2161398406888
"GPATCH11",15.6464751767734,15.6140933122003,15.9641926102622,16.0126560712881,16.2570573161369,16.1014368159508
"JMY",17.2601249213633,17.3958221168986,17.3552562787853,17.4969146943992,17.3916300937135,17.7004590901368
"C19orf47",14.9176068060352,15.1199365552853,14.8683987973153,15.2503569003561,15.137767744955,15.2649952342363
"ASCC1",17.4753059540382,17.5386836518403,17.4566366853046,17.5163459315389,17.3662258947423,17.675317279412
"SREK1IP1",17.0317484720223,16.2578684399802,15.7728157233807,17.6021629736132,16.999433804576,16.4849158597735
"KRI1",17.0152806646603,17.2843512256948,17.128597936451,17.1849313097763,17.1713006468603,17.0344079146449
"ZNF579",14.9688755513253,14.9483503477193,15.0706668844648,15.8386256000207,15.7340806852838,15.9899187608897
"PRPF38A",16.565304719929,16.7057709539411,16.0484862354055,16.4612943023329,16.5638519153576,16.7014711385815
"AFG2A",15.6724840441887,15.8270841849784,15.9243539353486,15.3448070724043,15.4438385868439,15.3631424610617
"NHLRC2",13.6506022369223,14.7023934891373,14.177308542681,12.2062924451133,14.5137725561224,12.1956946845367
"SLC43A3",13.9811240417358,14.0663953269317,13.0212511130083,14.2905338386175,14.1947337735789,14.4404635472231
"COLGALT1",14.803577549095,15.5718126854302,14.1952533878064,14.3892987901104,14.81377327641,14.6600268213223
"SUMF2",14.6228246809097,15.3313932990437,14.9284117531416,15.0043744556108,14.0978908176398,14.1447730198227
"UBAC2",16.166559722168,16.3139510062326,15.3985346863928,16.0193939601069,15.9032419126285,15.8301527051059
"HSD17B11",16.0911659302592,15.8733176981299,15.965356529801,16.1744348986366,16.1296009866684,15.9432296048122
"TXNDC5",16.281846193219,17.3170991807922,16.2875881220881,16.5015531885506,16.9748331042599,16.5460068173171
"SCCPDH",14.6408526560319,15.2342963055998,14.5629786119496,15.2872788766108,14.7745190512229,15.0023223446462
"INO80E",18.8968912950265,18.9738284543211,18.6439353315433,18.804702655509,18.7335242174021,18.8339497466744
"SERBP1",19.3744791647177,19.2586849501203,19.5509562239524,19.363139542945,19.2890250854832,19.3462996797791
"LEMD2",14.3788891948253,15.6389047815618,14.4047042528496,14.4691860703385,14.9470325230196,15.0010330889067
"NOA1",14.0558260555411,14.3287465134036,14.8357475092404,13.6712829772403,14.730525701951,14.6334177572307
"NECAP1",18.0645094318865,18.2605523279547,18.2014313201832,17.1408796860078,17.7117339800097,17.5656072902579
"FAM98A",18.2123049592976,18.1134828983164,18.446414154965,18.162426734778,18.4941928379732,18.3275874655197
"HJURP",15.0467192053044,14.8474008459727,15.1477151530919,15.0617974993859,15.2049679454329,15.1258435025798
"TSEN2",16.070334061764,16.1010146755554,16.5812825375297,16.3949578326601,16.4053974496384,16.6093413150321
"NFATC2IP",10.672282839445,10.5358967040515,13.240780005173,13.3998581925647,13.2582185675304,13.4159220939001
"SPRYD3",14.985660877374,14.7277456894603,15.2229297342263,14.9241480541181,14.9520753847782,14.9655304832643
"PDPR",15.7626039387896,15.6854080250001,15.8277457509773,14.6802102241059,14.5062997080009,14.5551784231997
"SMG8",13.4283519933959,14.3035359029661,13.4929852677655,13.8028661924074,13.3675771954601,14.1342259141641
"RNF214",17.8366257546709,18.1245246299439,17.7581736915161,17.7086871838767,17.7838229606247,17.7474787301783
"LSM14A",18.2290639090264,18.2206000471708,18.2547463046601,18.8337911390111,18.7137847397173,18.7970131362086
"CCNY",14.7927829242575,14.571050319919,14.651807719159,14.7321561346858,14.5754815166061,14.2232552543682
"BANK1",15.1331641722231,16.7095320265753,15.1079961722933,17.486845703499,16.5977208748833,15.1893676228035
"TENT4B",15.0981280071447,14.7983762629319,15.4816310653837,14.2849299673561,14.5041980384157,14.5675447346467
"EHBP1",14.2627846011921,14.1031633705983,14.0015520168818,14.2375085987944,13.9115963738892,14.1014746937799
"RBM15B",15.5512134818475,15.5731986421979,15.442797094258,15.7734549678015,15.7862127734376,15.6281082946805
"TNRC6A",16.1871829007928,15.9063801613436,16.2232173876657,16.1602312956714,16.014380575908,16.0963406392323
"PSD4",17.3263408257877,17.4199257061072,17.3840110080417,17.170404137386,17.1482799459685,17.0736930602015
"DIPK2A",14.2959405813905,14.2997667398251,14.2140731859124,14.8406391735547,14.5744514976627,14.3339593727926
"ABCF1",22.5873661905221,22.2970172777342,22.4531633560277,22.5954850293459,22.5304526560859,22.6404411158639
"PIK3C3",15.1869942163239,16.4398241651511,15.2368331763104,15.2033466646011,15.3629021459324,15.5036054543356
"SRFBP1",17.5190842648107,17.6850725412919,18.005947623903,17.6762430523896,17.7592160533991,17.8810714694867
"NGDN",17.7424344452885,17.6065936055882,17.6721371830393,17.7150122152731,17.5344027452578,17.5924742649436
"DDHD1",11.5673755718654,13.4386086457004,12.2748814524164,13.7477843077467,13.4805196091214,13.7710913941723
"SHCBP1",15.5889872229827,15.6742266465232,15.4013274745067,15.630715166995,15.3502972963154,15.0929898508578
"SUPT20H",14.7905151281813,15.3197832397451,15.0839529455343,15.122472250607,15.3559611530876,14.9832399130858
"SDR9C7",11.35062228429,14.1100886516678,12.1638558626458,14.9117492933876,14.3009997544648,15.0374201034392
"PPHLN1",15.9426643201208,15.4883576559872,15.9915295962892,15.9467063278446,15.8290119137916,16.0376355325125
"KMT2C",16.3152029262645,15.7814417593489,16.1336254920954,16.7046412740191,16.4150873045948,16.2015884929285
"LPCAT1",13.2670821926211,13.1135149367072,13.6273106689684,14.1459065196108,14.4307591571186,13.6153991689465
"DOCK8",16.915494057988,16.5589723513461,16.7296815449007,17.147839006055,16.7430999172206,16.9350128420374
"BOD1L1",16.4088496582195,16.1900163856585,16.3988280136633,16.1304962583973,16.1184723152978,16.3531533744143
"ARID1B",16.0993966131432,15.8306362682543,15.9640118373179,15.8590417360405,15.8332874618401,16.1822407019255
"NUP35",14.4522505726089,15.6749533119512,15.2306753408588,15.9474463617859,15.5532160977169,15.4013623435019
"CMAS",16.7506970430661,16.6848276388984,16.5610772035631,17.0380448963693,16.8008856846744,16.7117312245402
"TRIM58",14.3732537656407,14.6753517964071,14.6998921010501,15.1740664717685,14.5861213101741,14.8580611534212
"KNL1",19.4229127213225,16.2324740678632,16.7416099742419,16.4858560320158,19.3222317210067,19.7752341012475
"KDM2B",16.9455962733441,16.8335997800642,16.9685193170638,17.1883993404603,17.0874464732651,17.0709684885041
"DDX55",17.4326081224333,17.3892478287676,17.4097432793283,17.5320689833362,17.5734897982979,17.3103875204712
"THOC2",21.9961391594987,21.5658937178364,21.785010099241,21.7467598294874,21.7711101982999,21.718594664877
"WDR36",15.6408073623919,15.4584897298662,15.5684610015898,15.7914238547527,15.2997048253479,16.0336838899649
"KIF18A",16.31239137557,15.9154899031504,16.3720849704406,16.3601173238238,16.1279234092898,16.2031998178017
"RP9",19.0049141772616,18.761452120368,18.9963456561759,19.0397091930757,18.8423350881198,19.0511834453718
"VANGL1",17.0698237774095,17.1561244654588,17.2135749254125,17.0998912256495,16.9405954320293,17.0837571814229
"SNIP1",16.4603088611444,16.3821748029903,16.7858595735848,17.0367281492144,16.6510558967903,16.9218389617336
"GADD45GIP1",17.8997888170267,18.3701152277261,17.7398188385761,18.5459894780543,18.2169965463516,18.4609502501474
"WDR48",15.4025548824058,15.1942436031575,15.1109876918333,15.2435842213016,15.0594202189164,15.0245732591094
"EXOC6",15.3594969087396,15.4655783613246,15.1145099803343,15.0606001034306,14.9683277218181,14.9019628435424
"SMARCC2",17.5829264043683,17.4651167679154,17.6473270887948,17.1774403669043,17.2308680027665,17.2976592063103
"FAM76A",16.1786181711624,15.581081039047,16.4053007120267,16.4224382399334,16.1865876429198,16.5864700968966
"KLHDC4",15.8928671209599,16.0263972184723,15.5650985073286,15.9930123980374,15.9914700292931,16.0191482879004
"ZCRB1",16.5424092850068,16.2663101867988,16.4954220097774,17.2513707128226,17.0074824186519,17.1223373425046
"ZCCHC10",14.9662985137883,14.8876061839857,13.9995041211668,14.7875217922903,14.275384689027,14.1092507669228
"PIP4K2C",18.3346750935321,18.054902622989,18.2289946491113,18.07059467039,18.1324010229372,18.2164997209273
"TRMT10A",18.6518811859631,18.4346526589075,18.6567653639832,19.1828524461448,19.1972252375813,19.1228355762149
"TBC1D15",15.1040315882534,16.1842372833579,14.9555762181449,15.8118187687009,15.2789304941611,15.3768129548238
"RDH11",14.0981723473008,14.6016619903382,14.3696310142225,14.5170220106463,14.3072519772219,13.9734965695007
"STT3B",19.1842387848918,19.0413693259517,18.947896576867,19.2436541323433,19.1809294397354,19.1308417565019
"PNPT1",13.7930616889923,14.9358390370857,13.4769097001128,13.7262189045257,14.4169751491579,14.5686581254522
"HM13",15.697653865258,15.2386736893982,14.686870092524,14.8183482997356,14.2932183646526,15.8741818775459
"NEK9",15.3342359183512,15.7772385658574,15.0689226745922,15.0859699803492,15.2512456897991,14.9344877062963
"CHD6",18.8078407158162,18.592825525964,18.6858882859918,18.5046573983527,18.5853851033823,18.6144427787769
"GPT2",15.241698096937,15.7264204120213,15.0621106628038,15.4999054792206,15.5461284878471,15.2317760749863
"DTX3L",15.4836550455852,15.0988177576948,15.1877099959581,15.5450947909094,15.0851044768859,15.3430340384668
"DDX54",17.9075275044208,17.791629111771,17.8965743624075,17.9940223392527,17.9325309874941,17.9333078723387
"CABLES1",16.4032115257673,16.364630735574,16.266822585664,16.3731909149006,16.2902224677576,16.0993270558956
"BRIX1",17.3039291189931,17.1241154541005,17.3488984200911,16.9992218232061,16.8998277519447,16.7776706467627
"STK35",16.3182221359411,14.4829180953828,14.3093921139839,14.2948065298615,13.4164250647445,14.6932281900747
"NEK7",16.0879706952071,16.0946465091527,15.9994518628477,16.01217428107,16.1845964444879,16.2617779727735
"DTD1",14.1296656990113,14.9660760853064,13.5555745674178,14.3831403595552,14.1682563119867,15.0911433630963
"UTP15",17.7609971173331,17.8464469768653,17.6006618243033,17.7999004480673,17.8754020603549,17.6935194226729
"DOT1L",17.7280759548425,17.6672394275291,17.8190414341914,17.8128906909493,17.9601933349285,17.7076224139222
"NUP210",15.2128921904847,16.1155671663048,14.6042957888239,14.8829457123009,15.330641726125,15.0642144965146
"GEMIN5",17.5136721647333,17.3264801357561,17.5760386025665,17.5227559883627,17.7040322928808,17.7377375209256
"RAPGEF6",15.0228961553511,15.0342672232224,15.2623639304802,15.0282733602765,15.0186932819901,15.061002623752
"PARD3",16.4045202577105,16.3825061611402,16.2847279655385,16.6133048787808,16.2268640179514,16.453525777843
"IPO4",14.4755943090461,15.4704755389804,13.9205277846106,12.6278336558383,14.654811600185,12.9455475058172
"PNISR",15.884042941823,15.8908433433733,15.8748781880053,15.7065524059597,15.854875978422,15.5167692681854
"UBASH3B",18.1904625158489,18.2821508141016,18.2249852001965,18.1585448017668,18.2443755893056,18.2463032338234
"DIS3L",15.5519118921605,15.9176165951912,15.2213118320503,15.9104878432221,15.8514403961827,15.8996799824582
"ZNF384",15.5922167043426,16.3300544897162,15.6996957993078,16.2967948901055,16.2326051123771,16.2047037163303
"NOC3L",17.7156380283203,17.6419938553162,17.8293937933407,17.7638054992508,17.761219944856,17.7886110338636
"U2AF1L4",16.7154600662656,16.6066969726618,16.69935813144,16.5422696896239,16.9861979205872,17.274948100308
"ZC3H15",17.5920396412627,17.337485406021,17.5200644586681,17.5640903790147,17.554056900711,17.4987146797899
"PPIL4",16.123780514057,16.2017111944608,16.0977995472928,16.1646388705884,16.0929177341937,16.172207735635
"GTF3C2",19.860255350338,19.7569125709177,19.8492486416681,20.1090928745647,20.1152352148883,20.1174140606466
"PHF10",17.2742410921631,17.0082827475472,17.1772507542876,16.8685128387486,17.0790188661057,17.030824448323
"CCDC12",16.2822071143959,16.9131050368728,16.9679576223199,16.0018409379968,16.6603799488296,16.6041185945889
"PTPMT1",14.4220943400665,14.4624735155438,14.2533730072515,14.5726278175775,14.5120862384263,14.4800964503501
"NUP133",14.9330181994179,15.278701356105,14.8762514528207,14.7321128252808,14.9616514966066,14.6702747253242
"PDCD6IP",16.058013207387,16.8963034276643,15.541946429492,16.0927909949736,16.079429990042,15.9779817337571
"CACTIN",18.6543476858485,18.5958530778262,18.6309606437451,18.4823026792485,18.4814716668368,18.5407306378691
"GATAD1",14.6382541514758,14.1985145653999,15.4939299519609,16.6943012533744,14.3264765368651,16.9957973318201
"BRK1",14.2574103109607,14.1064468004552,14.7385407092748,14.8550435486774,14.8309012307408,14.7707584453891
"THEM6",14.9199847835124,14.9212222210359,14.6248221023583,15.013512987386,15.1816700305724,15.0667029959137
"DEPDC1B",15.2829622853792,15.3509555098124,15.277290306443,15.6352249149821,15.4548521200995,15.8501182083546
"BCL7C",16.495419807981,17.0402668148062,16.8236208786889,16.4123690542447,16.5650526783032,16.6207006628116
"NSMCE1",15.5352148579888,15.1986641149429,15.2822808807488,15.4974876252213,15.5107848712837,15.5106655911013
"TRIM41",13.622419505624,14.5554622139391,14.2877299803216,18.6138581536959,11.473786748744,12.4310305424008
"MITD1",13.827036783929,13.6416688494588,13.7534172372597,13.8137563445885,14.1610017825655,13.6569867702598
"CHTF18",15.8664710282361,15.9638114033802,15.8893699165933,15.9083396540529,15.9519561769457,15.8884593045089
"LEO1",15.9306189635327,16.5914140877876,16.2904602590603,16.1023704628032,15.9305673378653,15.8181285679102
"RNF138",15.3706673162672,15.4659212320122,15.2750436153806,15.4400866306811,15.803118237586,15.655549058593
"UQCC5",10.9732317439064,15.2172224598463,12.1735032570527,16.3338014826508,15.2976901575871,15.1762883683946
"SNRNP27",17.0618092046962,16.8512821929555,16.6600811542574,16.8513902503464,17.0929271256635,17.0445006354347
"TFB1M",20.0813060654112,19.980377477719,19.9709660774758,20.1332938819157,20.1823950808821,20.1520907056264
"SCFD1",14.6397209488818,15.9049711736236,13.9024685775949,14.6752305332245,14.5816907748163,14.1958344724929
"TNFAIP8L1",16.1183918894397,15.6533666515108,15.7781195429959,16.2306400698754,16.6601999830069,15.2169413361913
"DYNC2I1",16.849174468787,16.6307254890339,16.9587858205296,16.7348874723315,16.5830937887011,16.5534340057345
"POF1B",14.1341763038921,14.9955688726616,14.9902079596964,15.4169268050197,16.0150630476135,15.1656613402704
"FAR1",14.8548734953928,15.3795561883132,14.8628823217973,14.8567483772205,14.8915782943811,14.8047949276945
"PCNP",13.6993558899379,14.6046195363952,14.3262318614452,14.5443060650488,14.5716460014597,14.6529978032129
"LMO7",19.7872472805263,19.8981559230313,19.8951552339195,19.8052007758472,19.7138259788645,19.581984450323
"CKAP2",16.2107022556306,15.9635996535012,16.1719293084185,16.5113976490592,16.2045881462489,16.387285827171
"ATXN2L",19.0342052028601,19.0198643349608,19.0681136941456,19.006811085226,18.9567703350628,18.9922600884114
"GAB3",15.5686510603334,15.6976402920686,15.8384643355425,15.3067452691809,15.6107256941923,16.0565147336658
"PRPF31",18.30846497957,18.4904776069336,18.3765271137997,18.3047459551623,18.4026993302916,18.3983883177275
"NELFB",14.5735794412414,15.2208550532839,13.6171957290775,14.9671528431033,13.6273995945031,14.9958866787211
"SREK1",20.6571996275294,20.3164162256157,20.5405492223682,20.5739623949988,20.5620289330037,20.4548990734413
"GEMIN6",17.3759275173828,17.333493180286,17.5019695554272,17.2649093113476,17.2406441488948,17.3940265242666
"STON2",17.9375379624763,17.7413596045386,18.0754074892863,17.354289161591,17.362873678604,17.4260847014691
"PSPC1",17.2174637120757,17.7834681008406,17.1722889090327,18.0130256257369,18.1541411926265,18.2357780505149
"GATAD2B",17.8677615403568,17.9533666494784,17.9420894873126,17.7843949003696,17.7572885597934,17.8912114947337
"DNAJC9",20.6433173679596,20.5127847247379,20.6904089788877,20.5559908694957,20.6783821284587,20.632278157172
"BRI3BP",11.910026436917,12.8988575582783,12.5109006686914,13.694513401713,13.0325769942149,13.3688900015249
"BBX",17.8070034135282,17.7906528658631,17.7036696868529,17.7555726039586,17.6910873455066,17.6689881370401
"THAP4",15.0702639487289,14.8131399010063,15.2363943296398,14.9563634056424,14.4704513255696,14.9824355718485
"ING5",15.2030368156478,15.0957678690743,15.2158416173236,15.1881579508411,15.1679949125233,15.3206187905691
"SSH1",14.6652514650845,14.8541145593109,14.5204357540847,14.380540070231,10.7464628830009,12.52357328492
"DGCR8",16.0205880565158,15.8693539926029,15.6841737505729,16.4879657681079,16.2287093571196,15.928146365135
"TTN",18.4186565069578,18.6283682854176,18.3421547267386,18.4408315428791,18.4833552591364,18.5637575554212
"KLHL6",14.4603235046546,14.2215945220056,14.1119366914264,13.9373491742479,13.942958131827,14.0055720961711
"CLEC2B",15.2043854464432,15.4062352384405,15.0671476710813,15.4145780205573,15.1507538210788,15.247362589524
"DDX1",16.271586420618,16.4777299699694,16.3360106527728,16.3709959657597,16.2419490848319,16.2299029341608
"H1-10",21.5877893256211,21.3117602311479,21.2938412224995,21.5578515360525,21.4325511773664,21.25892482286
"CCT6B",14.98775927604,15.8378941026041,15.0422072442513,15.5655280089577,14.1578227283405,15.5978866970511
"RTF1",14.700653202137,15.2096568395159,15.0114212093784,15.3319230114053,15.373040150342,15.0893201261741
"TOPBP1",20.3298570929198,20.0168220228595,20.2768475257954,20.4215583218598,20.1766384799779,20.3779347045651
"MRPS27",15.3303061166935,15.5576234470566,15.3008953279994,15.2758573656326,15.2445695427609,15.245302307417
"ELMO1",16.212122059715,16.5157645068224,16.0088416525789,16.3955868499013,16.3473200721018,16.349688985521
"WASF1",15.4695556522996,15.6548071817912,15.6576407587696,16.380652651847,15.6792235914762,15.9421907010763
"BAP1",14.6828788519057,14.2176565750167,13.9362643356662,13.935710562226,14.4216066219877,14.0766122027881
"AP3S1",19.3292532636717,19.2770381847534,19.3547668621721,19.4446025525716,19.6029340521073,19.5423576279757
"TSC1",14.3274167885798,14.3672425267553,13.9303770807548,13.7745882841983,13.9346220947544,14.2634242171978
"UBXN4",14.9018061968167,14.9766130775592,14.4781146596545,13.9321935248509,15.1615683267108,14.5147970091836
"PHF3",17.0555500982264,16.6297531871653,16.8888791371806,16.7830213649316,16.9712962206573,16.8820860753303
"HSPH1",17.1653709485345,17.9457999280457,17.1989801973922,17.3179466533872,17.4165833864044,17.1946243268866
"CNOT9",17.5421969767706,17.5380276264308,17.3289639492263,17.5349168456887,17.3134745643544,17.3772924762582
"DOCK2",18.4991496847769,18.5130566117266,18.5262528977957,18.5249907274487,18.7132028367381,18.6436763347928
"TBC1D5",14.4282417972325,14.8757397538958,14.3155989189516,14.4454968495473,14.7104481902542,14.2702096091494
"ZNF592",17.114077817267,17.0911897989897,16.9984092331279,17.3419924338443,17.3899472974877,17.4816562112217
"MYO18A",21.5017409890707,21.3436059327088,21.4117429383524,21.3173550869552,21.2686669496335,21.1374078356837
"LARP4B",16.6429947535966,16.6114134666276,16.5874858602021,16.6089740839855,16.6000505284021,16.6603674132381
"GCN1",15.5962459647036,16.4057336538069,15.0426890481975,15.4501173083496,15.7628376106892,15.6443915782437
"ARHGAP45",16.3100525813501,16.3860766864002,16.2502485393869,16.3923263121251,16.3257428778888,16.4149053555169
"DHX38",15.6412901950005,16.1292296797166,15.8200460476131,15.6973182171123,15.69129710543,15.6043746184926
"GTF3A",15.0516090769227,15.0137954676876,15.2003574546145,15.4975913164328,15.3096813321468,15.1249374042933
"MRPS31",15.0306056721291,15.588704681889,15.2512042596617,15.0581691305216,14.8281077172983,15.180712220589
"ANP32B",17.718072395042,19.014335186192,17.3584915259312,18.2291492702319,18.1012463037077,17.6880480990669
"PRCC",13.881582129509,15.3763983451826,13.856992982113,14.3861180353841,14.0100839699818,14.0762221165686
"TFG",16.1861155940026,16.2926715862733,15.4446618262266,15.8806484615313,15.8785695994282,15.9611622934381
"USP6NL",17.7629814797794,17.6460977396644,17.8920836007517,18.2239368830249,18.1876515563846,18.1450622316805
"ARPC1A",18.1763571565851,18.108259297178,18.1318583669786,18.1840781119034,18.0890102272662,17.9308135537495
"GTF2H4",17.6316938255806,17.5159733510061,17.7446351353469,17.6523668890536,17.5918091711548,17.7480545759513
"RREB1",14.5336559932146,14.1047873496994,14.2963303514619,14.5353978643961,14.1825463591435,14.449431055214
"HDAC2",17.6189399144163,17.6644076998931,17.8120782572484,17.5923625733907,17.6659316887249,17.5866512896046
"DPF2",16.4675897896234,16.6012341167547,16.3015258459478,16.5224878964745,16.490238459831,16.6737924144849
"CREBBP",15.8009610049289,15.6009689716826,15.4251588501401,12.9426708460562,15.8860276042485,11.9444669915045
"KAT6A",13.0799973695056,12.8938977898446,13.7260127906179,13.6723685435763,13.1766250895071,13.5044794973362
"SYMPK",15.4827951654797,16.082824938349,15.464884336804,15.3155631170772,15.8197939496579,15.6509478647646
"TAF15",17.3193219525672,16.541850746808,17.2936153364077,17.8410466462415,17.2046825132568,17.238681077634
"GGH",15.0994431540078,15.3264019236871,15.2258162655775,15.1189518572178,15.0666635634624,15.0266627516528
"KAT2B",15.512424746145,15.6750923749045,16.0005018268805,15.5217886463982,15.7665936089563,15.4553676799347
"JARID2",15.1409012488551,15.2535152783199,15.0072608622295,15.7063942174845,15.8721739376819,16.2520459457557
"INPP5D",18.7080551809873,18.6110934741601,18.6762201839414,18.5201649665187,18.442437464676,18.4492663497319
"DDX17",20.5474473588991,20.5929445886031,20.4360562531024,20.4797632942036,20.6049318672906,20.5724623713391
"RAD50",15.8538936555282,14.6382314083355,14.6538801796328,14.5519094896078,14.5312300469234,15.1525995655575
"ARHGEF1",16.24452673123,16.639783992262,16.3418020702773,16.4009206183954,16.5018483781825,16.4927122583966
"ERCC4",15.6727255959404,15.7516175936574,15.6430245971318,15.8431038830437,15.6455042879239,15.7547034226122
"UFD1",14.4686830045097,15.454335187025,14.0864409571919,14.6957781706672,15.1524959858118,15.0098018222118
"UPF1",18.3588187118367,18.4947972362698,18.3477039744728,17.9184959497459,17.9524593864123,17.9908912267108
"GPKOW",15.5980956640207,15.4555430882074,15.4337502189651,15.3050597668081,15.1176144111456,15.1758827026802
"MAP4K1",12.8377218629628,13.7450159025988,11.8805389099269,11.9516021220866,10.9323001216867,13.1821697683985
"SMARCC1",20.6459645371241,20.4468802562412,20.6580084185921,20.3565686737941,20.3896837447236,20.4347369436158
"SMARCD2",18.4207543629152,18.5105122274123,18.5472520606056,18.0848138884008,18.1618379967904,18.3007929670029
"RAB8B",15.1194601438264,15.3439254761556,15.4488259894568,15.371718561083,15.7122814881811,15.3957426390961
"KHSRP",18.2209949389661,18.8514407012007,17.9508174028281,18.2396908202959,18.219077744009,18.2950322272942
"GCDH",16.0174621000513,15.7467788189736,16.2568343129835,16.485848172269,16.4822647014493,16.4673266122664
"TNPO1",17.45240904952,18.2703746323635,17.1543192500661,18.130450507501,17.9529518106123,17.9383864802298
"ARHGEF2",19.2065901629321,18.9936280118436,19.1145495294996,18.5444002793757,18.4690994646936,18.5528790825476
"EMG1",16.0611675925554,16.0276622016215,15.7970144982115,16.4647641354222,16.4402456381316,16.3896641060256
"USP13",15.3861009750347,16.1705522088751,16.5732746916861,12.0359147076424,12.7848080158188,12.5805741322408
"DVL3",13.8553512209394,14.6939808391906,14.4854807284744,14.7696373004519,14.4069588478283,14.9744119008833
"USP9X",13.9682421869383,13.9639836699057,14.0494497116398,13.5883561422205,13.9846818191785,14.0080724565429
"USP7",19.2902542415364,19.3547880791183,19.3716065051738,19.200235308522,19.3791680771836,19.4124549816647
"CD101",13.526694845542,13.565070295867,13.40740945055,12.8553143518877,11.8822616355036,13.5018838229968
"CUL5",15.2690344983381,15.5903646816157,15.0800317742127,15.1505822851445,15.2087239897211,15.2942834751975
"RBPMS",14.1183022111464,14.7977575165894,14.4860872151745,15.0361390475707,14.8259594916905,15.0845759736301
"SECISBP2L",14.2581367506383,14.7821940426177,15.2330554145517,14.9382921791687,14.2561096665403,13.2988336992429
"MED12",16.6135716512566,16.2349609077867,16.4902015680061,16.3927567928334,16.4459225512732,16.4598553416712
"H2AC6",16.9169674536408,16.7804423679158,16.9792648571997,17.7965076176699,16.7186804290418,17.5094584833307
"SMARCE1",18.8195568006988,18.8724495317401,18.8542092533203,18.5382470673921,18.5781285996656,18.7389590389496
"RNF34",10.3898021060655,14.4048255730317,12.4792011658353,14.998018015439,15.5609150495828,14.9172822812243
"RPL36AL",20.1813086694663,19.6725823477879,19.9896314885449,20.3103511718421,20.0002644162915,19.97962832798
"L3MBTL2",15.0858201446305,15.2719333080567,15.1920604386233,15.220486404845,15.6587356868537,15.534623878005
"NEIL2",14.6547725053192,15.4634260275696,15.6341683860296,15.5810722686477,15.4709290363653,15.6071111762382
"ZNF622",16.5229656614152,16.3572767996866,16.3944498659825,16.3520744704484,16.5215291312869,16.5987870404897
"NCLN",15.3145404074339,15.6409174269856,15.1858862850048,15.5336738158973,15.438356340846,15.1796910369214
"ERGIC1",15.9617355687621,16.4528096851728,15.6599617026936,16.269243951811,16.2613172267508,16.1202584547188
"UTP4",15.424989644745,15.5787907434339,15.4330678414472,15.4239322190729,15.3403119030411,15.1371386092174
"CCDC47",17.6686045652906,17.7016509157234,17.6404151925518,17.6404228186613,17.6933610374405,17.6693212908873
"EXOC4",14.745654105544,14.858506363815,14.8485087095102,14.6999708094083,14.9978330981578,14.7649904112642
"MAGOHB",16.142534695544,16.7264740308411,15.8951385738449,15.5251424252181,16.9149964427567,15.6165860880329
"FUBP1",16.0692942195325,17.4103262961719,15.561741252315,16.2404915468435,16.4375965282555,16.291353831098
"LRRC59",19.3461962128641,18.955378434576,19.1562499098664,20.1381241537979,19.8733732160777,19.8654180123023
"NABP1",14.1479350519678,15.1931828568789,14.9829830609446,15.1375343427118,11.6032144375848,12.8214351308509
"VPS33A",16.2890437332543,16.235324679712,16.2071373239097,15.940615595394,15.9381063389844,15.9233357268468
"EME1",15.5107576787421,15.9167172072886,15.7540601991614,16.0636228018287,15.5953774581886,15.8127653617058
"ARK2N",13.6640024294438,13.727498153522,14.0300443568725,14.1047083273984,14.1065101878761,14.1038121655458
"EXOSC8",16.4861106646466,16.6761432551272,16.3657286540365,15.9336192006868,16.0861344415658,16.1121038815002
"SH3KBP1",16.165069699803,16.6770509300897,16.4083881268024,16.2064439798001,16.2321782464796,16.1276264287394
"PINX1",17.3011929520871,17.0081464898273,17.1198018555585,16.9608377396568,16.7935464131418,17.0746576641734
"TADA1",16.3428129155354,16.3675906747778,16.3841335579383,15.8987563516593,16.1523007880871,16.0650794889999
"CHCHD1",13.9961569155533,14.674964177158,13.7508560207307,15.1607589548203,14.5582786969652,15.1151845060648
"PPWD1",19.6695562797029,20.0163077486169,19.3520260491217,19.3247319053085,19.1245216009341,19.3568104329266
"TESC",15.0585120429222,13.9778365704345,19.1024412062922,16.5050558077345,15.322186831607,15.569443859465
"ALKBH8",13.5915928199879,13.6230814089984,14.2251305996352,14.7155152603111,14.5559856062844,14.2278852955432
"TAMM41",14.6022054346088,14.642213795165,14.1523544874259,14.4012554670312,14.3513231402981,14.4203326504701
"DOCK10",15.9226090699122,15.9712440091631,15.9328290494055,15.8317984593922,15.7923304839767,15.8190416837477
"EFHD2",14.5729158923281,14.4773374611805,13.2895558311611,14.9459171887499,14.3787695339578,14.3885753469567
"SYTL4",18.6577259645364,18.4779495297337,18.5428480117849,18.6698807235085,18.5949555283787,18.6683853851066
"PYCR2",14.6046238216541,15.5023240123311,13.7012610791711,14.7450548803712,14.7362487531168,14.5447750907823
"CUSTOS",19.0117998413434,18.9885953253944,19.0687837875688,18.8924927749052,18.6850654898893,18.9592114403144
"DCPS",15.5373276179334,16.5458088960931,15.4190191575033,16.0766415113652,16.0084711888251,15.5990052368298
"PPP1R14B",14.7377124299068,15.6604940177071,14.482504906012,14.7812191258797,15.0286149056008,14.8551916291409
"INTS12",13.877190175045,14.3032438464563,14.3401341168124,14.2606502524909,14.1605438964511,14.3416750372563
"NSUN4",15.2308454549612,14.9953610373558,13.9487682793733,15.2466491284311,15.7622320097285,15.5538421909109
"ZNF653",12.5849757911123,14.4272730238677,13.8215525790448,14.2754940940249,14.2952088058014,14.5802721133155
"RPUSD4",16.2130430678874,16.0335352775256,16.2337681399946,16.3176569170455,16.2865144454541,16.2500494708297
"EVI5L",11.5887485520161,15.399262134096,10.9594317636546,15.2178825933966,14.7860728366691,15.4464879012656
"FAF2",14.8886425668052,14.8261823549829,14.6689416430518,15.3039161728204,14.5490165580341,14.9537060725538
"CCDC124",17.6663519669525,17.9632055873223,17.6359571942398,18.3800129858733,18.7429010944817,18.7759330096121
"FOXRED1",15.0761074340414,15.6036943753543,14.9683488289185,15.1509671317682,15.3775208662703,15.454430395017
"AP2M1",21.0795765795868,21.0897496839253,20.9597387328874,20.6235155628798,20.6154942199138,20.5125281987969
"TUBGCP3",15.5853411467351,15.9344641167667,15.612699349577,16.1236035179529,15.4950510924138,15.7468028522862
"NMD3",15.3210753637248,15.7477375581922,15.5683530173574,15.9383268032735,15.5420438596359,15.611121938424
"REPS1",20.7713298733671,20.6152794841902,20.7872729674,20.2112017467735,20.2316177698124,20.2914271537461
"ZG16B",13.5988349500009,13.79529545124,13.2702938662536,16.6943012533744,13.4383337917539,13.4489569440818
"DNAJC19",14.6232569183915,14.8899317841558,15.0438214873672,15.6015034205921,15.0153774599337,15.1853072191721
"ESS2",16.5673225891921,16.6394662040947,16.5960896383254,16.5919766234678,16.2717577960628,16.4887753223399
"MSI2",18.7646099360262,18.8924407154201,19.2287752493174,19.2451315121131,19.3217437177044,19.4239090167644
"SNRNP40",18.2000414342554,18.1337359533633,18.3112003543244,18.2041935144879,18.3164967707399,18.1042216716316
"TBC1D31",15.1095509418,15.064023595355,15.0527164560082,14.4384491328241,14.7644074595454,15.14202195334
"MTFMT",15.2359915748463,15.103944372133,15.1938243252975,15.5065570803026,15.4977473849424,15.7240360198218
"ZBTB10",18.243732406378,17.302943379702,18.286860487167,18.0802110215428,18.6051727507045,18.5096711027946
"RMI2",14.2742259837038,14.9451393925633,15.3336255824661,15.8038948139903,15.5203137697521,14.93783617547
"THAP11",15.7207927276904,16.2468251984996,16.1444206549193,16.1897407955259,16.5676153790615,16.9458859232081
"MRPS24",14.9595166066311,15.1535787877056,14.3350226550985,14.8158263140996,14.6846797163147,14.9593970611291
"CHFR",15.9893284132472,16.0057826422953,16.3285157565268,16.228802253447,16.1118003666614,16.4441174102256
"DAZAP1",17.0628864247737,17.5208432401924,17.2015155561833,17.6054604193568,17.6945069812225,17.8386121825188
"SGF29",15.163415195434,14.7568512943156,14.9017488873872,14.6124019182108,14.9537762206409,14.7571890827971
"RRP36",12.7835497582918,13.6976666510857,13.6159218933334,11.7849294029309,12.5648544769542,13.8832084016731
"RBM33",14.3931410480821,15.0041844687314,14.3466177486148,14.656738798532,14.6323492807396,14.2115333552061
"DTNBP1",15.342986414853,15.6511276706684,14.9289083276572,12.2059013400428,12.3697242464345,14.3556727760471
"DYNC2I2",15.3437223573234,15.6182712384891,15.5625359188774,15.2728542774489,15.5465492651362,15.6037974578482
"DNAJA3",19.100257940933,18.9525554504769,19.1917231283947,19.3290142899033,18.8916253065397,19.2352441247621
"TMA16",18.8148313964381,18.471540669821,18.6925917675859,18.7926520044083,18.7776154302235,18.652033228717
"PTCD3",19.5444960497106,19.6918466858409,19.2790404776622,19.7171716806563,19.3614649313793,19.3846526559509
"ADAT3",15.5965826459857,15.4240948872967,15.642448706702,15.4298003165475,15.2666072173119,15.960219754789
"MCRS1",18.3284465082405,18.2723541326019,18.4074022138641,18.0876760224771,18.2107486221563,18.2345358611063
"CYFIP2",17.324433551705,17.3113220625031,17.2664024320262,17.6798257495998,17.715355557789,17.8317014294274
"CCDC97",15.0937318610462,15.4379936931071,15.1534799901549,15.111161350891,15.2540760265257,15.3801101230964
"EDC3",15.0073098371003,15.286854550567,15.1131920988176,14.1158548567085,14.6375929265868,14.8715414386421
"CDCA5",14.9018765108684,14.9657497497362,15.2592267620265,15.1210892034317,14.8483197391953,14.9957018413081
"DYNLL2",14.6330477755145,14.3474778392916,14.6443300598052,15.0619441569001,14.4428033133888,14.6648549016434
"GALNT14",10.0952219237312,12.3329753190654,13.120476200469,14.3703468513585,14.3198975244379,13.9349840566527
"CPNE2",17.7617987069649,17.8876235559434,17.8883539407421,18.2293739179141,18.3039288515113,18.2758817845049
"SIPA1",13.5473390857178,13.3082481477293,13.4917750734725,12.1836701351769,13.7988137019913,11.5079343567107
"THOC1",20.0565974985818,20.0608527734006,20.0252136551233,19.6092431375791,19.741863426838,19.8186080769595
"OTUB1",15.5673179837017,16.806478255752,14.9642566088367,15.7344413124193,15.5271759550122,15.6237894901292
"TRMT61A",16.815103856672,16.2376067743122,16.8049936167293,17.6619161268055,17.6480668929338,17.5977254570677
"CHMP6",15.7268483491046,15.8373634641137,15.3295588120549,15.3446663832721,15.0124997117135,15.3177915752958
"PGM2",14.2718056418814,15.6716217240243,14.3421697306833,14.7029126777779,14.9685526383135,14.9224853115814
"IMP4",19.2407142491274,18.9102165338173,19.173890343537,19.1481319545802,19.0877087012654,18.8648094251118
"CERS2",14.9902207469382,15.8641625139441,14.7080820241729,14.9706880922354,15.2132741015655,14.7149371799306
"MED8",17.8116619294213,17.8952560484194,18.1461533220767,18.0050220578793,17.9429462687468,17.7887535025408
"DUS3L",16.8071211041956,16.8945322884938,16.932301849099,17.3237674499124,17.2070408288451,17.4979484093561
"LTV1",18.5962694813655,18.3755053056068,18.6650740010097,18.4286492814662,18.3727592307146,18.4391507277021
"MRPL48",18.0460134244081,18.2235264399193,18.2941146292395,18.2140278276002,18.6454916786998,18.5965472838754
"SMARCD1",18.7676072140706,18.7737896575651,18.7870104167513,18.4227147591532,18.4818358847922,18.537694383765
"TOE1",18.1490372454468,18.1688743170689,18.1055755546903,18.3491995772391,18.280640657873,18.3110450993986
"DDX27",19.6033189115914,19.6735347550917,19.7168994045809,19.3740133835896,19.5226490525655,19.5236374517735
"ERO1A",15.4817656969249,16.5029029552163,15.7314835260098,15.5791155493526,15.7403473468229,15.7851170434412
"PRR11",17.7091550460139,17.8386185835444,17.7494904685855,17.9303914848999,17.9790711101253,17.9100177395334
"SENP5",12.0440603892239,13.8104798568173,14.0841914408738,13.5431543764413,11.5134023502551,11.4134988371872
"CDKN2AIPNL",16.4816049573916,16.5240601854102,16.7504016476595,16.5491113153063,16.4712268424808,16.712151016763
"MED30",17.3274534378438,17.4135833068553,17.4842501040071,17.4795227747959,17.4282883567928,17.2808928982582
"NAF1",18.0067025713979,17.5962545559744,18.1185756293809,18.0928451804489,17.831363288684,17.9568960522958
"PGAM5",20.549971598202,20.4056552602596,20.5848877436587,20.1938767561284,20.0571702138644,20.1224984177992
"DIRAS2",17.928249325298,18.2422307938174,17.0918454663349,17.9011730157063,18.2259168587366,18.0932055394902
"INTS4",14.6991595062372,14.8882168849785,14.7596517186901,14.8973665102651,15.1679315441361,15.1214582219479
"DDRGK1",16.6129587492763,14.7662290233728,14.7826902114192,17.0866711639614,15.4392179459658,15.4644508884848
"FUBP3",16.8074394524937,16.9847295197345,16.7359483751449,16.7401127710485,16.725117780638,16.9825729649314
"RBM17",18.8939053718379,18.6981011796982,18.875691765317,18.7689043551427,18.7456078580378,18.832034235418
"NARS2",16.8409030428585,16.561700387423,16.9044986805784,18.3671107590896,18.4569723857893,18.4459551145944
"REXO5",15.0148592115271,15.2328085319376,15.3392856440205,15.4204045016141,14.9627349038291,15.307839034885
"LRCH3",15.3801266319681,15.8243711590876,15.5703978517864,15.515159126667,15.5418736701024,15.4236562941896
"ZBED3",15.4734004001215,15.6149356788291,15.3395250537804,15.4554371688624,15.7378459119256,15.6813762388021
"ABHD14B",14.7836774850639,15.3167773022527,14.9111002920112,15.1110437868098,14.8636931331701,15.1579396197752
"ATP5MK",14.8347449365461,15.0227611192319,15.797160320098,15.6000150914338,15.2015992895507,15.5708018885816
"RSRC1",17.025598660322,17.0888031425143,17.2732323006784,16.9588648162636,17.0591314887149,16.9379218077969
"THOC3",17.9192199546636,17.6813886618063,17.9883214379543,17.689881981324,17.7096034398297,17.6337386254839
"ITCH",16.1435729458875,15.9445594848643,16.0902069279841,16.0293845106893,15.9621326920331,16.1365157676236
"ABCC11",17.2182552003273,16.0000715430088,17.4282760872021,18.135500280559,17.2702454044173,17.9013828733973
"VPS39",15.0481337774936,17.0426696637187,14.7732429739811,15.4018672494267,16.4439042923893,16.1199887381734
"VCPIP1",16.0335163503851,16.6464444482101,18.4865679474571,16.6802385416671,16.5325481520833,16.4733503902079
"SPG11",14.6854627792689,17.2635165187607,18.1531789204503,17.4287114302393,17.9519142197265,17.9843188739799
"TMX3",13.7781845471631,14.8454045844132,13.9273563120977,13.507959237755,14.3016102228298,13.5712138503803
"ZNF462",17.1986368764425,16.8879432815953,17.2821163268234,17.0157187399615,17.0192678709773,17.1896282670519
"CHAMP1",15.40470591575,15.3824559387586,15.3752671090611,15.4056103492654,14.8845745030275,14.8585592980892
"L3MBTL3",16.9121077504819,15.9425622919883,16.1663483712076,14.7590509442466,17.3347917828804,17.2366590960106
"ZFP91",16.9062192950884,16.8708332352034,17.0298794559616,17.1678150283905,17.3938810210721,17.4877606005244
"PDLIM2",14.2821963794933,14.5762371448138,13.2454797099396,14.3455656142612,14.0328295104427,13.9623201857303
"FAR2",15.5104639382744,15.6407139223127,16.0746436587152,15.8179447165489,15.5857407860456,15.6722063800569
"BTF3L4",14.2039479304574,15.115441060181,14.071945638074,14.6541709036754,14.4864756225786,13.957066844599
"SLC35E1",15.0990300898955,14.7825925474347,14.4640421741398,14.9975588090416,14.6508396563993,14.9333244490103
"ZNF668",14.8932758833528,14.792149925781,15.1213994725701,14.8267511534365,14.2878126433707,13.4468148920161
"USP47",14.5368418405177,15.4181914306317,14.9981778258975,15.3942059663738,14.5570408591487,14.9886938598444
"CLPTM1L",14.0601674883843,13.8503667725421,13.4026702893531,13.8153081368098,13.9369577254945,13.9872834670038
"DNAJC1",17.0872407180678,16.9549427110473,16.84053084878,17.2751072885826,17.3554681901909,17.1660951996734
"SCYL1",14.6973881061285,15.3185244510938,14.5091955959641,15.1014970999148,14.8392520214998,15.0464429285621
"ZNF512B",16.6398765319023,16.5396177609045,16.596240489562,16.6935220770259,16.6478430245328,16.7635877387903
"EXOC2",15.0642088957593,15.1059217637619,14.6874974521711,14.7774998538817,14.8962352779715,14.912254650275
"CNDP2",15.412873794229,16.5405823820584,13.4126842893689,15.614538094067,15.7092206746403,15.0076088631461
"EHMT2",16.6298721218115,16.5306527703569,16.619034517398,16.6743299422729,16.6591179041051,16.6918822541449
"ZFR",18.1362412819887,18.155863120837,18.2428077672019,18.7678691338137,18.8728151154351,18.811900204026
"B3GALT6",17.9690854037823,17.9205813989536,17.8495160356305,18.3588755744404,18.3652023590383,18.2054038157705
"NSD1",14.5787948702835,14.4044138145228,14.9693237393566,15.1585710328098,14.8598170083176,14.9699894670414
"EP400",15.4206362826986,15.3249882142466,15.2639760314015,15.4049168890049,15.5280734239662,15.4636398570511
"CNOT6L",14.8760322577526,15.1778027317936,15.0672807384972,14.8464012484483,14.5268850473375,14.8688716402886
"RNPC3",17.1131325051062,16.6969436259679,16.9958801881764,17.0175076633503,16.8132307456527,16.9307649375258
"ZNF512",15.8555065294956,15.4383399651715,15.6235735530713,15.2806862528631,15.1766767419545,15.399223174769
"NSMCE2",14.1182274141317,13.9186538226414,15.0809663020261,14.7148903998906,14.4461979992387,14.7669841822017
"NSMCE3",15.5498585632726,15.2230791506784,15.5164064158087,15.7463699814327,15.7635664601644,15.6175074981487
"TCEANC2",14.0469534513067,13.8554602964997,13.9831449386256,14.8967984984997,14.5516511317844,14.6867043219143
"YTHDC1",17.2758249640783,16.9548489068278,17.1747623599594,17.3131846371227,17.1594984767808,17.0794451991719
"TIGD1",16.0229026554873,15.9511978227626,15.9149433676772,16.1646510471095,16.0875169164383,16.1434553628827
"DNAAF10",16.4778001568536,16.6765058206632,16.7024666770478,16.3739008432601,16.4127291047201,16.4125973667709
"NOL4L",16.7294721810095,17.0305950471055,16.7240117641623,16.5000905914461,16.6974853586363,16.7961231060403
"ZNF714",15.1025518052483,14.0001714331273,14.93200800501,14.6830371991581,14.6159582632136,14.2872950196453
"TTC14",15.648577564995,15.3958017375342,15.5419396557054,14.9544866926188,15.2979535951512,15.2444438174388
"DOCK7",17.0008172501752,17.2759905098351,16.9828380881262,16.7274833691509,16.9587542210248,17.0398837774938
"SPATA13",14.6012948596077,14.0895492119725,13.9372138899437,14.3879436683375,14.173581890305,14.1866275278456
"TSNARE1",12.6009019111897,13.8405228335052,12.5350765042234,15.2803740773034,14.6572912033805,14.8677338544207
"ANKRD27",16.8777454479773,16.9958113071267,16.6736128720127,16.7615598025761,16.9469371068002,16.9304569197224
"MUS81",16.6719753964941,16.6617171492982,16.9506277703022,16.7420166089672,16.8048965941733,17.017110485675
"NSUN5",16.0559924219816,16.0394100322953,16.0324920648611,16.3837390500992,16.3693345866478,16.3717511247424
"AGAP3",17.1495754638251,17.3496651452927,17.1688657988477,17.2306901619191,17.3614228644657,17.3608961960017
"ARAP1",14.6727914390542,14.9633965430729,14.2880270691491,14.4381578057505,14.6501773307253,14.6115194858565
"SERPINB12",18.6154891190761,18.416826632524,18.6899689747698,18.8246546261006,18.9808705044978,18.439579718021
"IPO9",17.4058149924759,17.9523636572426,17.1872280475987,17.3538566066966,17.2880457839132,17.1079572192783
"INPP4A",12.2544665261856,14.7513106169158,12.2679663656067,14.5040668501143,13.9338368148933,14.6908770095995
"RBM14",19.2413049586411,19.1548595098114,19.2589560976703,19.451224697415,19.3499068548625,19.4118322435119
"GBP5",12.6183131944813,14.3280076948781,10.1210186833179,14.2578620330694,12.8846851030569,13.0932141861758
"UHRF2",16.4334977475585,16.9362010619748,16.6173914141598,16.6183238399529,16.6421275131141,16.8041569922844
"NEDD4L",14.5806183615829,15.2391814119526,14.4691977742649,15.2453037560075,14.4576956005769,15.1480371923903
"QKI",16.6986419354072,17.0872818507334,16.7133930130649,16.8553660009288,17.0614474561824,17.0479048977229
"LENG8",16.4523753605555,16.2527442537735,16.5804498167491,16.1787391466432,16.1285939091566,16.5041812137017
"FAM193B",13.6056759430399,13.6939728922566,14.4153523940374,13.8433953490643,13.0732070218493,12.8165895673494
"PUS7",15.9568092365589,16.1015664089974,15.9700582434912,16.0439018873406,16.1706005195338,16.1168339150716
"FAM111A",18.9921543479588,18.8864199937279,18.9917637438224,18.8797899904576,18.8348285191145,18.8396541908437
"TMEM237",16.981599834929,16.3012547491388,16.2496314392673,16.3943382554567,17.2855087841965,17.6734936937066
"ALKBH3",15.1291737238255,11.538189643844,12.5027951885732,16.4858183048405,16.5574853161333,16.4551742019988
"KIF20B",15.6596291534006,15.0638234441824,15.4996904502388,15.2728578486378,15.4659868320114,15.3688737045124
"GSDMA",15.7974025722884,15.7861243603057,15.6375229101118,15.9597283680391,15.7947800480772,15.5367870627212
"PPP1R10",15.4512850802599,15.4782758833259,15.4682577865706,15.8155185421341,15.938298267741,15.8503200082338
"FYTTD1",18.3272985186164,18.3355931670855,18.3882502577452,18.3760291283716,18.3568679334016,18.4239021249177
"ATAD5",16.0139078861774,15.9263907473015,15.7304305983918,15.8585866871714,15.794375122434,15.856829454894
"TEFM",16.223883681406,16.0074053289365,16.1482898777329,16.3881100751065,16.465014703149,16.3847653723399
"PRAM1",16.8754162799929,16.9461433637941,16.795290301164,16.6677140641626,17.1062151059622,16.8771050198882
"VPS35",16.2772916506106,17.0441347336967,16.1043388099962,16.0652082652484,16.4563953272545,16.3318744249316
"PURB",16.1372585496263,16.0145708375453,16.3457623069772,16.745494448545,16.5725881776366,16.5870404251711
"TRPM7",15.2791266515514,15.0885501710818,15.261399690716,15.5065903952536,15.7942616680466,15.6104336232295
"PHF12",16.7250511931805,16.5678313310738,16.8478073310004,16.3498981752662,16.3043657613768,16.3846346980764
"SPAG5",15.5564039679324,15.791727857222,15.6637392080024,15.5173469353463,15.2961424000531,15.5871477817311
"SNX18",15.8174162069633,15.9430409416544,15.334736624993,15.9082507697428,15.7290997116712,16.1160433684578
"UIMC1",16.6197968483184,16.3425120714475,16.5447787577467,16.4874307328655,16.3033280515647,16.3482187924207
"MED15",17.5353498821428,17.4475381950501,17.5001558856269,17.0821745153769,17.3207770195914,17.442346702858
"GFM1",14.7258935377203,15.6692736033135,14.2621822209357,14.5554700629318,14.8730045945877,14.6315152898341
"MCCC1",20.4252644704826,20.4919793031439,20.3171590810823,20.8377288610147,20.7648522387231,20.8683084850074
"TGS1",18.0165063528344,18.044977513297,18.0263142158198,17.8855100195491,17.8996643952222,18.0043499624041
"NUDCD1",15.1745497887012,15.6000052154023,15.0630293049891,15.558837801594,15.2396822812913,15.1420604562234
"ERBIN",15.768648664042,15.8320416673324,15.3385499411851,15.2517087385813,15.7899135759527,15.6998692791598
"CTAGE1",15.2920608110353,14.8752985347659,15.2512013743043,15.5071107214222,15.647154834928,15.4330779180736
"FNBP1",15.1422444977804,15.3651594609516,15.3278252287483,15.5372315677406,15.3139122237246,15.1698895441461
"METTL26",14.2412279470757,14.8612278721317,14.5204357540847,14.3998041504907,14.7397183869348,14.2220336082978
"TP53RK",14.9423800711272,15.4884155904891,14.6168066909877,15.649175888316,15.792091446725,15.6489040228527
"PIGS",13.9698663804785,14.4275731108163,14.0486123808302,13.5590392031424,14.1926629200002,13.765429387158
"WRNIP1",16.9437268941615,17.3344559154751,16.5262504139166,16.6395720470571,16.7374155736884,16.4907203803755
"RANBP9",16.6687225556202,17.1856330352083,16.9249682259304,16.6152522191782,16.5978385524028,16.6051084949394
"CCNL2",17.7369954885688,17.8769405681184,17.933219971297,17.8164478987755,17.9858298767018,17.8219262265864
"PLEKHF1",16.0266070814814,15.7029183036427,16.0708865439577,16.2240180717936,16.0126742921319,16.2400977627174
"PPP1R9B",16.4941983862134,16.5064208683843,16.4931898188563,16.5512166367187,16.3950812976698,16.2127477178013
"SRPK1",20.6368346985626,20.5985604262747,20.7124946747188,20.7136699417091,20.7266430068953,20.7592420979221
"SMC6",15.7169469666207,15.5688575672006,15.9294731784983,16.1458541515929,15.9679714647825,15.9999951569604
"STRBP",16.5479977875898,16.573487727273,16.4975542691203,16.9115738582017,16.9581425946394,16.947642530667
"GPX7",14.4555627693352,15.1627024786047,14.1907552014738,14.392790796509,14.7224898792056,14.2599221185468
"FIZ1",16.9760972080402,17.131274505206,16.9879873991021,17.0614769900736,17.2277363572502,17.4020227617828
"CDK5RAP2",18.5717946316454,18.3118312271498,18.0228102424664,18.1426037958909,18.3581728099443,18.1872559857068
"IWS1",15.1929011305065,15.6605583602748,14.9651563953673,15.1831507319343,15.1647751632039,15.7323682866884
"SIN3A",16.4123580545039,16.5522456579336,16.6815220685196,15.9825197116241,16.4108527804016,16.2468555308463
"CRBN",14.3448045069786,14.8999736401649,13.4565104847063,14.262020094678,13.1730716706702,13.9890613748235
"CDK5RAP1",15.4764215610316,15.6748088024343,15.2782292474708,15.5919779086786,15.3733236494574,15.6037404997416
"SECISBP2",16.8280645038789,16.4371538591681,16.5300848590256,16.810412099073,16.8676667786645,16.7394122431272
"RSF1",14.8532413182137,14.7731536851223,15.2253623420747,14.7211285679353,14.6140499339563,15.1186721235271
"RBM15",18.5113036716855,18.4283030392659,18.5918188843581,18.5522298196927,18.4646438602156,18.4806251878308
"PPP1R16B",13.5773803203762,11.1968422427104,12.0522667144753,13.6588034822428,13.6592839407447,13.6504136420388
"RUFY1",15.0328996199214,15.7044701232622,15.112284249063,15.8970234745488,14.787811215054,15.3200481265493
"SPEN",15.1611381829489,15.8692416806971,15.5711841504244,14.3984462390068,14.2603548967326,13.9974461678275
"PNKP",18.5430619239319,18.5666865952428,18.696269027043,18.7301029021647,18.6920853582522,18.7697764195908
"MMS19",13.5852562226904,14.8486493452623,13.6519770787878,13.7462399058657,13.8666668354384,14.3534873297264
"UHRF1",17.1408225828369,17.318245601,17.2299356891477,17.2873958536046,17.3784333875475,17.4108927681282
"YME1L1",17.1591697795101,17.1471810706603,16.9563929474503,17.1355946674454,16.9216673291429,16.9842778141025
"TBCB",15.6237802612457,16.1076765099552,15.3733184150865,15.9656145325873,15.6785820942957,15.6788334908931
"SEC62",18.3754005182268,17.9244921358416,18.0511581618468,18.5080107557799,18.2329211516147,18.1899757645107
"PHOX2B",16.074308532354,15.9410310264431,16.2260760918011,15.4892536229972,15.0853971024562,15.0788934843754
"CDC5L",19.3944243842379,19.2045324591773,19.2777001287187,19.4728450049194,19.4367114201561,19.3830459751153
"PSMD1",14.5079662349024,15.813929109969,13.9368304081803,14.6915204249841,14.403238092903,14.525238469834
"SDF2",16.1647751632039,16.0235830577413,16.1879481753097,16.2210306354084,16.0123371146994,16.1957220723561
"PFDN5",13.0724284167832,14.2010263826915,12.7618532858725,14.0632829984065,13.7070210686819,13.4205204297065
"AGAP2",19.2351709528449,19.124707974159,19.3919655787195,19.3533460801987,19.4454666684132,19.6082750389753
"RNF2",17.4631204106417,17.4044919845047,17.470398957118,17.9371314807783,17.6519769807197,17.8558781038075
"PARK7",15.8383149959466,17.2713343534073,14.7420989750691,15.7880837264001,16.6286626856252,15.7153796108275
"H4C7",16.3529141473436,16.6098845577889,16.493296790749,16.1039538764472,16.4541341146055,16.8797197641067
"DNAJC2",15.1498620082548,15.4527340255779,15.2178464782636,15.5269451219353,15.9534305844297,15.4443443452994
"MPHOSPH6",15.6353905070307,15.4643230241149,15.0914651391226,15.5911569515744,15.1527922476705,14.9349040993548
"MPHOSPH8",16.919658163218,16.7491925471598,16.8558445936651,16.7866428134077,16.7044803901784,16.7840139093976
"MTERF1",11.4155872987106,11.7812336988954,12.2102224803442,13.950442715041,13.4893699501088,10.5778975333617
"PKP4",15.3671835779784,15.2975477136199,15.5391017578386,15.8475151401735,15.4593235469457,15.2513020994573
"PIK3R4",13.8004253722835,13.7457598160645,13.7895068489026,13.8174339952911,13.4958130642328,16.6321769041988
"POP1",20.145078232606,19.902544994733,20.0520394242693,19.7924044282641,19.7963461388167,19.8718352279134
"SCAF11",14.9838667948622,14.8057872430231,14.987266366222,15.0246652779434,14.957333068352,15.0740993054633
"TSNAX",14.8405630569503,14.794133148406,14.7241597972984,14.4887985399116,14.4343613460671,14.8614291176563
"EIF3C",18.6926603128065,18.8493248268105,18.8001508500347,18.0845370682067,18.0745742565279,18.0995276018093
"DNAJC7",16.0892176961707,16.6060470682495,15.7980841411753,16.2966185414775,16.5259411566748,16.2571854283392
"PHB2",17.4595031816577,18.279458236948,17.0277686645359,17.456593052941,17.6914495150244,17.5014726562536
"COPS8",13.837177710541,14.7443185347862,13.9204260863349,14.0592611350049,14.4556583137031,14.3474422661828
"PRPF18",15.627363882439,15.4078236073361,15.3057161091896,15.9589493114287,15.8507061163494,15.8899995195192
"CHP1",13.9046837266496,14.6199133119107,14.0264580840492,13.1194972204594,14.0260769402355,13.536290447316
"KIF2C",17.3110687879445,17.2639650133186,17.2917146298177,17.3674454668911,17.2787035337048,17.2992937116414
"ATXN2",19.0609800546035,18.960251831357,19.0224072611817,19.0438818678458,18.8260302422226,19.0296681814689
"HSD17B10",20.7542509189196,20.6793666972391,20.9104339812844,20.9827546575509,20.9353449982158,20.9349786017576
"HNRNPAB",19.1228041383864,19.0922066430401,19.7194616865394,20.400160122832,20.3617311410904,20.4310271181125
"NAP1L4",16.7392120674785,17.782464366219,16.5254494800583,16.6516542303301,16.6781682121826,16.5981310318268
"MGST2",17.7250344126563,18.0831177772263,17.665836642675,17.9673561910216,17.5728682094509,17.5936928199399
"PIP5K1A",18.5990469915335,18.4398897129827,18.7652290461767,18.9165421886122,18.8852260339506,18.8402440783117
"ACO2",16.8928481285448,18.1596811744546,16.2014658766828,17.1992141458668,17.1729606853299,17.1302576339262
"TSG101",14.8378155008966,15.0789300829614,14.6576550763695,14.8762761575523,14.8079641851194,15.0387304117893
"CPNE1",16.181153615993,17.227371230783,15.8193515993477,16.2900247885309,16.1243488560805,16.1011258354395
"CCT7",16.4746275890367,17.5918905993692,15.9736006931725,16.679872333876,16.7190367413552,16.436747160183
"EBNA1BP2",18.372977001316,18.592942034497,18.4177303242248,17.7144228916991,17.9105646214078,17.8998987169786
"PRMT1",17.2279897480756,17.2654353942764,16.9704635309065,17.2108304613821,17.2309921782082,17.1472046267661
"H2BC13",21.2984706828756,21.1924631948244,20.9919308897354,21.2444659260811,21.1932294769993,20.8181493065314
"BAG1",15.4079972934271,15.2296939980333,14.7531715597687,14.9129383013517,15.5115009630514,14.8987637664776
"SH3GL1",15.9634603511857,16.4894821926393,15.5934864238916,15.6205052256449,16.0492525490734,15.5848189637399
"VRK1",16.0290617882552,16.0945230968494,15.5338241137917,15.8168875536811,16.148285507765,15.9898001120961
"AKAP9",15.4710002537018,14.8939868283642,15.1492698860231,15.5708371908459,15.2372083546054,15.3420540360899
"NCAPG",16.1436484729662,15.816702944185,15.4203583120038,15.4270284941344,15.6296896754628,15.4475397124491
"ARPC5L",19.9804463464869,19.9894456982442,20.1682615132418,19.7024673703536,19.7256315992656,19.531545566882
"MICU1",17.1240724293647,16.9315344059011,17.0446256056942,17.3589067299052,17.3862061352908,17.288891661306
"PAIP2",13.7816784442423,14.7108669571882,14.7021218091182,14.3971491674078,14.8644438563179,14.6082770606594
"MAPKAP1",15.937626324903,16.0027088924142,15.6314540724917,15.6816088126395,15.5315419879632,15.8166333033268
"RBM4B",17.6989836357073,17.7911318482953,18.1410953997931,17.7041368816347,17.7203424674573,17.8349856244519
"DDX50",18.2951173615729,18.2436205717474,18.4318026087135,18.755244244343,18.7744462500665,18.6780932995958
"MRPL34",14.6697217904486,16.1566067247466,15.5756675804789,14.4199622181542,15.8968163985619,15.8563778659875
"ELAC2",15.7289303490679,16.5242957662328,17.076812361837,15.8186780270155,17.2714007439501,17.505255103005
"TRIR",16.300969699573,16.2750069565338,16.7660566375105,17.3121171709859,16.6483874271737,16.7350167634646
"GRWD1",21.3421054937448,21.2656433726291,21.3034046257781,21.0127414863233,21.1040429635465,21.0662691008149
"MACROD1",15.5846812839738,16.4698775522044,15.1594239720592,15.5141997003521,15.8777035163946,15.7009101808765
"TCF25",16.2334561435806,16.3887877169526,16.1237748569832,16.5088131653748,16.2702274247533,16.5470377518798
"CMSS1",18.6326835770203,18.5291045108104,18.5203775872005,19.1904099463186,19.2551686441542,19.0638087329024
"WDR77",18.1807911690151,18.4581407135989,18.5514273965366,17.9881896627608,17.9153057361212,17.95919672096
"MRPL57",16.9092660097201,17.1798381583561,17.0576501672497,16.8898892786507,16.8344557420079,16.6546572280241
"TUBA1C",19.9439377187873,20.7761089692847,20.1425041078618,20.2028585755028,20.2334907185189,20.0766235588886
"MYBBP1A",19.088978250602,19.0127846487917,19.1442423387081,19.1920650633833,19.2485436286525,19.1879123755448
"BUD13",18.6293421754103,18.6941093856521,18.6779031458657,18.6956306079796,18.6697209324629,18.6612744650566
"CPPED1",15.0309691602847,14.8226741898548,14.1412916973901,10.4561569851,13.8590881456781,12.7200875188047
"MRPL45",14.5896287358848,12.682779920137,12.662157657169,15.6467173258895,14.1343670976922,15.1864891057912
"CHLSN",17.0150325481075,17.3028364883735,17.1076055323657,16.2347089255947,16.2518222590073,16.4676133506508
"NUDT16L1",15.4814935832105,15.4040904451747,15.4421363532535,15.3968479077862,15.5537389556889,15.6790605353333
"SRSF8",17.3297959003397,16.8331825128799,16.9420569470801,16.9022311864164,16.687628832771,16.7792995594719
"PDCD2L",17.9366442645808,17.789239612405,17.8236493620486,17.907861223448,17.59159451458,17.9680972225346
"PYM1",13.5669782659656,14.4082912577705,14.1505880760544,14.914203989674,15.2262688042958,15.6846345632447
"GPATCH1",18.3625705685797,18.2395057661368,18.3185688467522,17.9843534234592,18.1594168268936,18.0573080019467
"RIOK1",19.4197633323092,19.3656985424962,19.4421759774079,18.9366892328921,18.8688582359624,18.8611413514354
"LLPH",19.8942242829573,19.8299937413462,19.8373313446006,19.9610700800939,19.6623691852478,19.3097085952643
"UTP23",17.8093728027343,17.1329010137425,17.7212133637156,17.9473964306866,17.5216347891967,17.4376913682484
"WDR83",16.9628018584633,16.9924395583106,16.7862074631859,16.3575607671495,16.6127924912399,16.3478495396498
"TRIM56",17.407397566432,17.4621270278735,17.5681526743623,17.5585207142564,17.519351914766,17.6074240916594
"ERP44",14.9288679495784,15.898244731629,14.765417421098,15.0493977218827,15.1250492392654,14.8733624010607
"NOL10",18.7247131478444,18.7192220184038,18.6985138193175,18.4625112590589,18.6343303553003,18.4917795977863
"NTPCR",15.9179134314533,15.9948087377294,15.7031994877892,15.4404495963169,15.6925933816539,15.676003328953
"AGMAT",13.5584109071185,14.8155838340993,13.7301655860406,13.9754546474761,14.4226216393904,13.7164005431979
"TIMM29",15.3524874732381,15.626129092332,15.0622260416411,15.5985274642153,15.0219387989034,15.315256535996
"TUBGCP2",14.5716944653212,14.7514707299907,13.5246176185826,14.1659914169819,13.9130151362968,14.0297480909638
"MTNAP1",15.6477221337964,15.2768813307055,15.4515895764165,15.5674258374555,15.6908701910667,15.3592474049103
"ESYT1",16.6711513299588,17.0898598845694,16.2668425289402,16.2722395003845,16.7414962171122,16.5206094734023
"CCM2",15.43563673221,15.555638116996,15.7972748135223,14.8309793438001,15.6954342284751,15.9816991187912
"TSEN34",15.9625255263053,15.8978498982593,15.9193597302974,15.9190906431594,15.8476768396219,16.1889547464103
"CNPY3",15.7452011903374,16.0949399266221,15.7124568736972,15.8368105193634,15.014703983973,15.4395530163864
"HAUS8",14.9002683276035,14.9909193277813,14.8587344044265,14.9440941536919,14.9947027530709,14.6063178756447
"COPS4",17.035448218336,17.280793239583,16.5621939916361,17.0568941220569,17.2863947778196,16.2269596476709
"SYT11",14.9873701670693,15.3217798024488,18.3752281327917,15.7293870726067,19.0928090054193,15.1085763190339
"DIDO1",17.3379399650194,17.0693789610171,17.2108642228711,17.5176209509997,17.6148192439578,17.6562921743724
"MTA3",15.9947829989982,16.1671834927872,16.2697664482255,18.9253788441149,16.9547960966843,17.4053583896997
"RBM42",16.6293998820663,16.7573762053511,16.6418252666087,17.0863515721673,17.0898906006584,16.9575180127836
"MCMBP",13.9799082457982,14.5329518515039,13.9903781650406,15.964893650921,12.9372930755661,14.214806464171
"AARSD1",12.3061566926892,15.9529986273717,12.1503810159058,15.2487109726808,15.1220154413817,15.2208570555241
"ANP32E",14.3306791862883,15.461917529041,12.7071148584723,14.0501528783675,14.3038919563893,13.7688900924162
"MED10",16.4571406236656,15.9897662581566,16.705939440314,16.3825183196247,16.4453252920284,16.2774710312573
"TMEM43",15.221141118799,15.5011294067082,14.99383872194,15.497244225654,15.1786888516384,15.2517350672411
"CABLES2",16.6409014175986,16.9912828976374,16.6420487305701,16.6454304604763,16.6180930848248,16.7460266048463
"HGH1",15.3242516879045,15.981766824863,15.1398546797557,15.2074236817371,15.5440138505562,15.3668813892777
"NDUFAF3",15.4323689910645,15.4018016339785,15.3334235939552,14.3419430216278,15.2472427455944,15.1463817242069
"MMTAG2",19.2755370092075,19.1518517132533,19.0299627927866,19.1255116978649,19.3049858196147,19.1633278205425
"DOHH",12.315864396895,14.7038044280002,12.6731687587061,14.7696373004519,13.5354465892805,14.139289136653
"ADAT1",15.1744167572637,15.577569443822,14.861858173215,12.5886913549012,12.5374787574848,15.8254519978546
"MED18",16.6924328377474,16.7845032161214,17.0471321150324,16.681062539652,16.7356837877269,16.7631026352244
"PAXX",14.3353824684234,14.886998366947,13.5472257032892,14.1483709183748,12.400033860567,10.9667731378868
"POLR3C",15.8997246783071,15.3457989608551,15.5872053693864,14.96041908185,16.0291232750343,15.5203189268225
"HNRNPUL1",20.5808611964396,20.0700639327814,20.4404928761302,21.6682851328344,21.4936021311451,21.6037807161355
"PHF23",15.1477613218697,15.9740105902851,16.3291085260833,15.3231683286881,15.6461951218422,15.2591958609571
"PDCD10",15.3533053698536,15.9705884987128,15.1104629187992,15.4606245123177,15.4665436424904,15.3878675575914
"DDX23",19.7549618579019,19.7043612016422,19.7055598323386,19.7340650616286,19.8413811430657,19.8112935452767
"WRAP53",16.18257029529,16.8270330116319,16.1388042517533,16.2577518960327,16.251628307466,16.3049512502291
"WDR18",15.5861148872973,15.9739975228991,15.6764774193122,15.6162998540217,15.585122165165,15.2232883680604
"ADI1",14.6677981782383,16.105217147028,13.5062047934761,15.1930056626094,14.8096713764882,14.5166246921449
"CEP250",15.9688829742802,12.434962160443,11.9429380061625,15.7118285364689,15.331055379431,15.4737904621193
"NTMT1",13.6315883834626,14.5698871076198,12.7931042536853,13.6654583132068,13.608003645484,13.5716655530912
"SNRNP25",17.7048119317662,18.477411635912,17.3477672015559,16.6631191472884,17.2608733280276,14.9540001443356
"KATNB1",16.8040113715776,17.275538009466,16.427723446741,16.371305394749,17.0048261310199,17.1965521814865
"DSCC1",16.1094244311113,15.2165905176459,14.4446046958148,16.3416562410474,15.6627098713158,15.077150642434
"TMEM109",15.9588528787203,16.9810764894722,15.6451886582844,14.6375070045214,16.4976945324627,15.8922071954387
"NOC4L",17.7274616975418,17.6391506074888,17.5242064521054,17.7314304775643,17.5789622925137,17.652856174007
"UTP14A",16.1929167299194,16.0896253037766,15.8579344041091,15.9834109442982,16.040183022041,16.0476202644929
"TMED9",14.0638994307678,14.9984428738433,13.5591425976743,14.2399490174149,14.6155100970538,14.1598374443967
"DPCD",14.256593272383,14.0801299855575,14.1301490180622,14.2199142597264,14.2191742694452,14.2760487781488
"GNL3",19.221347803892,19.2045570553617,19.1702854931854,18.9496387431306,18.9824243966655,18.9533729589746
"AFG2B",14.5228818571355,15.6725371365605,15.3760268044607,14.3064616941027,15.0595298139342,15.0598317697777
"RIOK2",16.463024512781,16.9971678458975,16.1381695869843,16.9146702558305,16.1859756134172,16.2959844761247
"KIFC1",17.8262509156478,18.0036996210355,17.923437405939,18.0170705660994,18.0012773342585,18.1240646524562
"ELOVL1",14.2813325463893,14.6401653869343,13.3576311747346,13.716053475957,13.2354346348675,13.8231360280471
"HIRIP3",14.9388678836155,15.8703347112915,14.4896725665188,14.9348752196793,15.1643272345141,14.9097874459817
"TARS2",16.9696404771763,17.1075738630572,16.8421587964304,17.1345892599907,17.0151388578781,17.0724285633344
"REPIN1",16.4896846071121,16.452542735793,16.5299098375276,17.1060201920165,16.9592292052428,17.2178210381304
"RBM4",19.9023786477278,19.795950540657,19.9962759007258,19.6149546704777,19.7153236808618,19.9137650909085
"SCNM1",12.0429952682691,13.7375249527085,12.3214712064185,14.0863029482034,14.2468426373579,13.8832084016731
"SF3B5",16.023532163233,15.3990323690415,16.5833029403863,16.4389549001256,16.2894357310842,16.3672669657271
"SFXN3",15.3555025163929,15.8084221074943,15.228890748308,15.1595733718293,15.548298138207,15.2840459120251
"PAPOLG",15.9274371749306,16.5959857268851,16.3448278036499,16.3385529007604,16.346727192194,16.4520946529538
"SLC4A1AP",16.6942906130313,16.8763445131,16.8359066851138,17.3244464732895,17.4572077144927,17.2573222775495
"GTPBP2",11.5704112713978,14.6131962563083,11.6574293839174,13.1194972204594,13.9004003278283,13.7600272252
"LSM14B",17.3731276874887,17.3132953708678,17.3475387579334,17.8818636555566,17.778669829319,17.9867163458469
"TBC1D10A",14.7805195191583,15.2668558852921,14.9023210312523,15.0391458068005,14.8579404770591,15.0244767325765
"NAA15",16.1362598096601,16.4813206082422,16.0739609891184,15.9233302712591,16.2649417391371,15.9152429722663
"KLF16",15.8313733097248,15.3209992371135,15.6928555313615,16.0746390598784,15.7141158947105,16.166193883982
"SRRT",18.1527573964917,18.1574083228152,18.1711082214765,17.8478926430827,17.7857773444826,17.8014832991216
"QTRT1",14.5854825192156,15.4160770555893,14.8801283565181,11.7216109378951,14.1622602402351,12.0747815883998
"AP1M1",15.0826417227528,15.8109967594697,15.415160837212,14.9831031180621,15.4460549008404,15.3392848784023
"NUSAP1",18.3791524205737,18.2616589439812,18.2915589722445,18.5153024480743,18.4375803958968,18.4708421858458
"HDHD5",15.3928010578159,16.3040922736084,15.1195823261972,14.8247314623691,15.510110777753,15.0726585257629
"MAK16",15.2984411681904,14.6944245461154,15.0504981688608,15.2936401210663,15.085498891197,14.8456082451665
"SCAPER",15.9620681697646,15.7231827218101,15.5121674307206,15.6281030815686,15.4478460006738,15.6838151353883
"RTF2",12.1649320605167,14.1561949724848,12.7723817372775,14.4213123996215,14.1672203105511,14.0517952657334
"EIF2A",16.3191198393865,17.0075383718171,15.8969018759816,16.5796811324704,16.4863726378589,16.9557198703667
"POLDIP3",18.8938056180527,18.8516804254073,18.9286576230295,19.0123415072421,19.0029543865653,19.1988616506149
"SHANK3",15.1121235161001,15.6037015027115,15.9727180046815,15.6450331121727,15.2178071442968,15.5527116597519
"MRPL20",15.6087822182064,15.8033586084971,14.5406646499111,14.7766430674663,15.434144989813,15.593100657798
"MRPL13",15.5666571663065,15.7344890505145,16.3133273491917,15.6787094208702,16.1362896537332,15.5222642824552
"MRPL9",16.9525753450058,17.0556134318035,16.9957013555598,17.3925971593435,17.3612132827039,17.2835859665911
"MRPL4",17.1260680925429,17.3936479508358,16.8031785926918,17.1252102341026,17.1384060064925,17.3252342954661
"MRPL1",16.8244237943864,16.937223110096,16.6887908086564,17.2776481922533,17.1666056170319,17.0380913150579
"PCGF6",14.618080090306,14.7748199460033,14.6635603278516,15.0503222812965,14.8109468693963,14.7706596606197
"NIFK",18.6265945616492,18.6156857397266,18.7285985521792,18.7243373157485,18.764159686861,18.6659683873123
"YTHDF1",17.0761835490085,17.0961295583883,17.1379431319763,17.7739194035685,17.6881115660212,17.6835459647167
"MRPS26",16.8194642454048,17.1489120657605,16.4069371640865,17.0285448720888,17.0517338364992,16.8567490336397
"SETD2",16.0103568499889,16.0438994316309,15.9977768775478,15.8485419625945,15.9352487914573,15.9293008565397
"NSD3",16.6715101072587,16.5447242955768,16.4610749115797,16.8339257883712,16.8344519149885,16.8158797122549
"MRPL37",14.4375388247809,14.9547250895476,14.0695857737756,14.5111754603046,14.5021294875899,13.5382877683153
"PUS3",13.9047071026675,13.2748424259797,13.9005204290472,15.0058510050699,14.7359338357295,14.9256135465091
"GTPBP4",18.0579523898359,18.1839748299771,18.1728059281461,18.2319599863867,18.3711942598509,18.3876529487531
"OSBPL8",15.9974328919916,15.9445510206458,15.7145354498389,15.806002692805,15.9614983501682,15.9133475885019
"OSBPL7",16.1155737903308,15.9385789345191,16.2396539045857,16.2208159523758,16.1460328158091,16.2778856138032
"WDR11",16.0088662665577,16.2398052157099,16.1375133298547,15.9851314855587,16.1188785129575,16.2044983581427
"UPF3B",19.6561742106721,19.23198988313,19.6060058266173,19.5960594923993,19.46255007993,19.4715871069759
"CRNKL1",18.0304763992856,18.0672219492842,17.8476731453747,17.7075632369878,17.8641491988239,17.801419828944
"TBL1XR1",16.5860609369364,16.7203140075287,16.8679158842371,16.493942676128,16.3588140168167,16.6737859287123
"UBL5",14.224941276137,15.5767702356833,15.2114724410266,14.5590601814761,15.0894165485825,14.7159730870419
"PPP1R12C",15.2719523786121,15.404602246874,15.135901832968,15.1091246381095,15.3866975647398,15.1255722453822
"PRKD2",15.8454265886084,15.9274562266933,15.7970255208847,15.7090642328309,16.1807586385142,16.0639840053648
"NIBAN1",14.9620159020451,17.2053846277202,15.2084490164282,15.4699676873301,16.1379689400395,16.4931871600972
"UCK2",14.8753450483989,15.3272670239415,14.2586574507507,14.9179512977465,14.7969659974489,14.5908541389607
"API5",15.896551090744,16.9094889328973,15.4963970284649,16.1349476627201,15.9686385815362,15.9180648906633
"DPY30",12.2009659271933,12.6068381413258,13.0872155198455,12.1219952288941,12.0305639302071,13.6583584453597
"INO80B",16.6246005726527,16.9312394126435,16.8192885985482,16.5287986876511,16.7096393133917,16.8869855347155
"SETD5",13.9390982173536,13.3114101614636,13.6685076453577,12.3519529305059,12.3769552158601,12.5121436080305
"UNK",17.1687675908952,15.7717659320479,15.8529499578446,17.4880545289727,16.8795532170836,16.8698859815749
"ZDHHC5",15.373508403788,15.7028826006669,15.7157102793408,15.2694740853991,15.2911247508256,15.1948713684124
"TNKS1BP1",16.4776593054,16.5722367288862,16.4498948574178,16.3030987952008,16.2816859359116,16.3174765641016
"LNPK",14.4317160552061,15.55286794064,13.6067845758798,14.3782162697066,14.8438477569085,14.4487253462977
"ZNF407",14.0796044478842,12.2535376239439,11.9248741837465,13.8433953490643,13.0672593914402,13.5448256253131
"WDR33",17.8749113069696,17.7353165684907,17.8767091412217,17.7592931776374,17.9528813608644,17.9323437230663
"WDR12",18.0513302510342,18.1101533477621,18.111894534389,17.8646091704606,18.0107075137548,17.9060787925871
"NDEL1",14.8773227218398,14.9162633836745,14.7108991277514,14.988982717705,14.4526360353584,14.6519564002693
"PITHD1",15.0215519047749,15.0877441758157,13.6475235216532,15.782499279324,15.8959116590097,14.3947014720586
"REXO4",16.6509973675963,16.7037643678481,16.6984719027429,16.6147223514817,16.6681739295051,16.7523189647942
"DDX24",19.4311533512084,19.2513492599377,19.3087203111869,19.2188469948125,19.1939835413061,19.1741496137663
"POLR1E",19.1914033793484,19.1690069794247,19.2587697265773,19.3814325810288,19.4173966160195,19.4804835469096
"SKIC8",16.9575175593507,17.0773399189042,16.9120652850219,17.2924107918218,17.4827047728687,17.0707559679661
"SLIRP",15.7337956080191,16.5616996417026,16.0659260032683,16.0064019109516,15.9321578764346,15.956945417556
"NIF3L1",12.9300849470595,13.3953228567432,11.8805389099269,9.86617185930488,12.6833379726806,11.9096971593972
"PSME3IP1",14.7107616715836,14.7969327504253,14.7011889403463,14.1219949570009,14.4668656098199,14.2432764236824
"LAT2",19.4018082489773,19.2298735572792,19.3714295391557,19.3146209909729,19.2697896374939,19.1545302729622
"UBA5",14.5199179095888,14.8545695598114,13.8750649838996,12.8376588694738,14.5021294875899,11.8836291309285
"MKRN2",17.4798925755626,17.5640148861673,17.731682708758,17.5564133985353,17.503733905472,17.5305691066421
"TMEM126A",13.1842816893513,13.6723245619597,13.6572897517242,13.9965721719131,14.0825671327485,13.9995778019968
"PAIP1",16.2806381207485,16.3317608052497,16.3625774172925,16.8365013733833,16.5314671332217,16.7090867750707
"CLPB",15.2052624482677,15.4468629555408,15.1544761798669,15.3899962685994,15.3737495752275,15.4685995438748
"LSG1",15.8439033167453,15.5912052904851,15.3972877725131,15.7974510330446,15.9362772201506,15.7915034479347
"NAT10",19.870870232955,20.0040830011871,19.9318815136425,19.6940981092098,19.8180651827927,19.8250665384881
"KLC2",13.7447159201053,13.5640559105615,12.5949398344181,11.441838411048,13.5192977743768,12.4167205660501
"ILKAP",15.6329295566593,15.7665687643623,14.6341270256375,15.5375087185571,15.4162925091528,15.376776571883
"XRN2",19.4146387884043,19.4042278943212,19.4845435291007,19.4811358237833,19.4718141115525,19.5864287902766
"TOLLIP",15.1339704724177,14.8867259372565,14.8031392309527,15.0607620368103,14.6884158816762,14.2726999790713
"SAP130",15.5159663771913,15.7120505551367,15.5039046953196,15.1770858450264,15.4149582254816,15.4289973618741
"NSRP1",15.554790697356,15.6831259362262,15.2815985746011,14.7057745441315,15.6380307213562,15.000395005203
"RACGAP1",16.0237099613335,15.9736612043171,15.916232868618,16.2625617659592,16.3331726499657,16.0984851164609
"PARP12",16.8419688205538,17.0613283651797,16.7498092091215,17.0478945697024,16.7687115897042,17.1555467865577
"PUS7L",15.9290765112428,14.2906366421252,15.2867764883199,16.3040001782165,15.7142602773055,16.2998432797579
"CSTF2T",17.4931658898474,17.8642912325307,17.3228668091961,17.4978923685298,17.6887052464712,17.5982942622126
"NT5C3A",15.2217666162809,15.389195151134,14.1856507070419,15.3506988964751,14.9567209071008,14.723970661883
"DDX47",18.5812832364129,18.5840909688325,18.4982249572717,18.59805998994,18.6696236446395,18.696948854185
"MAGT1",17.904690182137,17.6436112348664,17.5156015211551,18.2074046539947,18.0873449979719,18.0553306332866
"RAB1B",17.4197979313493,18.1501859393085,17.1525044031815,17.0439854857486,17.5586926728405,17.4332141738925
"TSPYL1",16.481891015933,16.521853594543,16.3701506549258,16.4920763085673,16.4890620645358,16.2568801875759
"BKGD",14.5841613876946,15.4814161333548,14.2755260426918,14.8249965173297,15.2675676182586,14.7699723670175
"DNTTIP1",18.246319751063,18.3084448035131,17.9852901166752,18.0964235186319,18.448033202181,18.1780720020321
"ING2",15.1807087246179,14.996018602649,15.1257085663681,15.1857705523637,15.0390211108645,14.4886196922129
"ANAPC1",14.2357394734997,13.7929868826686,13.7643966254428,13.5753102622772,13.8372468103123,13.8117777608761
"POLR3F",15.5568053876275,13.0993527421235,15.3310094588101,15.5912004270598,15.9510612803088,16.1893678544739
"NUCKS1",12.8884713863633,15.0518400244386,13.8494765710496,15.5938872265305,13.4692447162327,13.7543981719113
"ASCC2",16.0538754100727,16.2599427457339,15.3943425766731,15.549255650959,15.8448459869276,15.1002202159724
"UPF3A",17.9218410532709,17.7615844738827,18.0965374314284,17.9767684422663,17.9718204203822,18.0239984846985
"DNAJC25",13.5012832031317,13.8407186294983,13.9966824101667,14.6060346590029,14.4177543017654,14.4065411875485
"MED28",16.110513691897,16.4518782040356,16.4754487137539,16.0039555118362,16.2935381061178,16.2380917656572
"EHD4",14.9751917471272,15.3128175958623,15.1936560641679,15.3679918912774,15.2504230418904,14.6253723842426
"VPS16",15.4944092035336,15.4311151048692,14.6707340242163,15.4324746965848,15.0118315719269,14.9981628375309
"SH3BGRL3",15.9481903062415,17.1707683229374,14.9691397850015,16.3788912263333,16.1173843816102,15.9140718445718
"SLK",16.0298553057103,15.993157634982,16.0044989782609,16.2079162946964,16.1799725563183,16.2305174402137
"TSPYL2",14.7976706439818,15.2205428106976,14.5726657690619,14.0005588656247,14.5776783629548,14.6053242903553
"PPIL3",15.4069458641874,15.3364553030579,15.4309358846089,15.1845813359507,15.3787085484696,15.277481674244
"TAOK3",18.2405930970138,18.0995791207591,18.1113011088301,18.402381322649,18.329765160762,18.4835843557592
"ADNP",16.0607955525544,15.9627184583559,15.9118845764186,16.0391248963441,16.1188307905603,16.1093264797327
"DHX36",18.9062051585316,18.7124513319271,18.9605035539115,19.4312300857363,19.4903287420892,19.4206519066804
"SPNS1",14.3963737896762,14.1439926589798,13.8979480217876,14.7707766119666,14.6134185580895,14.7744738034906
"MRPL46",16.8923553290539,16.7368423997974,17.0075840306198,17.4252263955888,17.331367912328,17.2521444678416
"ZNF106",15.0209894850982,15.0086052275984,14.8836251116508,14.7681547865182,15.2692198404535,14.5324186947955
"PNN",20.2905981501607,20.2642639017024,20.2452821616435,19.6539397225475,19.7699149024071,19.7502792703499
"CRISPLD1",15.8224558877497,15.4566499191247,15.7326672146796,15.9330234570742,15.9010950405804,16.2073726227593
"PABPC3",14.5869541648495,14.4285026815309,14.9241854555068,14.7194392043827,14.4292152761681,14.9247471949447
"GGNBP2",14.653015386889,14.5903067520435,14.6442931024123,13.1065448101873,12.2238897716302,14.548512003928
"MTRFR",11.6664153136758,11.2345162894803,13.6119514358311,12.47438888962,14.5405284423108,14.9722100536872
"TMX1",17.121593412547,17.8418584093747,16.7636466715545,16.5167101839424,16.9347927228762,16.7637480639879
"NELFA",15.2257568550955,15.8856563402842,15.4160686743564,15.5690771023114,15.1532110692191,15.6050740503555
"ACBD3",14.0611740491242,14.3820283191065,13.1286484780393,14.3576870447801,14.1760219512335,14.0744227307538
"UNC45A",16.3452608036462,16.6263308997077,16.1458985212752,16.2092199292876,16.3035670103147,16.2194876111001
"CHMP4B",13.3210151323998,14.5060753376048,13.0722560622201,13.4962591047425,13.4104546640806,13.4607954118875
"WNK1",14.4620068042901,15.931190718412,14.3275161552238,15.0168771308665,15.3298498287628,14.5780254804484
"DEF6",16.3683751588255,16.4127891319577,16.2175654761905,16.3545662110375,16.2574664800999,16.4005370957282
"FAM83D",15.2873238816058,16.0454949752444,15.3180057238481,14.9066247620713,15.727796042271,14.6341704852223
"SENP3",15.0008266007028,15.5548156338582,15.3944647043067,15.3631650527332,15.5294607523266,15.3854173190679
"OSBPL3",16.7001157744125,16.769011321097,16.7900499833864,16.6795775496044,16.7214641965097,16.9677551920813
"EHD1",16.985314412996,17.4080324661307,16.8268025601771,17.0588881591816,16.9196502498745,16.9463591762715
"RNF41",16.3194308049405,16.1851889423889,16.3046336720649,16.0259579418681,16.2719345842968,16.1824494466662
"ESF1",17.3455137081354,17.1168997913235,17.2714833630788,17.4003304514725,17.2528363358662,17.2235261571073
"ZNF644",15.8642056149076,15.2410697469289,15.5197644976218,15.4771463697582,15.7446835489385,15.7220731918039
"TAF1D",15.7129553444063,16.1164844871872,15.4414061861279,14.9156586079481,15.7613295599901,15.6763416856391
"RABEP2",14.0552339606758,14.1774404058365,13.5740045628761,14.0664054182369,14.0283127336282,14.1059918015133
"ZCCHC4",13.3792171108941,12.950692213989,13.334991380953,11.9535365006812,12.4738699829248,13.2029383246608
"STEEP1",16.5508584396474,16.5502862517186,16.4560747374834,16.8272094552291,16.7780012083813,16.6548254984622
"DHX35",18.4693008633082,18.5155644868892,18.4680651544275,18.2235217263797,18.3876778520823,18.3213227210453
"DENND2D",14.9514252433781,15.3739462681418,15.0671476710813,16.6943012533744,14.651533069956,14.5753319508889
"TUT1",16.3960777547475,16.2045785945884,16.5303686902173,16.4752959780642,16.5439296746767,16.5710711835958
"CCDC86",18.2011121359871,18.1532993756663,18.225861988899,18.4292916561012,18.3821873020795,18.4614792074765
"REEP4",16.6847630001893,16.6289102627985,16.6352908762972,16.8982291406898,17.0066371633612,16.8330968083723
"TASP1",15.5294822567061,15.3314172331811,15.5724270607077,15.6000211913019,16.0162176331387,15.8288698462988
"DHX33",15.5448573915169,15.4231654264159,15.4470829678473,15.8605035533935,15.8033164260095,15.6807968373507
"NOL6",17.5188659608527,17.408438549204,17.4580162791294,17.4911505977067,17.3335100391355,17.4088360614888
"YTHDC2",16.7042834147513,16.6800042457897,16.7606587511601,17.395519743249,17.4653387338538,17.4610937018171
"RPAP3",16.7448234596843,17.0526423402144,16.7043165160686,16.4882705615539,16.5765937316711,16.6825133582734
"RANBP3",14.5874136914805,15.4251886885681,15.0671476710813,14.6927003283616,14.5882607944583,14.8458187852627
"RPF2",16.5390898045443,16.1466611481292,16.289823030572,16.286767555824,16.1503072694917,15.9360601702558
"SMYD3",15.3396853108477,15.4209418241873,15.2596303648562,15.1847131235536,15.3062606018234,15.3599777768459
"WDR26",15.3177958493944,15.1479128994617,15.4075836511895,15.4419326334077,15.2622756849053,15.0183608122936
"TDRD3",15.4212850125208,15.8606153110047,15.3240118401844,15.5788259686635,15.417607134357,15.4694284621719
"C8orf33",18.2607653866319,18.3334354394175,18.1995735280363,17.7419753451778,17.833494285564,17.6832027129686
"METTL17",17.423743357192,17.4411137855258,17.6738527169743,17.8280133528933,18.092905659357,18.2732644508548
"SCAF1",15.4555568618144,15.5912084467784,15.5198948189986,15.2608242179905,15.2677103981487,15.2429470565986
"NRDE2",18.444385664157,18.4454109763397,18.5984929493806,18.6483575820097,18.7639117743873,18.6718833040768
"KAT8",15.2393378450717,15.192779526338,15.3412868336861,15.4521963485925,15.0954828203748,15.3722728596958
"PHAX",14.4898584946831,14.5893916768087,14.5229326611885,14.6937807373095,14.8363235065258,14.7671420479094
"METTL8",16.4561335336548,16.4747751364134,16.3686030380869,16.7517563106524,16.5788756362498,16.6731401862069
"YY1AP1",14.8971605236854,15.1309248386414,14.7127609465409,15.3513609645774,15.5253295096337,15.2480298391299
"KAT14",11.1530260641307,13.960670797849,12.6633379112947,14.2330921248982,12.0272359689534,14.2434487635069
"CAAP1",18.4113766311113,18.551526381434,18.4174310246202,17.9538801862887,18.1246667338377,18.2275872719719
"NOL11",14.8956082727661,15.2621644158401,15.1153826566721,14.3527666616691,14.5827384522641,14.2576483794377
"DDX31",17.0326523201727,17.1577377176149,17.1639580002649,16.851781244071,17.0521479252715,17.0239841952183
"BRD9",18.8839027321568,18.9502113739724,18.9645132516078,18.5487255219182,18.6856983015934,18.6851347016805
"ECT2",15.7908256334205,15.6519413254986,15.9207083907065,15.945928433209,16.4837748482717,15.9071918300653
"FAM204A",13.9649762393591,14.5316826853109,13.6930263497597,14.3739960741842,10.71090690956,11.4908172886351
"PLEKHF2",15.7762352292199,15.2164787378784,15.216167376096,16.1248396122421,15.8483693805337,15.3184601941228
"ANKZF1",16.4491688009124,16.509580878653,16.2887671449675,16.8448103197305,16.9012520474176,16.8932090246516
"SLC25A22",14.7943963195682,15.0888029355182,13.9303257929762,14.3865527181477,14.780492503877,13.4975963994494
"MED20",17.4937786133038,17.628261546054,17.779684220824,17.3612935717107,17.5833410822469,17.5557000913526
"WDR76",16.0606140348061,16.2147476987735,16.0471194377752,15.9418092047673,16.2245088579037,16.0150388659153
"ACTR8",17.9433040648975,17.9549215885953,17.988174015391,17.8573772965528,17.8938669875873,17.898467415632
"CNOT10",13.9626755365949,14.3062341814557,14.4370894064064,13.7177517042535,14.2198364594937,14.145949256235
"LRRC40",14.9309054697336,15.4852308912297,14.7813208790943,14.9015417815399,14.7054252550461,15.2215321053845
"EHMT1",16.5513227866023,16.5986803430822,16.5244173684391,16.816870158506,16.5700992501696,16.8736517349209
"SFXN1",15.4322626252235,15.9978722969574,14.8579047191614,15.0129417956342,15.3571908045641,15.256507621598
"ACTR5",17.5335975661185,17.6254848312895,17.4869059449951,17.3822414353981,17.4502853807663,17.4943084870188
"AGO3",16.1562656143429,15.9526557165648,16.2811044055157,16.0782525668626,15.9892660939171,16.2253029128968
"VPS37B",15.2656663925053,15.5081089569192,15.1847229625918,15.6122264369089,15.1928807162052,15.4771660746619
"MRPL44",14.9321443782607,15.3065640808892,14.9957006490166,15.0969568186046,14.902924123563,15.154644089287
"USP42",16.6112061028863,16.48775541994,16.4020058684945,15.947978943969,16.2171328107576,16.2714624807657
"ISG20L2",17.365546437579,16.9929140572905,17.1626000150479,17.3814851584107,17.2463968599433,17.467100970707
"KANSL2",14.7451572726385,14.3739064492503,14.373445462181,14.3686182469448,14.4371052759711,14.561445656721
"RPF1",15.335096579457,14.5194123499354,15.0933630908923,15.1802098792284,15.147139324718,15.3860927228593
"POLR1B",18.1809755593949,18.1368970167231,18.2706102884159,18.2926787300478,18.3220480649963,18.4300234526996
"FN3KRP",15.7858101345374,15.6913470561084,15.2672388855297,15.2230376204176,15.5447538735135,15.6273885361133
"MEAF6",15.8344705561811,15.7008904899119,16.2370213193329,16.7831017044532,16.0317332900299,16.5572123060005
"NMNAT1",14.5007067139073,14.6688260523377,14.4968222024884,13.985272803212,14.5348811092485,14.658112153162
"PLEKHA5",15.2755715450035,15.0016848310334,15.0834182441923,15.5058393049436,15.4822138001755,15.4950251011969
"UPF2",19.746067149167,19.5100311700351,19.6239993384368,19.5947518346663,19.5717550502643,19.5517489975369
"GNB4",17.8718484602563,17.8695799275472,17.2224267309759,17.7694018474316,17.9143396968245,17.6146632640033
"CLSPN",14.4362096733412,13.8427186315329,14.2908487771888,14.1613700812503,13.8196931280732,14.1670932676489
"PLEKHA2",16.5316939699759,16.5353381103743,16.43210746712,16.0765849394319,16.5763283003076,16.2706110639869
"SP110",16.9811964377167,16.7606496559462,16.8245040240927,16.816233890827,16.6914195796699,16.6981567433468
"CACYBP",17.8497273132842,18.560070515748,17.689054565008,18.0917995059877,17.9333528871264,17.8871205769237
"RC3H2",14.9370525622322,14.588640625302,14.8895058646952,15.7712962237347,15.7414935310715,15.6129176399812
"PATZ1",16.0254979848946,15.8113109670503,15.8837425133473,16.1423015446994,16.3365884099296,16.3070278632508
"IL21",15.9866224075885,16.7199765578569,16.1827970288761,11.8385855953405,11.2369175913112,16.379948914861
"RHOF",15.557563140737,15.6432474243839,15.3956666709566,15.9343239999119,15.7088542525868,15.5041617812234
"PARVG",13.3737646575884,14.1103116084492,12.5729553989583,13.5249356355087,12.6361482123817,13.0302664086009
"TAF9B",16.6946526594735,16.6452933081538,16.7606428994645,16.8191579722836,16.6774968181089,16.594263654371
"TMEM165",14.8458866395565,14.8703534484844,14.8543738771473,13.1194238569992,14.8573870534651,11.8176652427395
"APOBEC3G",15.9958666771528,16.224488999044,15.7537575278509,16.1057143715314,16.0322344482414,15.8383795352021
"SLC25A19",15.3166007987752,15.4091761070952,15.0950296261646,15.800483063387,15.7345010377149,15.6762903861704
"EML4",14.7838673918722,15.7808587049945,14.2331250135786,14.9395007509468,12.2524153815161,10.9322803989676
"MRM3",16.5726216303844,16.8949096336883,16.7384844495808,17.142817756638,17.0106730980186,17.2187510906421
"GLOD4",12.7975125072122,14.3601893560671,13.4448817447805,12.8361580796319,13.2603759220633,13.2990459311493
"CBX8",15.353762982782,15.4909575836025,15.0780978401023,15.3151477928588,15.4584241405418,15.4289083423948
"CPAP",16.98246979879,17.0081596236619,16.7999481169261,16.618552407464,16.714640889665,16.7467076349902
"NEK6",13.8731158928218,13.9054047753312,13.6575274688908,9.67908656046647,13.7371862786325,12.906603080794
"MCCC2",20.5756218754826,20.6804337003966,20.4842183150006,21.1385216769228,21.1346543054206,21.2220697654606
"NCOA5",18.1813733894721,17.9641816088108,18.414462398511,18.6071182433787,18.2676864805766,18.5209823161456
"MOV10",17.3629186132465,17.4035192983422,17.3440088142512,17.0783169966978,17.0597007173827,17.2210298799373
"CWC22",16.421928718453,16.2165746037671,16.3993123089542,16.4888955790419,16.3430677072744,16.349749620848
"MSL2",16.2633715441582,16.3164661000403,15.9763933302532,16.213665384341,16.3636351530598,16.2903515387557
"TNRC6C",14.087960505084,14.5141065373332,14.7296540385822,14.4135947434835,14.3073288326818,14.4879105468339
"RAVER2",15.6946078557963,15.6704465784305,15.3863157661323,15.3959775460935,15.3849702120422,15.5758474765216
"CHD8",14.7867670511044,14.8551900228269,14.4816093718196,14.8559972379204,14.8184141628248,15.2914560006111
"EPB41L5",16.1665610951125,16.1451289217691,16.0291628409303,16.0054798163252,16.1684968234825,16.0855649898638
"GPN1",15.2095411324923,16.0431841083289,15.5148445243752,15.2744602016455,15.0732505025063,15.872373084994
"SDF2L1",16.5248815665607,16.5983032048138,16.5790026713759,16.4273160363692,16.5526787026424,16.5925520789148
"XAB2",17.5424977060636,17.4483201704322,17.5272776106786,17.2718885477804,17.1770202265361,17.2538497927364
"PREB",15.325924483572,15.490276792478,15.2228262917074,15.5065623487647,15.3475263529542,15.5076356909886
"BRMS1",13.3380484318175,14.0478654378978,14.9679052898589,14.5594551865913,12.8477955692831,12.6281315185508
"S100A14",14.2489087995535,14.6492002062445,14.3226323638986,14.6921686219908,14.3200516533425,14.7624957181024
"MRPL47",15.4583526521517,15.6242769655519,14.9426997327789,15.9603692130695,15.5226382302134,15.4378456832401
"WDR6",15.7409016111577,15.7771299473554,15.9376952824542,15.6559682504489,15.956339558473,15.5259786135022
"SINHCAF",15.5664102665861,15.9087626533047,14.6863883594114,15.2090940771855,16.3656648595378,15.6623954525004
"ZCCHC17",17.7225325979404,17.4496738873367,17.4123709564471,17.6266158778025,17.5411140135174,17.5785380988007
"HMG20A",14.0619387582107,14.296789621465,14.3972481915163,15.063838902975,14.7343226483592,15.1152199109702
"RAB18",14.6334669144545,15.5081150865291,14.7958057503508,15.4234366849928,14.7866671615725,15.1724957193797
"VTA1",16.9990875156358,18.1030939332396,17.0266984952655,11.7871857602368,17.4557602560334,12.0990532577603
"SARS2",17.8554126627977,17.772824291278,17.9122735643788,18.2073907834131,18.23180932174,18.3607285403812
"DYNLRB1",15.854812562463,16.0355618402763,16.1342224641764,15.7664297820232,16.3651131432586,16.2088691325394
"ENY2",15.243852096084,15.4433677174391,15.0542247296907,15.2587728544251,15.5649083966445,15.2585645617514
"MYNN",15.6690274577667,15.1028327959005,13.9687204253223,12.2877974334431,15.3432945867811,10.9529025837815
"EXOSC4",17.7652882357219,17.6513783605815,17.9466591922304,17.3064387664413,17.4409864953334,17.4632246055043
"NOP10",18.8717607034975,19.040199003842,19.0976065275928,18.83152497772,19.0606904966648,19.0015751887742
"OSGEP",15.0241635612341,15.4272470989087,14.4002267012266,15.1304085963955,15.477443338082,15.1396567449039
"DMAP1",16.9528170376382,16.8435704163235,16.725294888316,16.8066995173423,16.6327855743602,16.8058232710861
"UBN1",18.7406675207268,18.6160712524921,18.7565908519326,18.1190021905491,18.11742953409,18.0999392910955
"TMEM138",15.086595786899,15.4398136225293,14.5697786664985,14.3890570102844,15.2417601312372,15.1095950954997
"BRD7",18.927640365332,18.6834620099229,18.7574160543193,18.5349956237876,18.4053127630279,18.5502559601649
"DCP1A",14.3786832527883,14.5690781706715,13.9854448388821,12.7080257798656,13.6430822242802,12.7917396357091
"MED4",19.0367328705003,18.848429045695,19.1837567606869,19.0173170817398,18.8133398619177,18.8328424945154
"TIMMDC1",15.6026266124844,15.8489657500322,15.4913290849694,15.9405993775563,15.8199626017824,15.6481849595132
"LUC7L",20.2867466905612,19.9944599278232,20.2107436289098,20.6798429268679,20.5660164922816,20.619780445249
"MRPL40",16.4828610423403,16.6424385810209,16.997698165013,17.018045071194,17.4006286501854,17.2627645283484
"PPAN",18.2450580969786,18.3701113954048,18.3038701826532,18.2783128741564,18.3224710286206,18.3886152843189
"TCF7L2",15.9855666257771,15.6839954132803,14.9801037330071,10.1966503969015,12.8329419215533,15.0712621931698
"RTN4",15.536097838014,16.8434955338114,14.1514407519394,14.3837285891545,14.9376383697262,14.546619649011
"RPRD1B",15.0238738799976,16.4110501417696,14.9698199842789,15.6517155773771,15.6701915025546,15.421705066242
"INCENP",14.3903282539413,14.5386367941142,14.1954960923666,15.3516114908787,14.9460987349096,14.8739515331632
"EXOSC5",16.0963396096446,15.8018546668401,15.9063911544691,15.4226966612148,15.6677733741031,15.3942543408968
"EXOSC3",18.4748802115514,18.2110591681289,18.6024468570108,18.0634641806812,18.2400524697192,18.1811372092976
"KIF13B",15.6982536184365,15.8349490462296,18.655673089191,15.9285740297172,15.1405216557144,17.1438404613403
"PRDM10",17.7696495285477,17.6070338400923,17.977980336736,17.8553133143969,17.6900455246632,17.7649702414826
"ANLN",15.4752384010946,15.6116975598785,15.3800240235624,15.3157634121923,15.0743830487755,15.0765513292255
"GPHN",16.067741052113,16.5615598868831,16.2930460700689,16.010232700794,16.0388421469355,16.2109062571981
"UTP3",17.9665816041506,17.8245569280089,17.9691547293572,17.9881600879794,17.706769033703,17.8393027140526
"ZC4H2",14.2591012774991,14.0346567834077,14.0405632830897,12.296848715155,14.2745244829786,14.1501031456611
"DIABLO",13.1587717140903,14.7791015331561,13.3613956352679,13.3777104379367,13.2582185675304,13.3739945114014
"DDX21",20.1030867085291,19.9433527183201,20.1530279660674,20.3812472035378,20.3864479470437,20.4056650233342
"NANS",13.333976278589,14.3585091768925,14.2004445593347,12.0814030152504,13.5900978821484,11.2790336004746
"EIF2B3",17.1783463283132,17.1585480560198,17.0131702034928,16.8628815229105,17.2319729198502,16.9490521734275
"MBNL1",17.6749142902926,17.9345576202635,17.9003559831385,18.1790891793148,18.3101593832645,18.2958524113388
"POLE3",16.7764557285982,17.3938957647236,16.8158838389622,17.2493526533847,17.2719849948763,16.9905890807014
"AAAS",14.0090812764202,11.0161614404904,11.8566315594326,14.906826724883,14.4148049269691,14.2784561373487
"ABCB10",15.4870841414224,15.7791947389783,15.6058577939419,15.6155685751485,14.7810318935102,15.0117575091585
"BAZ1A",16.9684839925488,16.7666571936406,17.0372570517477,17.1805845150343,17.2197132483069,17.1214404320157
"LATS2",14.3240254513788,14.2337248195145,14.4193891735872,14.5824138729959,13.6645600601359,14.6938608140537
"AASDHPPT",15.5673378911997,15.8874613222703,15.414910804416,15.4963469979167,15.6827632754124,15.5124224312516
"DROSHA",17.0982571779854,17.0716770832199,17.4332224887167,17.5586925981128,17.5680653663546,17.4815519989685
"APOBEC3C",16.8789937319764,16.6384540154458,16.4851977084316,17.1265983113262,16.887953880797,16.958020102258
"PNO1",15.272392280563,15.1554005270546,15.2840298934308,15.9511919477863,15.5868196201074,15.5532997785285
"PHPT1",13.7070405952393,14.8689856684589,14.0517416946746,15.1829539565269,15.5320621325655,14.8567809547044
"HELLS",15.9960303021473,16.1529635210577,15.9224551136807,16.3091245900949,16.0451252718282,16.292910950849
"TOMM22",18.8602483018499,19.5313216008337,18.9086247084299,18.9913905289871,18.9283422723477,18.9534342903873
"LANCL2",16.7143794759862,16.6392821969106,16.6320729897772,16.6314429598729,16.6369644113301,16.4224164919353
"KIF15",16.9132444359853,16.9895707898846,16.86130746247,16.9285648697792,16.7230597406615,16.7322294449505
"RAD18",14.3833366202582,14.7100107845139,14.5926864147622,14.7696373004519,9.56097738636867,12.7805577372868
"ZNF275",14.6890204152722,15.384399017029,14.4263964627629,14.9872136483807,14.6758368768384,13.7009795440178
"FARSB",16.4001447132386,16.9508778294339,16.5173933515814,16.7284171992658,16.8080233571086,16.8897376124141
"IARS2",14.0604194055239,14.7896691459801,13.8062638337341,13.0996631107082,13.9960691526307,12.1067156105284
"SLX9",13.495752366091,13.3219102019766,14.0964182680286,12.9002181284941,13.738918109707,14.2818529652827
"SAMSN1",14.323402299865,15.6457139564127,15.1102806103004,9.81483124605223,11.5816945467611,15.1077437250058
"BMP2K",21.1176218602143,20.9807143148468,21.1748654747005,20.7543483084212,20.7987799660412,20.7247834472857
"PDS5B",17.598494185183,17.4799429274382,17.6063878613862,17.7989660986804,17.9552734187914,18.0460854934984
"SMC4",16.6566291105037,16.618609328621,16.4962586677602,16.6311681013702,16.5482873597879,16.4807083278483
"SACM1L",15.0446993448083,15.4844833855564,14.3867603012635,14.7453545765955,15.295137078996,15.0286694624802
"OLA1",16.9508963236147,17.8363931936238,16.6097376222499,17.0759584291955,16.9423274440984,16.8183905693041
"ECHDC1",13.9022742956751,14.5508256505565,14.0388735615113,13.9900124625978,14.5151170748046,14.2952790580148
"RBM12",15.1108281598225,15.7395385583931,15.1013924118558,15.3289583761556,15.4874095346015,15.2753241566142
"TBC1D22B",14.8707621381132,16.3005978033601,18.490535581717,20.8979700938398,18.1541967445406,20.8917430675267
"MDN1",14.1322455487134,14.4976015136322,13.8314880642373,14.2709011303751,14.3517224539162,14.0341749548739
"ZCCHC3",16.2208705611283,16.1717928301507,16.2143640904709,16.0784929651458,15.9797118837268,15.884244941933
"PDRG1",15.1763828904347,15.2639229018337,15.4650344787614,15.1889066409328,15.1686710605524,16.6134367459477
"STAU2",19.2808948913615,19.2689159023314,19.4003134799773,19.3562153962276,19.4478855409466,19.4465039343272
"SHFL",13.91979433575,15.2148234977219,14.4527936014073,14.6337012680742,13.5203467378485,14.0444766860123
"DDX28",20.547633556813,20.4164456249457,20.5421414570572,21.0964647506465,21.0543453042017,21.0875321182454
"AGPAT5",14.9339173489957,15.1106297088555,14.783822231813,15.1883212516478,15.2764352347564,14.9947834408687
"TXLNG",16.0993745236864,15.1870179627651,15.7179658004669,16.0126323947581,15.2678280053953,16.1953086651304
"ABCF3",15.4268215160089,15.7227352345437,15.1690950879008,15.2154996317285,15.4143815046407,14.8325548096429
"CYRIB",15.7226956165904,16.2693670595824,15.2411229052617,15.8463843034674,15.8438393675552,15.7463964885338
"DDX19A",15.6648453485677,16.6082887574907,15.3201119601709,15.9482313108609,15.6898232458414,15.4787933145615
"TDP1",16.6518075229996,16.8095527381553,16.6482886197632,16.6486241301251,16.6903909038423,16.6327758633428
"DCAF13",17.1644202649108,17.6578052909633,17.5063432264853,17.161235533592,17.8647906883063,17.8375653559023
"IMP3",18.9235679764548,18.562396982956,19.0239987553313,19.1851106215201,18.8508088096191,18.7950376711773
"MRGBP",15.0251425909657,14.6963261557174,14.5226386592781,14.701015348286,14.9161276473801,14.6571669698161
"EXOC1",15.7860355076918,15.8118886674255,15.8209790353041,15.700512951046,15.5109782943466,15.6053326830335
"SEPTIN11",15.4941824447333,16.605269476284,15.130800389563,15.7739342732409,15.6834769919283,15.4343177515888
"MED17",19.2241477381689,19.1688540005387,19.2540450149344,18.9414351043057,19.0080283346638,19.0525925932646
"USP40",15.4491704455918,15.3197186860566,15.3407866573906,15.5214401211442,15.5581840914,15.4737212848859
"PANK4",14.069693200604,14.2874656576021,13.5003732262515,13.7037096009551,15.1333009017331,14.9360120688363
"FBXO28",18.6859023123012,18.3890325846378,18.3485039257893,18.4373528169554,18.3121947428734,18.1049529139987
"EXD2",16.3779134695556,16.2951037081312,16.3159023324657,16.2921296345922,16.2953930042796,16.3067267598293
"DNAJC11",15.8094653168375,15.9087971022871,15.8625584216951,15.9074117877476,16.2214762000022,16.0909390026046
"ATAD3A",17.9684877050385,17.935607937532,17.9325151283446,17.9701037555154,18.0744231070792,17.9617429720313
"FGFR1OP2",14.1804379553382,14.2054646812503,14.0381642740705,12.5479060409686,13.9343371782031,14.3531186992885
"INTS13",15.7736044008619,15.1407272993672,15.1847463590904,14.4433075568075,15.1627457431806,14.8831581305814
"GNL3L",18.2814639908872,18.2322040156722,18.2008773459675,18.3262360930533,18.4362441161124,18.3163529575267
"DDX18",20.6903446068207,20.5666431204662,20.5251934028544,20.6444227132072,20.5503968706196,20.5742686626541
"ASF1B",18.9480935859436,19.003754129251,19.2531936664371,19.0204887128249,19.1367956571454,19.2600236338175
"POLR3E",15.1096293320501,15.2759410390076,15.3032464511795,15.7189087519021,15.4993337727217,15.4785698070358
"SDAD1",18.4056530583656,18.4320729988724,18.3974139296937,18.7796781940482,18.7987192241571,18.7370187014313
"MTPAP",17.8156702976274,17.6398809821324,17.7068504967418,17.9550466153813,17.8420679255059,18.1063790648507
"NLE1",12.3770880317012,12.5965177735382,11.2699928544862,11.0559318737582,12.6484657576102,12.8347233870608
"NECAP2",16.6570983157133,16.9144619835198,16.8542972927147,16.2947628864049,16.3759913855593,16.2777275308066
"POLR3B",16.0260010972069,16.1413991012708,15.913832242297,16.098441526141,16.4218496800091,16.507984439711
"RBM28",16.314719446354,16.3013548979762,16.3714986265496,16.1926786760818,15.8838405793922,15.9325016104446
"RBM22",17.2064866200643,17.2446706205016,17.2229544808629,16.8072769282742,16.787063106119,16.9985732421104
"GPATCH2",14.3112360162391,14.8082663819203,14.2133862438166,14.6207220232764,14.8411608673951,14.937362600822
"WDR70",17.1142399190105,17.1771903027269,17.0735736160546,17.2055198932599,16.9815190084266,16.8914610776885
"MED9",14.4949784907745,14.7772189904685,15.5214565924221,14.8604963272834,15.0576340074501,15.270823573003
"ARGLU1",21.198153163547,20.8545375776048,20.9834968280579,21.3148578588318,21.1639069858958,21.1159293603894
"SLTM",16.3006555330847,16.1046977634675,16.2944434163,16.4528674887456,16.2028395974323,16.4691627576153
"ZNHIT6",15.8127122993295,14.3360727376714,15.902636127094,14.8998827309788,13.8070414117784,15.355477051419
"GPATCH2L",13.9280364094497,14.0461288185087,13.7753643926397,14.1750954013458,14.3539915970344,14.1109152869531
"PAG1",20.7806827310618,20.9618191076467,20.9045124693046,20.5506194168395,20.5098903772829,20.3953103914367
"PIH1D1",17.4211766097354,17.5554747513365,17.3201860177396,16.847704949842,17.1262433747062,17.153607050032
"PAK1IP1",18.9176753869984,18.8110751672177,18.881641261227,18.8847526798418,18.818028004468,18.6262766355521
"AURKAIP1",20.022305766704,19.6158109035107,19.7847534455343,19.7222855669035,19.7999799637774,19.6345193201035
"GID8",15.9791364398562,16.0500416330943,15.9888072210109,15.7457454014496,15.850504956489,15.9567817901313
"BABAM1",14.7195932096531,15.1070036965953,14.3607067162891,14.6598285862787,14.6985377749747,14.1965464184864
"CLN6",14.5221909528069,14.7708744598251,14.298183670525,14.3016944254532,15.1396587831359,14.5573551603216
"IRAK4",13.9263984847631,15.4827069153872,14.1029550484954,10.0590173913097,14.2635800975866,12.9406188805839
"GEMIN8",17.0518337595671,16.8403953084279,16.9111438979665,17.014781556259,17.0022681669428,17.1054982124691
"TMEM160",16.1031323414479,15.6700116497205,16.1937984965067,16.0102540342327,15.9350568249959,16.040632842635
"MRPL16",16.7430411781862,17.0643421709936,16.3571949291475,16.9589524143603,17.1021315497308,16.9190718764289
"NHP2",19.9639360571519,20.2840593179692,20.2213161751549,19.5076716287292,19.9346832294128,19.8535257302269
"OCIAD1",14.1109124330827,14.8652655368588,14.2245458994106,14.1111689327116,14.3332054663173,14.3513130628593
"HYPK",16.0733771706368,16.5648993339176,16.1048102366974,15.8671421290207,16.133512915235,16.3066253101267
"LYAR",18.8877051775471,18.5761759283195,18.7184718371656,18.8018597051449,18.5646408585417,18.5815126357415
"CHCHD3",15.7280493747858,15.8860105942416,15.4902730313476,15.6238914896474,15.5964412797009,15.6075470485267
"MED29",15.3189680638571,13.7318802999321,14.9411800093627,15.4300547102482,14.7676655044586,15.9476903532034
"DUS2",15.7972573069286,15.5184690577124,15.8927886600401,16.3989976440253,16.2005524837194,16.4251721299562
"CMTM6",14.13784401672,14.1699723547504,14.1684941987974,15.0564450889198,14.2258929157914,14.6306536313243
"SMPD4",15.9160953095556,16.1362397797346,15.7009736397491,11.6347659051514,15.9763080267916,12.7036642806862
"CWC25",18.5213604306303,18.3914554831279,18.5446493142992,18.6236856260669,18.5372279953146,18.5095216925717
"TEX10",16.2765935321045,16.0357675827556,16.0810545853546,16.4146320585677,16.4396419658096,16.2060825839618
"THUMPD1",15.4496232738162,15.5642557943026,15.2783145985541,15.5378755217526,15.3083651275512,15.287983580725
"TOR4A",16.5079743775578,16.6134569767927,16.4393699061489,16.565489780312,16.73128800214,16.5635503171956
"TRMT1",17.3858209549111,17.2068715654894,17.5265362230057,17.8905778490605,17.8252759603744,18.0516943325912
"BABAM2",15.2191163246995,15.6116014372142,15.3199844664509,14.9232545873618,15.6096319048028,15.1395010714262
"QPCTL",15.9787978992896,15.6271732796423,15.9877602528992,16.7609730205432,16.57146558072,16.6478580578887
"CDKN2AIP",17.7777791475264,17.7186889232458,17.7082366861725,17.906667387972,17.8842861471501,17.9625417367532
"DNAJB12",14.5472427958956,14.8658634921696,14.6755405776289,14.9966895149053,15.0333176004172,15.1154804415883
"NSMCE4A",15.9002510128824,15.559677919396,15.9165399960794,15.9012895285054,15.9408231997264,15.865425669937
"GAR1",17.4985847370143,17.6055520763665,17.4738555470038,17.4873568516409,17.7552165298753,17.5593036662125
"STAB1",15.9148396403058,16.5289996274077,15.4661650653432,15.7142562519643,16.2769878368849,15.8025523613674
"PPP4R2",14.0632400169464,14.8938879805818,14.1166683686798,11.5946864667791,14.3793508830357,12.7203530473265
"DPP3",15.8224587010671,17.2528319018712,14.665772812616,15.867161366326,15.8320455254826,15.6288834997469
"AATF",17.9096587392703,17.8070248663057,17.9429541125897,17.7323282329885,17.6724957152861,17.7341632939544
"DDX56",17.5536953589337,17.5689165425338,17.5183444939728,17.6660136175572,17.5930792200806,17.4698707175453
"TERF2IP",16.5394717610292,16.6051712311755,16.4654021122558,16.6634976478467,16.7223454106021,16.7675289165979
"BCLAF1",20.3867093764543,20.1021902562874,20.397002411509,20.0490367519703,19.9222607808757,19.9501051837873
"UTP6",15.0928466460087,15.2045082924209,15.0943244351952,14.4707142195185,14.6205023257054,14.8223738011976
"TAB2",14.3689043209236,14.3583959185279,14.4770148492389,14.434953553085,14.2693406123893,14.5655338699756
"MRPL39",11.3448073459327,15.7648526759681,10.0112712095815,15.2793486843391,15.4798554971489,15.2517701220706
"FKBP11",16.8490459708251,16.8256568302396,16.4017881706125,17.2014627178128,17.0795279090304,17.0014194104235
"TMOD3",21.9638518366235,22.0740651680826,21.950952201875,21.6636350608171,21.7882280476979,21.5762176771872
"ELOVL5",15.1883822238779,15.4623342593921,14.406753486732,15.1052683097213,15.096585207268,15.1654325647519
"UGGT1",17.5566777297174,18.0329303465151,17.1807277581361,17.1435814154798,17.2902530714096,17.2087716103655
"CDK12",18.5013871275558,18.1044024948712,18.3399207931137,18.46997085001,18.3726818725889,18.3685503685047
"C9orf78",16.2884836545213,16.555975409226,16.3429969845152,16.4931647950467,16.7686562876256,16.5566947913347
"FAM120A",17.5171626398523,17.5615477304077,17.589902730218,17.5163373896629,17.52190625927,17.5584095019635
"SMARCAL1",16.9491140764652,17.0732454598216,16.9626094006977,16.6222449020208,16.8619399816696,17.0032101075541
"GLTP",14.1565783250012,15.2543438429483,13.5081557131949,12.965183006391,13.6645347280622,12.3449473595756
"SACS",14.4787490202317,13.5586470733042,14.2438686785903,14.2841947715832,14.4154084078838,14.0888299689617
"MTCH1",13.7638964056523,12.2288332075417,13.000791046374,11.1756593524121,12.373095042848,13.7528259315142
"ITSN2",16.3891350418228,16.402166696572,16.4675861280778,15.7634757923251,15.9183050490712,15.8621231314853
"BICRA",18.1523734827665,18.092345977829,18.0838091108315,17.7036253515743,17.8206197628826,17.7510935388167
"NOP53",18.5225500393842,18.3658526386224,18.4414962371436,18.6528715752468,18.4622702028006,18.4295110706039
"CNOT2",16.8084078027625,16.9971556593331,16.3279838794821,16.7490524700889,16.6486436488369,16.5731168179408
"TMOD2",15.4717711897891,15.6231733397082,15.4613539094501,15.2419797990878,15.2042155846183,14.9534538658704
"CALML5",17.9738728388422,17.6523389469105,18.183801578773,18.1502545253915,17.8274888421576,18.4054187243941
"OGFR",14.8095538183281,15.0460578603319,14.3736365215776,14.8505727616536,14.9145791914866,15.0357391499473
"PALS2",14.1501793538912,14.9103454484554,13.6651097010364,14.7054180730298,14.4374068295639,13.7532998104145
"CWC15",18.1201024259155,18.4464131856567,18.2153435406834,17.9128115825623,18.0740938893334,17.9569043876925
"MRPL15",17.4013249576394,17.6272633395378,17.2871166940412,17.5656980192376,17.4792339722327,17.3960042300461
"THYN1",16.2376005008388,16.3776086064144,16.237621076236,16.5413306409592,16.3712512749951,16.3725874220446
"CCDC59",17.8304872302264,17.6987888920513,17.708665228069,17.6536449960466,17.6213623753782,17.7029296634952
"NDUFAF4",16.4355386480731,16.5318779107555,16.9177277673733,17.2558180654852,17.3464245661501,17.5063814280616
"HACD3",17.9292995618509,18.106931234576,17.9615308617989,18.3120744381758,18.3101600934752,18.2750122325543
"MED11",15.9419837517904,16.0695932577627,16.1965039636761,15.9130972044056,15.879451436859,15.8019954296976
"CCDC167",16.3652261148004,16.5211726896179,16.1809623547588,17.4047497491134,14.8065822757622,17.3872020905087
"NDUFA13",18.0494801728529,17.9664817943249,17.8950441729855,18.4907012670717,17.9751196986938,18.0961912383749
"KCMF1",14.4307505226865,13.8782824957555,12.8913893759647,14.5097926297374,14.4216170090774,14.3782611185654
"RAI14",16.4233022440338,16.2992457669824,16.4578420047563,16.2125098742991,16.2048450621909,16.095737586869
"VAPA",16.1592302023473,16.0959217422966,16.028201129832,15.8963223273387,15.9242059191316,15.7637168950009
"AKAP7",15.5427414027191,15.2186266516263,14.5294112757852,15.8875944518466,16.8027545143421,19.0761671047569
"ZNF581",12.4620965771349,12.3107543359575,13.8902888854793,14.1435622641662,14.4256333719529,14.0536766283582
"TOMM7",14.1503777393572,13.648053842507,14.2226580214373,14.1564997191746,14.7329259981277,14.0888299689617
"CXXC1",16.2650607080725,16.1245672373408,16.1792822443295,16.4195396321641,16.1463407507406,16.2685796461378
"ABRACL",16.0050812873249,17.0194055801697,15.0374613300101,16.1352876369429,15.6070706515163,15.893515558363
"PHRF1",16.3937686795516,16.4340114453168,16.3842520494878,16.1419859631872,16.2246839959342,16.3004968154695
"CEP72",12.3599739072094,13.094478067079,13.4821871384401,12.4837513117559,11.6241355559235,13.1660960629451
"CCDC88C",13.8904000252389,15.1592846891569,14.9647046547374,14.2343707101626,13.7678805947469,14.1449223516479
"ZFAT",16.6713132227608,16.7121197609928,16.2862362886608,16.0362326502051,16.3119032105359,16.4693437155248
"STIM2",14.8796975828759,15.3385907131531,14.4272713935594,13.9505115183657,15.0166115747834,14.7609806068536
"RCC2",19.7437982497198,19.6587268182784,19.7035224154831,19.8886155224549,19.7623548665818,19.8359620274839
"DIP2B",15.9428741262938,16.0700989264339,16.2604683453418,15.834403891204,16.0149533553081,15.9861072159072
"SLAIN2",13.9320412458271,14.4660057018183,14.8064109643548,14.3227843000607,14.3734007352665,14.5704081401349
"USP36",15.8075715213856,15.5583503048277,15.7023036563862,15.9271882056867,15.920103451589,15.7143046358219
"BAHCC1",17.1918002719989,16.9326371528017,17.3078529951409,17.6422993809587,17.649391409803,17.650215372055
"BCCIP",16.0967783533579,16.5190342621409,15.679011037411,15.7210470257489,15.9484943105553,15.5843872687356
"IBTK",15.5598493667745,15.4902475180872,15.5646142530783,15.9379868445203,15.9374711583605,15.7951243979972
"CHD7",18.4051310731146,18.2867412091502,18.4692180173807,18.3181399257712,18.4575638818222,18.5523086338632
"CHPF2",15.0880405743147,14.793840420091,14.3634035444362,15.1328650964854,14.8899765929634,13.7688669410237
"PCDH10",16.9909272252244,17.3160209921505,16.934558610783,16.664879450536,16.932854072502,16.7865422516446
"RRBP1",22.253113722129,21.9110005786762,22.0096735090372,22.6089462358592,22.628336398839,22.5281834217077
"CPSF2",17.5256596642572,17.4806621833638,17.7115803377496,17.495065212446,17.4479369416812,17.4748277422593
"LARS1",16.1474572592111,16.3730450117675,16.0762826281828,16.6859359064683,16.9933668823061,16.95735703515
"RCOR3",14.139298890653,14.5994999952568,14.5836893665811,14.804876684842,14.344598980759,14.5709348915491
"MYEF2",16.141074019515,16.2450304666593,16.288039834159,16.1762803029544,16.3618223906719,16.4214288629675
"EIF2AK4",15.6702768556313,15.8938590973648,15.3104327885456,15.3364643690106,15.6061121499632,15.1634239621164
"RBM27",16.469128726088,16.1929169225037,16.1841276187231,16.8252911175869,16.7944891009636,16.5764552646722
"KANSL3",14.5154729211681,14.1971821306875,14.6842568830739,14.3876038643787,14.1587721873622,14.3274348940291
"FRMD4A",14.9793214018729,14.5804279988319,14.9038204301209,14.8771208618562,14.5442780478736,15.0336538676149
"SUCLA2",14.7457549324406,15.6426852156259,14.0184071079331,14.9780681005684,14.8995208691008,15.0360619711177
"WRAP73",16.614002066794,15.4499420771233,15.0671476710813,17.2154787763258,16.4173249528382,16.333678616796
"ATXN10",14.1209430927404,15.3658837377347,13.4339140654019,14.0821032909587,14.6893228055302,14.5557434328803
"MBD2",15.7669473392096,15.9951322554059,15.0401749721987,16.1614377932476,15.7481834133265,16.1540901514267
"NCDN",9.492684668285,13.8821445533757,12.3968854481356,13.5883561422205,13.3243830948859,14.0060691829955
"TFIP11",17.9168584965234,17.8424137570518,17.8981803588598,17.5941926405186,17.6992757019108,17.7404220604229
"NFKBIL1",15.6287592443529,15.578246485408,15.4799229605254,15.8998934433879,16.0582114175907,15.9112584846226
"EPS15L1",17.9098687137156,18.1739465430339,18.182640704829,17.0440840252887,17.1761685705386,17.0536216476036
"DNMT3B",15.4875483383168,15.5766061310525,15.4881290650454,16.3661071943103,15.6639684734636,15.5163550120364
"SAE1",14.3595667414911,15.460410011427,13.1742266297555,14.3499867824208,14.7136616125418,14.402882825195
"COPG2",14.2529517996872,14.6324223889312,14.1947767036522,13.847818730699,14.9117243461951,13.6033886191408
"UXT",15.23079739432,15.6922484340371,15.4518010792211,15.4902740970022,15.8550410659365,15.5409710397415
"ASH2L",16.6659136512698,16.5685635152971,16.6032691908765,16.4800717981369,16.4463255413352,16.595841825945
"DHCR7",15.4593560493575,16.1605933312032,15.100851737781,15.6625649089459,15.7820413744397,15.4270894029276
"METTL1",16.4025960833347,16.2385601744751,16.2707395293013,16.3182019899389,16.4039400470813,16.6212706440395
"GULP1",17.1522450266068,17.100208345857,16.9045794706422,16.7020140971,17.0023689380417,16.7948746319573
"EIF3K",16.9825963601144,17.4248669912193,17.2121098022386,16.2449903437073,16.5992048288002,16.9899197584559
"GRHPR",13.8511691730548,15.7291006147434,13.956204522964,14.2813740531277,14.8187670458869,14.5804605636451
"RPS6KB2",16.6938068130935,16.8222994536897,16.4215546854172,17.1031568533024,16.8540015540428,16.958100159742
"DNAJB11",16.761057714759,16.9370322570246,16.9953919448601,17.1528695707173,16.9665681989434,16.9935177002618
"UBA2",17.5536975335537,18.3658980357558,17.6441929436815,17.4624101681234,17.6083538825581,17.9379608761449
"MORF4L1",16.3846399252742,16.0386281839084,16.1443471600389,16.1600230545411,16.2909465201409,16.4065410879014
"NXF1",16.289640874989,16.3603467854502,16.4552713456166,16.9405395167877,16.959305017928,17.0811059878216
"ZMYM2",14.91102232479,15.5875905174802,15.1798802513722,15.3343125719508,15.0306962725997,14.9472710131297
"SLC25A10",14.8434063419994,14.8650715456377,14.7372597034991,14.4123644227851,14.8743095852435,14.3918708051908
"CLIP2",16.0175805181415,15.8766049540335,15.9905958388292,15.8108336316008,15.6690727306562,15.7432976342286
"TJP2",16.6600815721951,16.5856218828414,16.8071372837099,16.821181538381,16.8139780455469,16.896742148505
"DAXX",21.109934053578,21.1140005862618,21.0456123677264,20.8887041622999,20.9609543103624,21.0440150323031
"FTSJ1",14.8731254116674,14.0005951298264,14.7622736456329,14.4219289813595,14.088794697048,14.1923912257278
"VTI1B",15.6250167198958,15.5145989815538,15.263439292484,15.5304538896509,15.2261927009917,15.3163858404844
"LRWD1",13.9734040536632,13.8435874189212,14.1046720493899,13.9932980694023,14.4835204328007,14.0651771243336
"CGGBP1",16.0104941229549,16.203347620586,16.0472724096762,16.3039004090042,16.1837123288423,16.2405733465314
"ABCF2",18.7360072252364,18.7389238870924,18.6828218053396,18.8189058875503,18.9328486527898,18.9168020034785
"DMBT1",11.0098007339984,12.1641344270873,16.2868667124508,16.933252538537,15.0050911586628,16.8520688404519
"PARP2",16.089861642747,15.9952751588569,16.3046496061032,16.2858585882753,16.3200673474674,16.4281543672099
"LIMD1",15.0814258905903,15.8642286644455,14.8469812246889,13.0990344100646,12.7350060054823,14.5105785041595
"SEC63",15.9456940412463,16.1176746518821,16.0476345347611,15.7549074872754,15.7966027980718,15.6398433313401
"ZC3H7B",16.222323988308,16.3357600188712,16.1531397233222,16.2799351654289,16.4228365119769,16.5394657026238
"HMGXB4",18.3686023731219,18.1032760249882,18.1111700638669,18.1137037137426,17.8312101807933,17.8179073790242
"NOL12",17.9143478729536,17.7681437380676,17.9740018376151,17.8995138830039,17.9766362228043,17.9384694724705
"SRRD",15.3109095260048,14.957526559967,15.1187695641025,15.7648141979006,15.8349822184218,15.7804837891622
"SWAP70",16.6284112210397,17.3931015710756,16.5095371948433,16.4241694059915,16.9314397597608,17.0328170550968
"SUN2",17.4938481019324,17.5479524661025,17.6809804311937,17.5961118468776,17.5449824633469,17.5349481447348
"RSL24D1",18.5352572243358,18.107399873778,18.1065197979838,18.4019484564916,18.1187736696002,18.0423719178868
"LIMA1",16.8170013669357,16.6997267019334,16.8102210347201,17.1003956276419,16.7464479922761,16.7344287425361
"AFF4",17.057384903661,17.1163517798761,16.7331579047436,17.0103975240126,16.8982426646581,17.0827398189526
"SRP68",17.4670197502168,17.5001740180515,17.3334578022671,17.6927734921227,17.7239051410426,17.6346916712916
"CHORDC1",15.0468786978901,15.9483158948945,15.4065728749858,15.0292563795405,15.1171387679568,14.8043384239444
"TBK1",14.2755354269791,14.276964254311,14.0328532275497,14.2759988184405,14.1494212539673,14.2750844029381
"TRPS1",15.5606248070974,15.3747530773943,15.2962742052464,15.7686986688476,15.8093592485745,15.7989618726857
"DDX20",18.1584822792373,18.1057172357029,18.2335621969787,18.2451837502091,18.2770918463342,18.2564219288695
"NUFIP1",17.0077987280618,17.0882952916641,16.8522674899688,16.8120897923331,17.1576189152197,16.92668307405
"DPP7",13.5969532263157,13.8862907335128,14.0233606246881,13.5883561422205,11.5440848531236,12.4319007533969
"CYB5R1",15.0021542757282,15.5911697524835,15.7042201823688,14.9600075902171,14.0812854450722,15.2216525938474
"SAP30BP",18.4514473821017,18.3648206323357,18.4730360681832,18.1013815363376,18.2117948729119,18.2998572997168
"MED13",15.0859130678393,14.9108342964103,15.0426638290892,15.0123161176148,14.8148432849565,15.0005630026064
"PFDN2",16.6655722846029,17.1241319162775,16.7257079307891,16.6916237166476,16.4580699643444,16.4152517324789
"GPN3",14.0416587082005,14.9858841750527,15.2691526187835,14.6477353984138,15.0035864261984,15.0548457219592
"PUF60",23.4095476139413,23.4841480363847,23.4332308850101,23.3319798476762,23.3783465898466,23.3852749837105
"EVL",17.5170101191431,18.0542861816018,17.5668730388719,17.5843133150891,17.5376125302297,17.3748404767185
"EIF2B4",19.1761641380803,19.0477529778639,18.9428569489876,19.2815929875711,19.2786001848262,19.3637998196425
"ATP6V1H",14.5619226844224,15.1579131010095,14.2542013951645,14.34310311074,14.6062986723518,14.545546487228
"TRMT112",16.0809499017934,16.599156786249,16.6482297675,16.6465191941242,16.2859672865696,16.3370669527655
"CPA4",14.7086627496011,15.2343735171007,15.1342605339329,15.0131081202744,15.1634729444824,14.8896240720901
"MRM2",13.634343701868,14.4011196431487,13.3038733390628,12.6031475093908,14.1926629200002,12.7646721345733
"VPS51",15.0412599815136,15.346876058142,14.2991235724561,15.1960309979278,15.204676362397,14.4255263438834
"BAZ2B",17.7983860474046,17.6604410930979,17.8246002466179,17.603711020286,17.6982661004679,17.6657025269038
"BAZ2A",13.8276360568057,14.7492761416091,14.5870702912024,13.5266200289196,13.8115451855831,13.4973648701416
"BAZ1B",18.5082348486178,18.4065693791051,18.3412362156679,18.3523021108272,18.3394779057266,18.4113199798105
"HERC5",15.6430419080728,15.6499646062197,15.6129106731639,15.9242933154959,15.7798753206752,15.7976750763843
"CNOT7",16.2921620855222,16.4633506672356,16.4085723093063,15.7640940671167,16.0865990209793,14.8719713949497
"NAGK",15.2826112353286,15.013569906579,14.9804673607087,15.9693384681838,16.3820639279502,16.1501461152347
"MCM8",16.8850235274924,18.0599763254525,17.639078659325,17.1653047950308,17.4799699178456,18.3283136123457
"TRMT6",16.8963230606127,16.6560569917151,16.9840895802217,17.5720018885368,17.5674233863234,17.6658484370507
"SLC25A13",15.1797983962351,16.0779903348541,15.1019674663363,15.4557257945211,15.8627351739252,15.5120843243323
"TUBE1",15.126240248456,15.9449392076232,16.1385279014139,16.4855222694706,14.6698297818724,14.8677338544207
"LEF1",14.642907869729,14.6373440328712,14.1475529140654,14.4336291229583,13.9668394104902,14.334228584536
"DBNL",16.5088671591736,17.4448668753631,16.4140153401771,17.0154272490323,17.0145459938074,16.6964768803274
"DDX41",19.1691891867059,19.1411442079241,19.2073133249645,19.0421819739604,19.1303639287572,19.197076134095
"CDC23",13.9136099425396,14.0284064137087,13.7789353229709,13.9396455077139,13.4449160064882,13.7240071795303
"ANAPC7",15.5133323302073,16.0791427782331,15.7099235243137,15.2170601632611,15.4789451118446,15.8713450645437
"ANAPC5",15.3483529798493,12.2778978581443,9.1805199172365,15.7767249964799,15.5857407860456,15.8533933365106
"STOML2",16.4494888331048,17.1021987159872,16.188485693033,16.6867309909066,16.6769271472925,16.767922300657
"VPS28",15.7200644714199,15.8311795572652,15.2446900176992,15.7495361007858,15.5798200266306,15.3020037497212
"ING1",13.6091822428576,13.7355528508251,13.4718071590754,13.1295158259531,13.4953049195141,13.8659592057991
"CCNL1",18.5420349091584,18.3284138990356,18.6933917697552,18.6232152868653,18.3814122382011,18.3701439272312
"DBR1",14.5034235878403,15.2339430561359,14.5391437829564,14.8067824502301,14.7057193675878,14.866861867667
"TASOR",16.3965780247201,16.5787645966195,16.3391088450341,16.1341716962522,16.2882863858356,16.3559706133
"MRTO4",18.4601590106534,18.2611738678146,18.2772406258562,19.3862455066739,19.3781496205076,19.3080298874476
"TNIK",16.0309578269057,15.9440561206826,16.0688922433698,16.1489086904242,16.1341746047749,16.2299100671153
"CPSF3",17.5688761029891,17.6662578502513,17.7820345381732,17.3753188042433,17.6411255187358,17.6564980464628
"APPL1",14.845403506248,15.5260585996838,14.0195817519001,15.2585943722642,14.8722249778134,14.9909196822257
"TLK1",15.1567922770569,15.3529524125516,14.359294185875,14.9527309650295,15.2201734879464,14.9150848190557
"GPATCH8",19.5876883484689,19.3813093155728,19.5477275691571,19.3121563120653,19.2744903134023,19.2316702651632
"NUDT5",14.6451462613145,15.9409293643444,14.6134983297142,14.3449221651877,14.6114231207803,14.6372862326674
"RCOR1",16.3732028972027,17.1297607500629,16.7488996075001,16.8358646296593,16.795254605305,16.5283721510022
"RALY",17.8721675635519,17.8572375576923,17.9788933647817,17.8652532953482,17.6825605416434,17.7686386499515
"GTF3C4",18.4921048728583,18.4561530462651,18.4149778407034,18.4900414678702,18.5812366311936,18.6307277069831
"ACIN1",19.0906304849535,18.8259765975562,19.0578310008275,18.5440626174735,18.542683523768,18.5462358268086
"AGO2",19.1297640950456,19.1073245195898,19.2292577252045,19.1232663873962,19.2943471575758,19.2733598042466
"NUP50",15.4546608860868,15.7577831860306,15.538074989087,15.486223348817,15.3510214423683,15.3525347497733
"ZHX1",15.8153940539391,16.0202568480948,15.6549458793449,15.9291993355393,16.2311578851286,15.9421686807554
"CDV3",13.4560915228793,15.6393725075165,15.1554892961861,14.0133328811373,13.9468845315481,13.9597988577251
"CNOT11",15.0889852048106,15.0099890050762,15.4258990543626,15.3958637113252,15.1183407033265,15.0040789730691
"INTS6",15.4128025261244,15.2730205470001,15.1866862893695,15.2499921606467,15.5772829165553,15.3184771412941
"BAG5",15.5271543551245,15.6966186516923,15.4392037881764,15.5180037906391,15.5011782451638,15.6120774352899
"AGO1",15.5003353476851,15.3556241226508,15.5526337981192,15.3858233136432,15.9039427881493,15.6451061716658
"RAB21",15.8379387344472,16.1013613240719,15.4530911863689,15.9794903527279,16.0541811806762,15.8241033780383
"TRAPPC2L",14.303749322473,14.8378640763213,14.1388261455554,14.2166311351313,15.1528758078632,14.1349678709747
"ZNF346",16.1965963637226,16.3129383347983,16.0934456256891,16.4756245155372,16.5388445810821,16.4968914354803
"PSME2",15.1712246181958,15.7668660950171,14.918230429043,15.1789106732639,15.2483599012262,15.1003392813811
"TAOK2",16.4477336681087,16.2257626908342,16.5037716483377,16.4885329274039,16.3979277708329,16.4720010856976
"MKLN1",13.6615381852468,14.3407017596688,15.5329311595197,12.5612342396117,12.899433628554,13.0932141861758
"MCTS1",15.8068042712326,15.8105396788126,15.5964325148264,16.064644594836,16.1184121686971,15.3454402463411
"INO80",18.7071915395554,18.6156169578734,18.7474593893076,18.5482112010376,18.6361383681642,18.6603276120131
"CCPG1",15.6646156669221,15.6201754280384,15.5210206689866,15.8390950601549,15.9426891732092,16.0420998745288
"ZBTB21",14.4321562515399,14.2497974445105,14.6458536715809,14.7439156243347,14.0862147780982,14.6647327619165
"MED23",17.0137281999143,17.0983346009109,17.1963758232565,16.7998187624881,17.1216863868359,17.1472562103127
"PRR12",15.2179062153845,15.6000945038886,15.7481658512283,15.7577225680821,15.3401986329315,15.9362456989763
"PLEKHH1",14.6417710600957,14.9010291680595,14.6497087453572,14.6966949310657,14.4494019719403,14.7766058021033
"YEATS2",13.3980015818203,14.051187014775,13.5939182638131,13.6275684239295,13.7276582192067,13.7043068964987
"TBC1D24",13.4074266704742,14.9650741236067,14.2414264699795,11.4485951133976,11.5469231446528,14.237389987584
"ISY1",17.1985939076216,17.3216703345341,17.2793222018308,16.9053230676897,16.9632840027079,17.1474343034874
"HECTD1",17.1416009679972,17.2711815888387,17.3039707563779,15.9065917173246,17.2581898536429,17.4094652734603
"ZMYND8",15.0202315811069,15.1517715911771,15.275269151402,15.5356874555866,15.7585918586704,15.8251209500994
"CIZ1",15.9999495875646,15.9750333567735,16.1154775560934,16.3535569370935,16.4891492680372,16.2859064382013
"CORO1C",17.784585645669,17.9264879258795,17.8760690324609,17.9633433336192,17.9072851459846,17.6497577435032
"TPX2",17.0255762765969,16.8558958012274,16.9061892716252,17.0250389629827,16.9429819951022,16.8841503622661
"ABT1",18.585699187174,18.4104414137284,18.2225035237473,18.6202838413882,18.6827390769547,18.5026306044245
"NOB1",15.6620684443262,15.4700066734927,15.394797337465,15.7501908195685,15.6283191392947,15.5747546389965
"AKAP8L",16.2467521941821,16.3960421220837,16.3371093002136,16.3447496265771,16.4237961996566,16.495968981807
"TMCO1",16.2208537310483,15.9737562144724,16.1532022798485,16.7860760537588,16.4987660771851,16.3777302612075
"FZR1",14.2509552838683,14.4372841217008,14.2427240382691,14.6983225124762,13.7900661008666,14.0410999818496
"PRPF19",20.1096812158102,20.07027086793,20.0131930259298,19.9457801570046,19.9724387020091,19.9749507895787
"UBQLN1",14.1329259685824,15.7908988978217,13.6945207099686,16.3072583464179,14.7253335028926,14.1743329138478
"NOL7",18.6167286669206,18.5813054165845,18.5235474077469,18.6701926784417,18.5839884291226,18.4620876362968
"VPS4A",15.678993245243,16.3050592322636,16.0171582571867,15.5600768167278,15.7454646684588,15.5941665963694
"SOX13",14.6589886414039,14.406281151554,14.3366172960729,14.230828046764,14.3495129040522,14.650708079347
"G3BP2",19.8449219453135,19.8644752236933,19.9941758515629,20.3655086758281,20.2413645516874,20.2985962550592
"STUB1",15.5702823622638,16.1765880824689,16.2226877531278,15.9390026225215,15.1270056749621,15.5855730337555
"SNX6",14.414051605591,14.9707961478117,12.9948290235027,14.709887132936,14.3429907190926,14.2296069980941
"SSR3",16.2487658140895,15.8941583032498,15.6120248072246,16.7306265568838,16.7018461531486,16.2750862585444
"PSMD13",14.8205153591977,15.1361375426629,14.5475342366776,15.6886824532673,14.2737985854035,13.6765024599117
"FAF1",15.5017208318303,15.8510122093336,14.9244056678429,15.2660663308319,15.52738995057,14.9922493874538
"PPIE",15.9039765994899,15.9901999807415,15.9870323538612,15.8978869007571,15.4044154112286,16.2308416656948
"DIMT1",18.8316522626138,18.8360753262713,18.9109872615806,19.0476890852874,19.1375188832824,19.1053738526255
"COPS3",15.6344049514927,15.7206979688313,15.1954192326501,15.0477594681264,15.0903754559037,14.9618294009753
"RPL26L1",20.6345747994402,19.9812438577914,20.8167796177314,20.6394573893856,20.5137265359178,20.5826401968318
"WDR3",15.8602898343801,15.3438580043269,15.875588824431,15.9459670568012,15.9380259111071,16.0742703526963
"TTF2",17.9833065018665,17.8059436519361,18.3577408597446,17.7455069223843,17.9015258844426,17.9366348912141
"NSFL1C",13.7859195314785,15.3114616062139,13.4407439642722,14.7265672403538,14.7296966784623,14.251306353211
"C19orf53",16.8235079347663,16.3787410563244,17.4085854939146,17.0218034996731,16.8231189071316,16.7469868670247
"MACF1",18.440378266145,18.130141273841,18.3214746718708,18.2090394948167,18.3318922646477,18.3202551787859
"CEP131",15.3800349173826,15.3467458185882,15.3460762252425,15.6785731818399,15.5105662040187,15.5628306056683
"SCAF8",16.1704980286005,15.8975577200482,16.2916700294799,16.6408509318075,16.4414015821086,16.5807997122182
"PPP6R1",15.3184180018628,15.3272142096009,15.0087816364684,15.1676400215393,14.8865992525473,15.0819581278278
"PHF8",17.8429320114785,17.9766051796767,17.8969368103155,17.9663134763376,17.9543575842614,17.8728854382683
"AGAP1",17.7091615766942,17.779642802261,17.7059754725738,17.6043831035749,17.7683893089894,17.6630393478642
"TNRC6B",17.3272741300424,17.1313255560677,17.2838994419357,17.1361043701441,17.0468492472193,17.1894003844851
"PLCL2",14.4199419066248,15.0697249877853,15.0827444959729,15.1608452724732,15.8296796319461,15.8988993281425
"EXOC7",14.3962510875752,15.0944458196216,14.0744249050772,14.7725070647704,14.8017461432918,14.7834061608691
"ZC3H4",18.1047118691642,17.8320508056905,18.1223205564738,18.4480962561852,18.3770194182644,18.5066322315442
"FOXJ3",12.7194144058764,13.0742246026847,11.9341678602537,13.6515001085378,16.6502159514041,13.7422397420395
"AGTPBP1",19.2204277853328,19.2241020358709,19.3288007790313,19.0656639661498,19.0446530848929,19.1716376349208
"DICER1",17.7966917626232,17.6006318463519,17.8593118352104,17.7161965056318,17.7532312460598,17.8104930615499
"SHOC2",15.7599218009942,16.2922213223181,15.692908532984,16.2685551581803,16.1388017524397,16.209339698654
"DNM3",15.7990137731165,15.1106140909473,14.969880092248,15.0975568119961,15.2790207022963,14.8675723847642
"SRRM2",21.6691828697181,21.7070338391883,21.6982191905345,21.3114176720681,21.2454568433979,21.2910159726323
"PA2G4",16.686708889869,17.7179859422927,15.6736816279652,16.619413870371,16.6722580620825,16.5553963346413
"SPG7",12.0150131548016,14.0849574154199,11.9754147275084,14.0519408957421,14.1126766783402,14.0069050217015
"SMC3",15.7794813482755,15.8928506182015,15.6326702305097,15.7918564387203,16.0677112260896,16.0929638859716
"ZNF148",16.6644877569985,16.6415907615225,16.5180556737367,16.6661452073069,16.914757379338,16.8325498650406
"MTMR6",14.6720876680592,13.3514802288042,13.264612077616,14.5098254680857,14.2413937700036,13.9168009307305
"NIP7",14.2656745227348,14.2386820104893,14.6447382182804,14.0357609255773,13.3948099285952,13.3013399993563
"RTRAF",17.6788058779162,17.7095846613805,17.5353810958508,17.858639011499,17.7662120290458,17.6411749221774
"TRAF3IP3",16.0255384289288,14.9548525637167,15.8125829563105,16.3370110104037,16.0671633257749,15.7066267051172
"RUVBL2",20.0119263392137,19.9977670387158,19.9194682164439,19.9932603106262,19.97944760887,19.9769926674977
"CDYL",15.1427873494261,15.4286981666075,15.2469098677493,15.3680613481662,15.4615653925158,15.3403475480735
"HIGD1A",16.5399082021981,16.382818871806,16.2493492272516,16.4616158126132,16.27597441973,16.297859513297
"HPSE",14.7834199226949,14.1112429552755,14.1954312674834,14.0519408957421,12.3127824676574,10.55576488565
"EIF3L",18.4562427431098,18.697547393732,18.3678995555158,17.894348849109,17.9658197880485,17.7910974996886
"PLAA",14.2609961784753,15.2420345246868,13.4639028778022,14.4195290161397,14.6212969762531,13.9167591395808
"RUVBL1",19.920757724918,19.9741686447301,19.8123818061309,19.8054110542922,19.790702781868,19.7700880638807
"NUDC",16.3499351387564,17.337383047346,16.0571930119566,16.6209661429093,16.6391894777937,16.5064616248344
"VDAC3",16.6419849678678,17.3330267322289,16.055434205409,16.5419106248311,16.7454207850422,16.399683808997
"FARSA",17.9887103126637,17.9728988116375,17.9244937596042,18.1844962990528,18.1278726408277,18.1246522464438
"ASF1A",18.1500867490391,18.1322381371093,18.0372107134746,17.981205470232,17.8912701262789,17.8970894238307
"DRG1",18.9566421114809,19.1752556838663,18.8931495236095,18.8577301680595,19.1908825210061,19.116236323724
"NCKAP1",14.1323575416518,13.8168644600409,13.9620112160126,14.774093130998,14.8354303878324,14.4278199770224
"CNPY2",15.353419442079,15.1649404057743,15.3784402629766,15.191779302453,15.9198530737871,14.7598726085676
"EXOG",16.3219245726784,16.1639854298742,16.2960909798545,16.7344433632845,16.74228416975,16.6874630331781
"ICE1",15.9654664058933,16.016225034139,15.6167452482852,15.9387162499784,15.4997777609765,15.6510778779198
"WDR37",15.117297035454,15.3923625062944,15.122283120899,15.3007291664089,14.8535298907491,15.1930256514893
"SIK3",14.8232076450231,14.4113903611647,13.6082336804719,14.1512849573415,14.3109235098185,13.7248852438629
"DIS3",13.9020469092602,14.5681581383613,13.3028997675688,13.9490447047474,14.1585158090064,13.724021466475
"LRCH1",14.8395947767353,14.74772678172,14.7179560573433,13.9438023127792,14.07120147061,14.2473901103084
"RCL1",15.9828011743119,16.0467708228198,15.8340091961266,15.7518603984731,15.7213440863431,15.7313641940986
"MRPS28",15.8115526610841,16.2428493926543,15.5389267056603,15.6859751784947,16.0152020300557,15.5512550655009
"PTPN22",15.456746706792,14.9067356572454,15.2182801786584,14.6111980410279,14.7841897107887,14.7902884171502
"DDX52",19.1211176222461,18.9769494133915,19.0801651055277,19.09681165002,19.0411964188073,19.1004855122105
"MRPS17",15.1493719112707,15.5759096816577,15.0274614339467,15.0502947291626,15.1843994399881,14.9804966361835
"MRPS7",17.0836401256806,17.2240291918961,16.8499943742918,17.1529054091875,16.8182685384553,16.9024648561453
"AP3M1",18.0782331747955,18.2578087883302,17.8685734248683,17.9555479196041,17.9738559706434,17.9833357309209
"LEMD3",14.9535763146073,15.2666899284172,15.1014024665071,15.1597473892583,14.9152686991236,14.8707254445766
"CARHSP1",13.4690065558328,14.9290693662095,12.8889021572662,14.4434710661226,13.7447871761536,13.7772519242381
"THRAP3",19.9595676878033,19.7021030006895,19.9553778243712,19.9209771065447,19.7888984098458,19.7600193966451
"WBP11",17.1770672501786,17.0142480535517,17.1036345053886,16.6503518468895,16.7978670496663,16.8601867587489
"MED16",18.9176448551795,18.9573092485429,19.0290497602718,18.7683991955749,18.7633417381986,18.8583206657077
"NOP58",20.4198659750791,20.3562880749583,20.3009648079997,20.2895231774657,20.2003591310576,20.1414286396395
"GIT1",15.8995227808309,16.1760182490249,15.6783108448993,15.9857034319868,16.0094963508241,15.8428348437481
"ZNF281",16.6738333155788,16.6156282002491,16.7005851236792,16.8117558644777,16.650696553164,16.8993924469628
"KLF13",16.5301218425585,16.4804085595502,16.5507032033123,16.858593000184,16.7802612641562,16.9203064444421
"SUGT1",15.4259270750064,16.3847798047972,14.8465904212387,15.4304881612259,15.6103051151902,15.6473785993182
"MTO1",16.6765703345548,16.5610222937933,17.0368423141622,16.9841694282163,15.8468272562631,16.9993041968099
"YARS2",13.8765132055291,15.0502902646469,16.6681941552267,10.6142582182131,14.2578110713399,12.9363900895419
"ACOT9",15.3085909535552,15.3050519624398,15.3283719968784,14.8721446886117,15.0912270995482,14.8800513890702
"AAR2",15.9146393333688,16.1840456554343,15.6957081492491,16.1924401976616,15.9763080267916,15.9381674611726
"NOSIP",15.9492728070221,16.0331734680539,15.8395422245778,16.0484765714237,16.2250221918062,16.0384815803426
"DERA",13.960938800188,14.7376523310521,13.5758042917017,12.9077069680467,12.5571977981704,14.1474715889626
"TMX2",15.0562077211445,15.7512377990807,14.8429467265967,15.2725220088905,14.949840386393,15.0142737743031
"FCF1",16.9713925543259,16.7672028146171,16.6839660764928,16.9193689488671,16.7824253823328,16.6728108544659
"LSM2",16.4079940747501,16.9231126113049,16.4308734396674,16.1278575308214,16.552364912052,16.4198270580787
"LUC7L2",21.2484450340793,21.1153037426432,21.1720519207087,21.3365821776291,21.4060918336076,21.3462318210395
"RBMX2",18.7230701095159,18.561478891501,18.4531960276661,18.8470760698723,18.6346053564768,18.5020022381177
"UTP11",13.9125159868421,12.280868009602,13.4858843267498,14.2493821548315,13.1458094223886,14.178058928707
"MOB4",14.2843580665995,14.5895711571088,13.9003680601253,12.3167594256143,12.2618578365415,13.6835575329616
"RRP7A",15.7742108598295,15.9525293221396,16.0743777382488,15.9421415043289,15.9398839597175,15.9622678291495
"EXOSC1",15.3001791490604,15.3005618775046,15.5769749639134,15.0364013772279,15.5741706048632,14.895038242393
"SF3B6",19.3817638773628,19.5231457398827,19.4098789897081,19.6610886245434,19.5706393640138,19.4449835145826
"MRPL11",19.7383883583858,19.5163502409347,19.7507655317244,20.652945603912,20.5306687520128,20.4337356936852
"REXO2",14.3403459831881,15.2844620800191,14.1419734741549,14.3235439520444,14.6201082850123,14.5525612155269
"RRP15",18.1579960099943,17.9554509193908,18.2505417707361,18.0360868764944,18.119723246207,18.0721484662708
"NOP16",16.9880873303271,16.8896050844623,17.0998248762706,17.0930791351274,16.9167813646007,16.8410110693284
"PPIL1",17.0232334737412,17.0453728534637,17.0930435335325,16.9263390859409,16.8055577303192,16.8528262203497
"MED31",17.9268848538197,17.9734863899099,17.7830428574713,18.0069559036874,17.9813834884536,17.95477201916
"PAM16",15.4852230280764,15.1647814472791,15.4324403431402,16.4182576557174,16.0832281219513,15.5211276220034
"MRPS23",16.1439144801322,16.6679494880844,16.2261063930297,16.249293296794,15.9503589391458,16.2779179327977
"PTRH2",16.4100908977247,16.4083453327239,16.3763116168108,15.867144784122,16.4010470751488,15.8428425270733
"STRAP",17.9341792150944,18.0771100754876,17.9626688158351,18.0726539205937,18.0645271673513,18.1347254133888
"RTCB",18.9205866323511,18.8925495757083,18.7099749874762,18.8410489196932,18.8314848973529,18.9193874556665
"R3HCC1",14.0770833223814,13.9303322795198,14.0573857921851,14.2814729562806,14.5470804504424,14.5563952857357
"NOC2L",15.958016362734,15.9526162251836,15.8336125648806,15.5058750239116,15.4146093668135,15.4852597329091
"RPL36",21.4313619126566,21.2476052652448,21.3735441067207,21.2643052563422,21.0355547794382,21.1336953716187
"CCDC9",17.7976481651593,17.602994201662,17.7528688456465,17.3648269147859,17.2390831756669,17.1350648385917
"CHTOP",18.8248610630297,18.7309393122553,19.1174015042057,19.4988879575653,19.245614445063,19.4680050759449
"FAM32A",18.7948073808417,19.0730119809612,19.0151052012265,19.364108871598,19.4931003958406,19.3848584389209
"KNSTRN",13.880929117875,12.784877932277,13.50592987189,14.4618256269794,13.3641096156033,14.1031163142409
"HBS1L",19.1884531423905,19.10290402918,18.9978567983467,19.1058904563601,19.0473314742208,19.0936911903684
"MTF2",15.2255581246911,14.8768265076493,15.3009425031087,15.5028259005386,15.5316384785997,15.542777186768
"TLN1",17.317973230979,18.0969052573841,16.8145379066886,17.2785875719452,17.4930366194162,17.1338919491946
"JRKL",16.3837744817679,16.6349854928726,16.3200931806832,16.5450348034967,16.3427887010363,16.1732912340338
"TRRAP",17.2347781455774,16.9587430081309,17.0860464270751,16.8433586153676,17.1612358288823,17.1223019500426
"RBM19",15.3600904994694,15.3093029699053,15.6856714561115,16.0825418111846,16.0056684047725,16.0535207876913
"HECTD4",15.3579818213719,15.2377453439032,15.6630271134159,14.7506295954636,15.0290428454844,14.0585984135528
"ZNF451",15.1264579402981,14.3946941262401,15.1868439162637,15.4006326524335,15.4968532781855,15.1570389717458
"MARF1",14.4108815253142,14.1118716678315,14.3806449753382,14.9876438687936,15.2843962878393,15.481792810891
"RIPOR2",16.0407203758816,16.1291739251095,16.0037557211014,16.1038459250577,16.0429941644746,16.0199327285046
"MYO5A",19.5551594109402,19.4353081989871,19.5288718500506,19.4269143732781,19.4931732015311,19.3974611438725
"MAP4K5",15.3430298731989,15.5834966952896,15.2123409664056,15.2492135828845,15.699854285468,15.3303343059871
"HYOU1",16.9575759376641,18.1123244498707,15.847264640288,16.9944483536997,17.1547683771364,16.8372797818614
"ATG4B",15.4452882036937,16.2165311049359,15.2621961711663,15.365053663007,16.2471349851242,15.7994331592858
"TBL2",19.087696168442,18.9394171694517,19.1021399072293,19.2602417792382,19.2088766083324,19.1976080067796
"TELO2",15.0439656275616,15.6459344893008,15.6466172087674,15.2408244929014,15.6411169788265,15.2247717027005
"LAS1L",16.2030962894733,16.1042247230838,16.3681556690881,16.0977237414094,15.8269946180216,15.903410619863
"AFG3L2",16.287521390152,16.682862670657,16.1342789065434,16.5231036903934,16.5527493884149,16.5554555033161
"LSM5",15.4554905289694,15.8140124547291,15.9631708664058,15.8920454052423,16.0405587883576,15.7501542519586
"LSM4",18.4255710412674,18.5130794803719,18.5945944351586,18.6431452337185,18.3687350190337,18.4495936141129
"SAMM50",15.0886533523482,16.2182762048619,15.4001843316172,15.0211909229899,15.1151989364124,14.9538028605632
"PRRC2C",17.7253821025286,17.5244257095615,17.6798752195782,18.1249986925466,18.1779175003004,18.2523769754693
"POLR3H",14.5370879355912,14.5781759468042,14.8669766341527,15.233936055405,15.1520510826858,15.436835534678
"PPME1",14.9010212461793,15.5372928209554,13.8120730915067,15.2288637740115,14.9968485901079,14.8542636605954
"ASB3",14.7547246366622,14.422246143178,14.6859936783959,13.7720174875594,15.3036657859693,13.1394637392684
"RBM7",14.695816822339,13.1319461619228,14.3556285269862,15.4149390062682,13.5109485719137,13.8878343348945
"AP4S1",12.658310865483,13.4404120255311,12.9359487034913,13.0010888308157,13.3202655019669,12.899122805886
"NUB1",14.9475574962276,14.981661862018,14.7406950813479,15.0974261570962,14.8071145367205,15.1915163477704
"YTHDF2",17.4564858111751,17.385107767074,17.3096689880903,17.9384865297998,17.8013650718308,17.7322285173312
"PAXBP1",17.2896867987328,17.2388320990599,17.266876468469,17.1016814038447,16.987711453534,17.0677754983022
"SUPT16H",17.6955913940243,18.2944433714256,17.3635328364588,17.4969720211194,17.5005597255598,17.6959766911799
"UTP18",16.1515551095309,16.2635216719225,16.136082434998,16.3286571178994,16.2315568353134,16.339898530222
"TIMM8B",15.8678505057268,16.6912730292398,16.2849360384643,16.8804404565612,16.8216759640521,17.1015761546789
"UCHL5",17.5653181837238,17.7903411142238,17.6955048748902,17.4433579228894,17.5371295036109,17.6095841360955
"CD2AP",17.0918624041611,17.5517908585934,17.164784785683,17.2234104823738,17.4568573133185,17.0144918373344
"TIMM13",15.4123136080802,15.6323639367578,15.5702911985026,15.7219812396344,16.210856044104,16.2542089257959
"SRPRB",16.8822405066993,17.3476737006065,17.0903789710004,16.9643402472637,17.051736491293,17.2087563719303
"GTF3C5",18.7978318480352,18.6796716603593,18.7640855768379,19.0145434331346,18.8954991933572,18.8282909724518
"GTF3C3",18.616590912199,18.650944233649,18.7287843322385,18.7525182448712,18.8232605591741,18.7988558898001
"RBM8A",20.2000593760246,20.2503873667375,20.0939146173921,19.5178663874966,19.6494899487507,19.5917412864533
"USP16",17.1246943452971,16.7902786157913,17.0530578658553,17.2048220466805,17.0267768298926,16.9248143589223
"TSSC4",15.157119522425,15.5428288967773,15.3613923116369,15.2120637930144,14.5737378855731,15.5160960261327
"MAGED1",14.8266473911323,14.8024246791804,14.6450490757767,14.8290934004849,14.524177138723,14.562216124853
"SNX8",13.7661837219804,13.8287209231341,13.6702265850787,13.8505176778304,12.7888289364297,13.7926506128644
"SNX5",15.3503905410548,16.3234474780766,14.7199405291772,15.9075564438742,15.5083942038445,15.6034397955166
"HCFC2",14.2937705029106,14.1929054444351,13.9600241118853,13.1370500216272,14.9249127800423,12.443594210159
"PUS1",17.2081428912577,17.3131733860985,17.2807996723053,17.9301767939473,18.0361962618291,18.2399667259932
"LRRFIP2",19.0129534677817,19.1435947176213,19.3049720097791,19.0382208078001,19.0128610152405,18.9189396467165
"FHOD1",17.7032848166223,17.8770033185091,17.7521887971742,17.7611187642542,17.9853498281815,17.9406204354771
"PSAT1",13.7410072226441,15.1671614565728,13.8365180726084,14.1797329398778,13.875712016692,14.3745277297711
"NCOR2",15.2779540638501,15.0474426197872,15.1272812178026,15.1042397549755,14.8745939266435,15.2306023214633
"MRPS18B",16.0477133381778,16.3247053201074,16.1105228675674,16.1426523536063,15.5887686185344,16.1320502231523
"COPG1",16.1858524177179,16.5896023458977,15.9737239996017,16.0707257849959,16.2574900520708,16.1258844167486
"AUP1",14.5423601749715,14.5463491873778,14.1861438825955,14.0953706478706,14.2185997117578,13.4351549392848
"NFS1",13.9558989615899,13.9655245761803,14.4349212453083,14.3967200289689,13.7370859076615,14.1299615358881
"CFAP20",17.9008980506297,17.6477185367062,17.8365322539801,18.2237241119059,17.8678459821964,17.8474569175732
"TACC3",15.5396269384114,15.7497099743927,15.2653297168296,15.8078723417641,15.5798200266306,15.3965115866621
"EMILIN1",15.8734453141199,15.8881595327204,15.5049548854879,15.368908139406,15.6072464431025,15.1874390684292
"MTCH2",15.2128393492749,15.4168311672317,15.2599260160415,15.2061662816762,14.8884336183405,15.1615884804029
"MAD1L1",14.5413146975623,14.6254921371904,14.8223066744797,15.0412868379769,14.2382756015909,14.3989522665183
"STK24",12.4791829340191,12.0424808704934,12.2810464277661,13.8895074807844,13.6153762670487,14.2730616832768
"BZW2",16.0531442241405,16.9869382140376,15.6042492767198,16.2048640855224,16.4456245182974,16.1832368175831
"DYNC1LI1",14.8188455191821,15.2687504289457,14.2883003022376,14.617740298033,14.8362305820278,14.4373405022853
"EPN1",14.8455166134437,15.8180942317892,13.8587590710545,13.4343792005255,14.9737834519542,16.6321769041988
"CABIN1",17.3441283062629,17.0571768258772,17.2261509026867,16.6875588520846,16.8822713790467,16.8588774213022
"TAF6L",16.508291379061,16.529658001053,16.295313895816,16.1773268748721,16.3410559190773,16.0223023527239
"OAS3",15.0253567462992,14.9295262533993,14.2401468937612,15.0527353027163,15.4206316777033,15.1320944167704
"IKBKG",14.5568630320227,15.0575031571709,14.521066138794,14.828729400864,14.4489988728534,14.6560241334948
"IGF2BP2",19.202289818359,19.1870892432505,19.2460827384024,19.7299127790232,19.7800774455868,19.8188439592424
"CSNK1G3",15.8165621341958,15.8532635687663,15.8138764911011,16.0157689309988,15.7704611674272,15.8987301633494
"NDUFB9",19.1604367491819,19.8283529924777,19.1682389841296,19.550217324357,19.6213271718412,19.6745226363967
"MAP3K4",15.7823879844567,15.8956821552398,15.5695151526409,15.6548680593554,15.5017782632874,16.0126151553812
"CCDC61",13.3227812023562,13.8716466418075,13.6812232554927,14.4346660144939,14.6788292004653,14.482209682093
"DDX49",18.3364246178722,18.207357703206,18.2536592525514,18.3594332241572,18.48899493307,18.5015540593135
"CAPN7",13.5908170722014,14.5580669321683,13.1501275864989,13.0655046594444,14.4507723112409,12.6037153517032
"WASF2",15.1935938899681,15.5109056864926,15.1861623027765,15.3574216599751,15.5046742640615,15.2710642911529
